solid ASCII
  facet normal 3.230745e-01 -9.463735e-01 0.000000e+00
    outer loop
      vertex   3.310195e+01 -2.011171e+01 -1.560000e+00
      vertex   3.310195e+01 -2.011171e+01 3.300000e+00
      vertex   3.288439e+01 -2.018598e+01 -1.560000e+00
    endloop
  endfacet
  facet normal 3.230745e-01 -9.463735e-01 0.000000e+00
    outer loop
      vertex   3.288439e+01 -2.018598e+01 -1.560000e+00
      vertex   3.310195e+01 -2.011171e+01 3.300000e+00
      vertex   3.288439e+01 -2.018598e+01 3.300000e+00
    endloop
  endfacet
  facet normal 4.086396e-01 -9.126958e-01 0.000000e+00
    outer loop
      vertex   3.288439e+01 -2.018598e+01 -1.560000e+00
      vertex   3.288439e+01 -2.018598e+01 3.300000e+00
      vertex   3.267457e+01 -2.027992e+01 -1.560000e+00
    endloop
  endfacet
  facet normal 4.086396e-01 -9.126958e-01 0.000000e+00
    outer loop
      vertex   3.267457e+01 -2.027992e+01 -1.560000e+00
      vertex   3.288439e+01 -2.018598e+01 3.300000e+00
      vertex   3.267457e+01 -2.027992e+01 3.300000e+00
    endloop
  endfacet
  facet normal 4.907495e-01 -8.713007e-01 0.000000e+00
    outer loop
      vertex   3.267457e+01 -2.027992e+01 -1.560000e+00
      vertex   3.267457e+01 -2.027992e+01 3.300000e+00
      vertex   3.247427e+01 -2.039274e+01 -1.560000e+00
    endloop
  endfacet
  facet normal 4.907495e-01 -8.713007e-01 0.000000e+00
    outer loop
      vertex   3.247427e+01 -2.039274e+01 -1.560000e+00
      vertex   3.267457e+01 -2.027992e+01 3.300000e+00
      vertex   3.247427e+01 -2.039274e+01 3.300000e+00
    endloop
  endfacet
  facet normal 5.687097e-01 -8.225383e-01 0.000000e+00
    outer loop
      vertex   3.247427e+01 -2.039274e+01 -1.560000e+00
      vertex   3.247427e+01 -2.039274e+01 3.300000e+00
      vertex   3.228518e+01 -2.052347e+01 -1.560000e+00
    endloop
  endfacet
  facet normal 5.687097e-01 -8.225383e-01 0.000000e+00
    outer loop
      vertex   3.228518e+01 -2.052347e+01 -1.560000e+00
      vertex   3.247427e+01 -2.039274e+01 3.300000e+00
      vertex   3.228518e+01 -2.052347e+01 3.300000e+00
    endloop
  endfacet
  facet normal 6.418613e-01 -7.668208e-01 0.000000e+00
    outer loop
      vertex   3.228518e+01 -2.052347e+01 -1.560000e+00
      vertex   3.228518e+01 -2.052347e+01 3.300000e+00
      vertex   3.210890e+01 -2.067103e+01 -1.560000e+00
    endloop
  endfacet
  facet normal 6.418613e-01 -7.668208e-01 0.000000e+00
    outer loop
      vertex   3.210890e+01 -2.067103e+01 -1.560000e+00
      vertex   3.228518e+01 -2.052347e+01 3.300000e+00
      vertex   3.210890e+01 -2.067103e+01 3.300000e+00
    endloop
  endfacet
  facet normal 7.095854e-01 -7.046194e-01 0.000000e+00
    outer loop
      vertex   3.210890e+01 -2.067103e+01 -1.560000e+00
      vertex   3.210890e+01 -2.067103e+01 3.300000e+00
      vertex   3.194692e+01 -2.083415e+01 -1.560000e+00
    endloop
  endfacet
  facet normal 7.095854e-01 -7.046194e-01 0.000000e+00
    outer loop
      vertex   3.194692e+01 -2.083415e+01 -1.560000e+00
      vertex   3.210890e+01 -2.067103e+01 3.300000e+00
      vertex   3.194692e+01 -2.083415e+01 3.300000e+00
    endloop
  endfacet
  facet normal 7.713097e-01 -6.364600e-01 0.000000e+00
    outer loop
      vertex   3.194692e+01 -2.083415e+01 -1.560000e+00
      vertex   3.194692e+01 -2.083415e+01 3.300000e+00
      vertex   3.180061e+01 -2.101146e+01 -1.560000e+00
    endloop
  endfacet
  facet normal 7.713097e-01 -6.364600e-01 0.000000e+00
    outer loop
      vertex   3.180061e+01 -2.101146e+01 -1.560000e+00
      vertex   3.194692e+01 -2.083415e+01 3.300000e+00
      vertex   3.180061e+01 -2.101146e+01 3.300000e+00
    endloop
  endfacet
  facet normal 8.265121e-01 -5.629190e-01 0.000000e+00
    outer loop
      vertex   3.180061e+01 -2.101146e+01 -1.560000e+00
      vertex   3.180061e+01 -2.101146e+01 3.300000e+00
      vertex   3.167120e+01 -2.120147e+01 -1.560000e+00
    endloop
  endfacet
  facet normal 8.265121e-01 -5.629190e-01 0.000000e+00
    outer loop
      vertex   3.167120e+01 -2.120147e+01 -1.560000e+00
      vertex   3.180061e+01 -2.101146e+01 3.300000e+00
      vertex   3.167120e+01 -2.120147e+01 3.300000e+00
    endloop
  endfacet
  facet normal 8.747258e-01 -4.846182e-01 0.000000e+00
    outer loop
      vertex   3.167120e+01 -2.120147e+01 -1.560000e+00
      vertex   3.167120e+01 -2.120147e+01 3.300000e+00
      vertex   3.155979e+01 -2.140255e+01 -1.560000e+00
    endloop
  endfacet
  facet normal 8.747258e-01 -4.846182e-01 0.000000e+00
    outer loop
      vertex   3.155979e+01 -2.140255e+01 -1.560000e+00
      vertex   3.167120e+01 -2.120147e+01 3.300000e+00
      vertex   3.155979e+01 -2.140255e+01 3.300000e+00
    endloop
  endfacet
  facet normal 9.155432e-01 -4.022197e-01 0.000000e+00
    outer loop
      vertex   3.155979e+01 -2.140255e+01 -1.560000e+00
      vertex   3.155979e+01 -2.140255e+01 3.300000e+00
      vertex   3.146733e+01 -2.161303e+01 -1.560000e+00
    endloop
  endfacet
  facet normal 9.155432e-01 -4.022197e-01 0.000000e+00
    outer loop
      vertex   3.146733e+01 -2.161303e+01 -1.560000e+00
      vertex   3.155979e+01 -2.140255e+01 3.300000e+00
      vertex   3.146733e+01 -2.161303e+01 3.300000e+00
    endloop
  endfacet
  facet normal 9.486192e-01 -3.164201e-01 0.000000e+00
    outer loop
      vertex   3.146733e+01 -2.161303e+01 -1.560000e+00
      vertex   3.146733e+01 -2.161303e+01 3.300000e+00
      vertex   3.139459e+01 -2.183110e+01 -1.560000e+00
    endloop
  endfacet
  facet normal 9.486192e-01 -3.164201e-01 0.000000e+00
    outer loop
      vertex   3.139459e+01 -2.183110e+01 -1.560000e+00
      vertex   3.146733e+01 -2.161303e+01 3.300000e+00
      vertex   3.139459e+01 -2.183110e+01 3.300000e+00
    endloop
  endfacet
  facet normal 9.736740e-01 -2.279451e-01 0.000000e+00
    outer loop
      vertex   3.139459e+01 -2.183110e+01 -1.560000e+00
      vertex   3.139459e+01 -2.183110e+01 3.300000e+00
      vertex   3.134219e+01 -2.205493e+01 -1.560000e+00
    endloop
  endfacet
  facet normal 9.736740e-01 -2.279451e-01 0.000000e+00
    outer loop
      vertex   3.134219e+01 -2.205493e+01 -1.560000e+00
      vertex   3.139459e+01 -2.183110e+01 3.300000e+00
      vertex   3.134219e+01 -2.205493e+01 3.300000e+00
    endloop
  endfacet
  facet normal 9.904959e-01 -1.375426e-01 0.000000e+00
    outer loop
      vertex   3.134219e+01 -2.205493e+01 -1.560000e+00
      vertex   3.134219e+01 -2.205493e+01 3.300000e+00
      vertex   3.131057e+01 -2.228263e+01 -1.560000e+00
    endloop
  endfacet
  facet normal 9.904959e-01 -1.375426e-01 0.000000e+00
    outer loop
      vertex   3.131057e+01 -2.228263e+01 -1.560000e+00
      vertex   3.134219e+01 -2.205493e+01 3.300000e+00
      vertex   3.131057e+01 -2.228263e+01 3.300000e+00
    endloop
  endfacet
  facet normal 9.989425e-01 -4.597712e-02 0.000000e+00
    outer loop
      vertex   3.131057e+01 -2.228263e+01 -1.560000e+00
      vertex   3.131057e+01 -2.228263e+01 3.300000e+00
      vertex   3.130000e+01 -2.251228e+01 -1.560000e+00
    endloop
  endfacet
  facet normal 9.989425e-01 -4.597712e-02 0.000000e+00
    outer loop
      vertex   3.130000e+01 -2.251228e+01 -1.560000e+00
      vertex   3.131057e+01 -2.228263e+01 3.300000e+00
      vertex   3.130000e+01 -2.251228e+01 3.300000e+00
    endloop
  endfacet
  facet normal 3.778526e-01 9.258658e-01 -3.880358e-14
    outer loop
      vertex   3.295769e+01 -1.292599e+01 3.300000e+00
      vertex   3.295769e+01 -1.292599e+01 -1.560000e+00
      vertex   3.275486e+01 -1.284321e+01 3.300000e+00
    endloop
  endfacet
  facet normal 3.778526e-01 9.258658e-01 1.452447e-15
    outer loop
      vertex   3.275486e+01 -1.284321e+01 3.300000e+00
      vertex   3.295769e+01 -1.292599e+01 -1.560000e+00
      vertex   3.275486e+01 -1.284321e+01 -1.560000e+00
    endloop
  endfacet
  facet normal 4.574533e-01 8.892336e-01 -2.475602e-15
    outer loop
      vertex   3.275486e+01 -1.284321e+01 3.300000e+00
      vertex   3.275486e+01 -1.284321e+01 -1.560000e+00
      vertex   3.256006e+01 -1.274300e+01 3.300000e+00
    endloop
  endfacet
  facet normal 4.574533e-01 8.892336e-01 1.824725e-15
    outer loop
      vertex   3.256006e+01 -1.274300e+01 3.300000e+00
      vertex   3.275486e+01 -1.284321e+01 -1.560000e+00
      vertex   3.256006e+01 -1.274300e+01 -1.560000e+00
    endloop
  endfacet
  facet normal 5.335417e-01 8.457738e-01 -1.718768e-15
    outer loop
      vertex   3.256006e+01 -1.274300e+01 3.300000e+00
      vertex   3.256006e+01 -1.274300e+01 -1.560000e+00
      vertex   3.237479e+01 -1.262612e+01 3.300000e+00
    endloop
  endfacet
  facet normal 5.335417e-01 8.457738e-01 2.328835e-15
    outer loop
      vertex   3.237479e+01 -1.262612e+01 3.300000e+00
      vertex   3.256006e+01 -1.274300e+01 -1.560000e+00
      vertex   3.237479e+01 -1.262612e+01 -1.560000e+00
    endloop
  endfacet
  facet normal 6.055334e-01 7.958199e-01 -8.352222e-16
    outer loop
      vertex   3.237479e+01 -1.262612e+01 3.300000e+00
      vertex   3.237479e+01 -1.262612e+01 -1.560000e+00
      vertex   3.220045e+01 -1.249347e+01 3.300000e+00
    endloop
  endfacet
  facet normal 6.055334e-01 7.958199e-01 1.820687e-15
    outer loop
      vertex   3.220045e+01 -1.249347e+01 3.300000e+00
      vertex   3.237479e+01 -1.262612e+01 -1.560000e+00
      vertex   3.220045e+01 -1.249347e+01 -1.560000e+00
    endloop
  endfacet
  facet normal 6.728757e-01 7.397556e-01 -1.041589e-15
    outer loop
      vertex   3.220045e+01 -1.249347e+01 3.300000e+00
      vertex   3.220045e+01 -1.249347e+01 -1.560000e+00
      vertex   3.203840e+01 -1.234607e+01 3.300000e+00
    endloop
  endfacet
  facet normal 6.728757e-01 7.397556e-01 1.196314e-15
    outer loop
      vertex   3.203840e+01 -1.234607e+01 3.300000e+00
      vertex   3.220045e+01 -1.249347e+01 -1.560000e+00
      vertex   3.203840e+01 -1.234607e+01 -1.560000e+00
    endloop
  endfacet
  facet normal 7.350515e-01 6.780113e-01 -1.498729e-15
    outer loop
      vertex   3.203840e+01 -1.234607e+01 3.300000e+00
      vertex   3.203840e+01 -1.234607e+01 -1.560000e+00
      vertex   3.188987e+01 -1.218505e+01 3.300000e+00
    endloop
  endfacet
  facet normal 7.350515e-01 6.780113e-01 6.922915e-16
    outer loop
      vertex   3.188987e+01 -1.218505e+01 3.300000e+00
      vertex   3.203840e+01 -1.234607e+01 -1.560000e+00
      vertex   3.188987e+01 -1.218505e+01 -1.560000e+00
    endloop
  endfacet
  facet normal 7.915835e-01 6.110610e-01 -1.735674e-15
    outer loop
      vertex   3.188987e+01 -1.218505e+01 3.300000e+00
      vertex   3.188987e+01 -1.218505e+01 -1.560000e+00
      vertex   3.175601e+01 -1.201164e+01 3.300000e+00
    endloop
  endfacet
  facet normal 7.915835e-01 6.110610e-01 3.961862e-16
    outer loop
      vertex   3.175601e+01 -1.201164e+01 3.300000e+00
      vertex   3.188987e+01 -1.218505e+01 -1.560000e+00
      vertex   3.175601e+01 -1.201164e+01 -1.560000e+00
    endloop
  endfacet
  facet normal 8.420375e-01 5.394190e-01 -1.640045e-15
    outer loop
      vertex   3.175601e+01 -1.201164e+01 3.300000e+00
      vertex   3.175601e+01 -1.201164e+01 -1.560000e+00
      vertex   3.163784e+01 -1.182718e+01 3.300000e+00
    endloop
  endfacet
  facet normal 8.420375e-01 5.394190e-01 8.461671e-16
    outer loop
      vertex   3.163784e+01 -1.182718e+01 3.300000e+00
      vertex   3.175601e+01 -1.201164e+01 -1.560000e+00
      vertex   3.163784e+01 -1.182718e+01 -1.560000e+00
    endloop
  endfacet
  facet normal 8.860262e-01 4.636351e-01 -9.335917e-16
    outer loop
      vertex   3.163784e+01 -1.182718e+01 3.300000e+00
      vertex   3.163784e+01 -1.182718e+01 -1.560000e+00
      vertex   3.153628e+01 -1.163309e+01 3.300000e+00
    endloop
  endfacet
  facet normal 8.860262e-01 4.636351e-01 6.404208e-16
    outer loop
      vertex   3.153628e+01 -1.163309e+01 3.300000e+00
      vertex   3.163784e+01 -1.182718e+01 -1.560000e+00
      vertex   3.153628e+01 -1.163309e+01 -1.560000e+00
    endloop
  endfacet
  facet normal 9.232118e-01 3.842914e-01 -8.494339e-16
    outer loop
      vertex   3.153628e+01 -1.163309e+01 3.300000e+00
      vertex   3.153628e+01 -1.163309e+01 -1.560000e+00
      vertex   3.145209e+01 -1.143084e+01 3.300000e+00
    endloop
  endfacet
  facet normal 9.232118e-01 3.842914e-01 1.919758e-16
    outer loop
      vertex   3.145209e+01 -1.143084e+01 3.300000e+00
      vertex   3.153628e+01 -1.163309e+01 -1.560000e+00
      vertex   3.145209e+01 -1.143084e+01 -1.560000e+00
    endloop
  endfacet
  facet normal 9.533089e-01 3.019970e-01 -1.014800e-15
    outer loop
      vertex   3.145209e+01 -1.143084e+01 3.300000e+00
      vertex   3.145209e+01 -1.143084e+01 -1.560000e+00
      vertex   3.138594e+01 -1.122201e+01 3.300000e+00
    endloop
  endfacet
  facet normal 9.533089e-01 3.019970e-01 8.896648e-16
    outer loop
      vertex   3.138594e+01 -1.122201e+01 3.300000e+00
      vertex   3.145209e+01 -1.143084e+01 -1.560000e+00
      vertex   3.138594e+01 -1.122201e+01 -1.560000e+00
    endloop
  endfacet
  facet normal 9.760862e-01 2.173839e-01 4.695656e-18
    outer loop
      vertex   3.138594e+01 -1.122201e+01 3.300000e+00
      vertex   3.138594e+01 -1.122201e+01 -1.560000e+00
      vertex   3.133832e+01 -1.100818e+01 3.300000e+00
    endloop
  endfacet
  facet normal 9.760862e-01 2.173839e-01 6.372052e-16
    outer loop
      vertex   3.133832e+01 -1.100818e+01 3.300000e+00
      vertex   3.138594e+01 -1.122201e+01 -1.560000e+00
      vertex   3.133832e+01 -1.100818e+01 -1.560000e+00
    endloop
  endfacet
  facet normal 9.913689e-01 1.311016e-01 8.991026e-17
    outer loop
      vertex   3.133832e+01 -1.100818e+01 3.300000e+00
      vertex   3.133832e+01 -1.100818e+01 -1.560000e+00
      vertex   3.130960e+01 -1.079101e+01 3.300000e+00
    endloop
  endfacet
  facet normal 9.913689e-01 1.311016e-01 -3.413549e-16
    outer loop
      vertex   3.130960e+01 -1.079101e+01 3.300000e+00
      vertex   3.133832e+01 -1.100818e+01 -1.560000e+00
      vertex   3.130960e+01 -1.079101e+01 -1.560000e+00
    endloop
  endfacet
  facet normal 9.990398e-01 4.381266e-02 -6.021989e-16
    outer loop
      vertex   3.130960e+01 -1.079101e+01 3.300000e+00
      vertex   3.130960e+01 -1.079101e+01 -1.560000e+00
      vertex   3.130000e+01 -1.057216e+01 3.300000e+00
    endloop
  endfacet
  facet normal 9.990398e-01 4.381266e-02 0.000000e+00
    outer loop
      vertex   3.130000e+01 -1.057216e+01 3.300000e+00
      vertex   3.130960e+01 -1.079101e+01 -1.560000e+00
      vertex   3.130000e+01 -1.057216e+01 -1.560000e+00
    endloop
  endfacet
  facet normal -3.657422e-01 -9.307162e-01 -0.000000e+00
    outer loop
      vertex   7.010392e+00 -2.008183e+01 3.300000e+00
      vertex   7.010392e+00 -2.008183e+01 -1.560000e+00
      vertex   7.216524e+00 -2.016284e+01 3.300000e+00
    endloop
  endfacet
  facet normal -3.657422e-01 -9.307162e-01 -0.000000e+00
    outer loop
      vertex   7.216524e+00 -2.016284e+01 3.300000e+00
      vertex   7.010392e+00 -2.008183e+01 -1.560000e+00
      vertex   7.216524e+00 -2.016284e+01 -1.560000e+00
    endloop
  endfacet
  facet normal -4.466789e-01 -8.946943e-01 -0.000000e+00
    outer loop
      vertex   7.216524e+00 -2.016284e+01 3.300000e+00
      vertex   7.216524e+00 -2.016284e+01 -1.560000e+00
      vertex   7.414678e+00 -2.026176e+01 3.300000e+00
    endloop
  endfacet
  facet normal -4.466789e-01 -8.946943e-01 -0.000000e+00
    outer loop
      vertex   7.414678e+00 -2.026176e+01 3.300000e+00
      vertex   7.216524e+00 -2.016284e+01 -1.560000e+00
      vertex   7.414678e+00 -2.026176e+01 -1.560000e+00
    endloop
  endfacet
  facet normal -5.241099e-01 -8.516507e-01 -0.000000e+00
    outer loop
      vertex   7.414678e+00 -2.026176e+01 3.300000e+00
      vertex   7.414678e+00 -2.026176e+01 -1.560000e+00
      vertex   7.603299e+00 -2.037784e+01 3.300000e+00
    endloop
  endfacet
  facet normal -5.241099e-01 -8.516507e-01 -0.000000e+00
    outer loop
      vertex   7.603299e+00 -2.037784e+01 3.300000e+00
      vertex   7.414678e+00 -2.026176e+01 -1.560000e+00
      vertex   7.603299e+00 -2.037784e+01 -1.560000e+00
    endloop
  endfacet
  facet normal -5.974275e-01 -8.019230e-01 -0.000000e+00
    outer loop
      vertex   7.603299e+00 -2.037784e+01 3.300000e+00
      vertex   7.603299e+00 -2.037784e+01 -1.560000e+00
      vertex   7.780906e+00 -2.051016e+01 3.300000e+00
    endloop
  endfacet
  facet normal -5.974275e-01 -8.019230e-01 -0.000000e+00
    outer loop
      vertex   7.780906e+00 -2.051016e+01 3.300000e+00
      vertex   7.603299e+00 -2.037784e+01 -1.560000e+00
      vertex   7.780906e+00 -2.051016e+01 -1.560000e+00
    endloop
  endfacet
  facet normal -6.660563e-01 -7.459015e-01 -0.000000e+00
    outer loop
      vertex   7.780906e+00 -2.051016e+01 3.300000e+00
      vertex   7.780906e+00 -2.051016e+01 -1.560000e+00
      vertex   7.946106e+00 -2.065768e+01 3.300000e+00
    endloop
  endfacet
  facet normal -6.660563e-01 -7.459015e-01 -0.000000e+00
    outer loop
      vertex   7.946106e+00 -2.065768e+01 3.300000e+00
      vertex   7.780906e+00 -2.051016e+01 -1.560000e+00
      vertex   7.946106e+00 -2.065768e+01 -1.560000e+00
    endloop
  endfacet
  facet normal -7.294577e-01 -6.840260e-01 -0.000000e+00
    outer loop
      vertex   7.946106e+00 -2.065768e+01 3.300000e+00
      vertex   7.946106e+00 -2.065768e+01 -1.560000e+00
      vertex   8.097602e+00 -2.081923e+01 3.300000e+00
    endloop
  endfacet
  facet normal -7.294577e-01 -6.840260e-01 -0.000000e+00
    outer loop
      vertex   8.097602e+00 -2.081923e+01 3.300000e+00
      vertex   7.946106e+00 -2.065768e+01 -1.560000e+00
      vertex   8.097602e+00 -2.081923e+01 -1.560000e+00
    endloop
  endfacet
  facet normal -7.871340e-01 -6.167820e-01 -0.000000e+00
    outer loop
      vertex   8.097602e+00 -2.081923e+01 3.300000e+00
      vertex   8.097602e+00 -2.081923e+01 -1.560000e+00
      vertex   8.234205e+00 -2.099357e+01 3.300000e+00
    endloop
  endfacet
  facet normal -7.871340e-01 -6.167820e-01 -0.000000e+00
    outer loop
      vertex   8.234205e+00 -2.099357e+01 3.300000e+00
      vertex   8.097602e+00 -2.081923e+01 -1.560000e+00
      vertex   8.234205e+00 -2.099357e+01 -1.560000e+00
    endloop
  endfacet
  facet normal -8.386327e-01 -5.446973e-01 -0.000000e+00
    outer loop
      vertex   8.234205e+00 -2.099357e+01 3.300000e+00
      vertex   8.234205e+00 -2.099357e+01 -1.560000e+00
      vertex   8.354843e+00 -2.117930e+01 3.300000e+00
    endloop
  endfacet
  facet normal -8.386327e-01 -5.446973e-01 -0.000000e+00
    outer loop
      vertex   8.354843e+00 -2.117930e+01 3.300000e+00
      vertex   8.234205e+00 -2.099357e+01 -1.560000e+00
      vertex   8.354843e+00 -2.117930e+01 -1.560000e+00
    endloop
  endfacet
  facet normal -8.835496e-01 -4.683377e-01 -0.000000e+00
    outer loop
      vertex   8.354843e+00 -2.117930e+01 3.300000e+00
      vertex   8.354843e+00 -2.117930e+01 -1.560000e+00
      vertex   8.458569e+00 -2.137499e+01 3.300000e+00
    endloop
  endfacet
  facet normal -8.835496e-01 -4.683377e-01 -0.000000e+00
    outer loop
      vertex   8.458569e+00 -2.137499e+01 3.300000e+00
      vertex   8.354843e+00 -2.117930e+01 -1.560000e+00
      vertex   8.458569e+00 -2.137499e+01 -1.560000e+00
    endloop
  endfacet
  facet normal -9.215320e-01 -3.883024e-01 -0.000000e+00
    outer loop
      vertex   8.458569e+00 -2.137499e+01 3.300000e+00
      vertex   8.458569e+00 -2.137499e+01 -1.560000e+00
      vertex   8.544569e+00 -2.157909e+01 3.300000e+00
    endloop
  endfacet
  facet normal -9.215320e-01 -3.883024e-01 -0.000000e+00
    outer loop
      vertex   8.544569e+00 -2.157909e+01 3.300000e+00
      vertex   8.458569e+00 -2.137499e+01 -1.560000e+00
      vertex   8.544569e+00 -2.157909e+01 -1.560000e+00
    endloop
  endfacet
  facet normal -9.522820e-01 -3.052196e-01 -0.000000e+00
    outer loop
      vertex   8.544569e+00 -2.157909e+01 3.300000e+00
      vertex   8.544569e+00 -2.157909e+01 -1.560000e+00
      vertex   8.612168e+00 -2.178999e+01 3.300000e+00
    endloop
  endfacet
  facet normal -9.522820e-01 -3.052196e-01 -0.000000e+00
    outer loop
      vertex   8.612168e+00 -2.178999e+01 3.300000e+00
      vertex   8.544569e+00 -2.157909e+01 -1.560000e+00
      vertex   8.612168e+00 -2.178999e+01 -1.560000e+00
    endloop
  endfacet
  facet normal -9.755582e-01 -2.197413e-01 -0.000000e+00
    outer loop
      vertex   8.612168e+00 -2.178999e+01 3.300000e+00
      vertex   8.612168e+00 -2.178999e+01 -1.560000e+00
      vertex   8.660835e+00 -2.200606e+01 3.300000e+00
    endloop
  endfacet
  facet normal -9.755582e-01 -2.197413e-01 -0.000000e+00
    outer loop
      vertex   8.660835e+00 -2.200606e+01 3.300000e+00
      vertex   8.612168e+00 -2.178999e+01 -1.560000e+00
      vertex   8.660835e+00 -2.200606e+01 -1.560000e+00
    endloop
  endfacet
  facet normal -9.911779e-01 -1.325384e-01 -0.000000e+00
    outer loop
      vertex   8.660835e+00 -2.200606e+01 3.300000e+00
      vertex   8.660835e+00 -2.200606e+01 -1.560000e+00
      vertex   8.690190e+00 -2.222558e+01 3.300000e+00
    endloop
  endfacet
  facet normal -9.911779e-01 -1.325384e-01 -0.000000e+00
    outer loop
      vertex   8.690190e+00 -2.222558e+01 3.300000e+00
      vertex   8.660835e+00 -2.200606e+01 -1.560000e+00
      vertex   8.690190e+00 -2.222558e+01 -1.560000e+00
    endloop
  endfacet
  facet normal -9.990185e-01 -4.429536e-02 -0.000000e+00
    outer loop
      vertex   8.690190e+00 -2.222558e+01 3.300000e+00
      vertex   8.690190e+00 -2.222558e+01 -1.560000e+00
      vertex   8.700000e+00 -2.244684e+01 3.300000e+00
    endloop
  endfacet
  facet normal -9.990185e-01 -4.429536e-02 -0.000000e+00
    outer loop
      vertex   8.700000e+00 -2.244684e+01 3.300000e+00
      vertex   8.690190e+00 -2.222558e+01 -1.560000e+00
      vertex   8.700000e+00 -2.244684e+01 -1.560000e+00
    endloop
  endfacet
  facet normal -3.657422e-01 9.307162e-01 0.000000e+00
    outer loop
      vertex   7.010392e+00 -1.291817e+01 -1.560000e+00
      vertex   7.010392e+00 -1.291817e+01 3.300000e+00
      vertex   7.216524e+00 -1.283716e+01 -1.560000e+00
    endloop
  endfacet
  facet normal -3.657422e-01 9.307162e-01 0.000000e+00
    outer loop
      vertex   7.216524e+00 -1.283716e+01 -1.560000e+00
      vertex   7.010392e+00 -1.291817e+01 3.300000e+00
      vertex   7.216524e+00 -1.283716e+01 3.300000e+00
    endloop
  endfacet
  facet normal -4.466789e-01 8.946943e-01 0.000000e+00
    outer loop
      vertex   7.216524e+00 -1.283716e+01 -1.560000e+00
      vertex   7.216524e+00 -1.283716e+01 3.300000e+00
      vertex   7.414678e+00 -1.273823e+01 -1.560000e+00
    endloop
  endfacet
  facet normal -4.466789e-01 8.946943e-01 0.000000e+00
    outer loop
      vertex   7.414678e+00 -1.273823e+01 -1.560000e+00
      vertex   7.216524e+00 -1.283716e+01 3.300000e+00
      vertex   7.414678e+00 -1.273823e+01 3.300000e+00
    endloop
  endfacet
  facet normal -5.241099e-01 8.516507e-01 0.000000e+00
    outer loop
      vertex   7.414678e+00 -1.273823e+01 -1.560000e+00
      vertex   7.414678e+00 -1.273823e+01 3.300000e+00
      vertex   7.603299e+00 -1.262216e+01 -1.560000e+00
    endloop
  endfacet
  facet normal -5.241099e-01 8.516507e-01 0.000000e+00
    outer loop
      vertex   7.603299e+00 -1.262216e+01 -1.560000e+00
      vertex   7.414678e+00 -1.273823e+01 3.300000e+00
      vertex   7.603299e+00 -1.262216e+01 3.300000e+00
    endloop
  endfacet
  facet normal -5.974275e-01 8.019230e-01 0.000000e+00
    outer loop
      vertex   7.603299e+00 -1.262216e+01 -1.560000e+00
      vertex   7.603299e+00 -1.262216e+01 3.300000e+00
      vertex   7.780906e+00 -1.248984e+01 -1.560000e+00
    endloop
  endfacet
  facet normal -5.974275e-01 8.019230e-01 0.000000e+00
    outer loop
      vertex   7.780906e+00 -1.248984e+01 -1.560000e+00
      vertex   7.603299e+00 -1.262216e+01 3.300000e+00
      vertex   7.780906e+00 -1.248984e+01 3.300000e+00
    endloop
  endfacet
  facet normal -6.660563e-01 7.459015e-01 0.000000e+00
    outer loop
      vertex   7.780906e+00 -1.248984e+01 -1.560000e+00
      vertex   7.780906e+00 -1.248984e+01 3.300000e+00
      vertex   7.946106e+00 -1.234232e+01 -1.560000e+00
    endloop
  endfacet
  facet normal -6.660563e-01 7.459015e-01 0.000000e+00
    outer loop
      vertex   7.946106e+00 -1.234232e+01 -1.560000e+00
      vertex   7.780906e+00 -1.248984e+01 3.300000e+00
      vertex   7.946106e+00 -1.234232e+01 3.300000e+00
    endloop
  endfacet
  facet normal -7.294577e-01 6.840260e-01 0.000000e+00
    outer loop
      vertex   7.946106e+00 -1.234232e+01 -1.560000e+00
      vertex   7.946106e+00 -1.234232e+01 3.300000e+00
      vertex   8.097602e+00 -1.218077e+01 -1.560000e+00
    endloop
  endfacet
  facet normal -7.294577e-01 6.840260e-01 0.000000e+00
    outer loop
      vertex   8.097602e+00 -1.218077e+01 -1.560000e+00
      vertex   7.946106e+00 -1.234232e+01 3.300000e+00
      vertex   8.097602e+00 -1.218077e+01 3.300000e+00
    endloop
  endfacet
  facet normal -7.871340e-01 6.167820e-01 0.000000e+00
    outer loop
      vertex   8.097602e+00 -1.218077e+01 -1.560000e+00
      vertex   8.097602e+00 -1.218077e+01 3.300000e+00
      vertex   8.234205e+00 -1.200643e+01 -1.560000e+00
    endloop
  endfacet
  facet normal -7.871340e-01 6.167820e-01 0.000000e+00
    outer loop
      vertex   8.234205e+00 -1.200643e+01 -1.560000e+00
      vertex   8.097602e+00 -1.218077e+01 3.300000e+00
      vertex   8.234205e+00 -1.200643e+01 3.300000e+00
    endloop
  endfacet
  facet normal -8.386327e-01 5.446973e-01 0.000000e+00
    outer loop
      vertex   8.234205e+00 -1.200643e+01 -1.560000e+00
      vertex   8.234205e+00 -1.200643e+01 3.300000e+00
      vertex   8.354843e+00 -1.182070e+01 -1.560000e+00
    endloop
  endfacet
  facet normal -8.386327e-01 5.446973e-01 0.000000e+00
    outer loop
      vertex   8.354843e+00 -1.182070e+01 -1.560000e+00
      vertex   8.234205e+00 -1.200643e+01 3.300000e+00
      vertex   8.354843e+00 -1.182070e+01 3.300000e+00
    endloop
  endfacet
  facet normal -8.835496e-01 4.683377e-01 0.000000e+00
    outer loop
      vertex   8.354843e+00 -1.182070e+01 -1.560000e+00
      vertex   8.354843e+00 -1.182070e+01 3.300000e+00
      vertex   8.458569e+00 -1.162501e+01 -1.560000e+00
    endloop
  endfacet
  facet normal -8.835496e-01 4.683377e-01 0.000000e+00
    outer loop
      vertex   8.458569e+00 -1.162501e+01 -1.560000e+00
      vertex   8.354843e+00 -1.182070e+01 3.300000e+00
      vertex   8.458569e+00 -1.162501e+01 3.300000e+00
    endloop
  endfacet
  facet normal -9.215320e-01 3.883024e-01 0.000000e+00
    outer loop
      vertex   8.458569e+00 -1.162501e+01 -1.560000e+00
      vertex   8.458569e+00 -1.162501e+01 3.300000e+00
      vertex   8.544569e+00 -1.142091e+01 -1.560000e+00
    endloop
  endfacet
  facet normal -9.215320e-01 3.883024e-01 0.000000e+00
    outer loop
      vertex   8.544569e+00 -1.142091e+01 -1.560000e+00
      vertex   8.458569e+00 -1.162501e+01 3.300000e+00
      vertex   8.544569e+00 -1.142091e+01 3.300000e+00
    endloop
  endfacet
  facet normal -9.522820e-01 3.052196e-01 0.000000e+00
    outer loop
      vertex   8.544569e+00 -1.142091e+01 -1.560000e+00
      vertex   8.544569e+00 -1.142091e+01 3.300000e+00
      vertex   8.612168e+00 -1.121000e+01 -1.560000e+00
    endloop
  endfacet
  facet normal -9.522820e-01 3.052196e-01 0.000000e+00
    outer loop
      vertex   8.612168e+00 -1.121000e+01 -1.560000e+00
      vertex   8.544569e+00 -1.142091e+01 3.300000e+00
      vertex   8.612168e+00 -1.121000e+01 3.300000e+00
    endloop
  endfacet
  facet normal -9.755582e-01 2.197413e-01 0.000000e+00
    outer loop
      vertex   8.612168e+00 -1.121000e+01 -1.560000e+00
      vertex   8.612168e+00 -1.121000e+01 3.300000e+00
      vertex   8.660835e+00 -1.099394e+01 -1.560000e+00
    endloop
  endfacet
  facet normal -9.755582e-01 2.197413e-01 0.000000e+00
    outer loop
      vertex   8.660835e+00 -1.099394e+01 -1.560000e+00
      vertex   8.612168e+00 -1.121000e+01 3.300000e+00
      vertex   8.660835e+00 -1.099394e+01 3.300000e+00
    endloop
  endfacet
  facet normal -9.911779e-01 1.325384e-01 0.000000e+00
    outer loop
      vertex   8.660835e+00 -1.099394e+01 -1.560000e+00
      vertex   8.660835e+00 -1.099394e+01 3.300000e+00
      vertex   8.690190e+00 -1.077442e+01 -1.560000e+00
    endloop
  endfacet
  facet normal -9.911779e-01 1.325384e-01 0.000000e+00
    outer loop
      vertex   8.690190e+00 -1.077442e+01 -1.560000e+00
      vertex   8.660835e+00 -1.099394e+01 3.300000e+00
      vertex   8.690190e+00 -1.077442e+01 3.300000e+00
    endloop
  endfacet
  facet normal -9.990185e-01 4.429536e-02 0.000000e+00
    outer loop
      vertex   8.690190e+00 -1.077442e+01 -1.560000e+00
      vertex   8.690190e+00 -1.077442e+01 3.300000e+00
      vertex   8.700000e+00 -1.055316e+01 -1.560000e+00
    endloop
  endfacet
  facet normal -9.990185e-01 4.429536e-02 0.000000e+00
    outer loop
      vertex   8.700000e+00 -1.055316e+01 -1.560000e+00
      vertex   8.690190e+00 -1.077442e+01 3.300000e+00
      vertex   8.700000e+00 -1.055316e+01 3.300000e+00
    endloop
  endfacet
  facet normal 5.000000e-01 8.660254e-01 -2.366723e-15
    outer loop
      vertex   3.130000e+01 -1.811427e+01 3.300000e+00
      vertex   3.409946e+01 -1.973054e+01 3.300000e+00
      vertex   3.130000e+01 -1.811427e+01 7.000001e-01
    endloop
  endfacet
  facet normal 5.000000e-01 8.660254e-01 1.229805e-17
    outer loop
      vertex   3.130000e+01 -1.811427e+01 7.000001e-01
      vertex   3.409946e+01 -1.973054e+01 3.300000e+00
      vertex   3.409946e+01 -1.973054e+01 7.000001e-01
    endloop
  endfacet
  facet normal -5.000000e-01 8.660254e-01 0.000000e+00
    outer loop
      vertex   3.409946e+01 -1.973054e+01 3.300000e+00
      vertex   3.689946e+01 -1.811396e+01 3.300000e+00
      vertex   3.409946e+01 -1.973054e+01 7.000001e-01
    endloop
  endfacet
  facet normal -5.000000e-01 8.660254e-01 1.686160e-17
    outer loop
      vertex   3.409946e+01 -1.973054e+01 7.000001e-01
      vertex   3.689946e+01 -1.811396e+01 3.300000e+00
      vertex   3.689946e+01 -1.811396e+01 7.000001e-01
    endloop
  endfacet
  facet normal -1.000000e+00 0.000000e+00 0.000000e+00
    outer loop
      vertex   3.689946e+01 -1.811396e+01 3.300000e+00
      vertex   3.689946e+01 -1.488079e+01 3.300000e+00
      vertex   3.689946e+01 -1.811396e+01 7.000001e-01
    endloop
  endfacet
  facet normal -1.000000e+00 0.000000e+00 0.000000e+00
    outer loop
      vertex   3.689946e+01 -1.811396e+01 7.000001e-01
      vertex   3.689946e+01 -1.488079e+01 3.300000e+00
      vertex   3.689946e+01 -1.488079e+01 7.000001e-01
    endloop
  endfacet
  facet normal -5.000000e-01 -8.660254e-01 -0.000000e+00
    outer loop
      vertex   3.689946e+01 -1.488079e+01 3.300000e+00
      vertex   3.409946e+01 -1.326421e+01 3.300000e+00
      vertex   3.689946e+01 -1.488079e+01 7.000001e-01
    endloop
  endfacet
  facet normal -5.000000e-01 -8.660254e-01 4.653278e-17
    outer loop
      vertex   3.689946e+01 -1.488079e+01 7.000001e-01
      vertex   3.409946e+01 -1.326421e+01 3.300000e+00
      vertex   3.409946e+01 -1.326421e+01 7.000001e-01
    endloop
  endfacet
  facet normal 5.000000e-01 -8.660254e-01 -2.366723e-15
    outer loop
      vertex   3.130000e+01 -1.488048e+01 7.000001e-01
      vertex   3.409946e+01 -1.326421e+01 7.000001e-01
      vertex   3.130000e+01 -1.488048e+01 3.300000e+00
    endloop
  endfacet
  facet normal 5.000000e-01 -8.660254e-01 2.951624e-17
    outer loop
      vertex   3.130000e+01 -1.488048e+01 3.300000e+00
      vertex   3.409946e+01 -1.326421e+01 7.000001e-01
      vertex   3.409946e+01 -1.326421e+01 3.300000e+00
    endloop
  endfacet
  facet normal -5.409462e-17 3.433199e-17 1.000000e+00
    outer loop
      vertex   3.130000e+01 -1.811427e+01 7.000001e-01
      vertex   3.235093e+01 -1.645839e+01 7.000001e-01
      vertex   3.130000e+01 -1.488048e+01 7.000001e-01
    endloop
  endfacet
  facet normal -9.699917e-17 5.756541e-18 1.000000e+00
    outer loop
      vertex   3.130000e+01 -1.488048e+01 7.000001e-01
      vertex   3.235093e+01 -1.645839e+01 7.000001e-01
      vertex   3.235664e+01 -1.636214e+01 7.000001e-01
    endloop
  endfacet
  facet normal -9.168653e-17 9.545215e-18 1.000000e+00
    outer loop
      vertex   3.130000e+01 -1.488048e+01 7.000001e-01
      vertex   3.235664e+01 -1.636214e+01 7.000001e-01
      vertex   3.236812e+01 -1.625182e+01 7.000001e-01
    endloop
  endfacet
  facet normal 0.000000e+00 0.000000e+00 1.000000e+00
    outer loop
      vertex   3.409946e+01 -1.973054e+01 7.000001e-01
      vertex   3.313759e+01 -1.796017e+01 7.000001e-01
      vertex   3.130000e+01 -1.811427e+01 7.000001e-01
    endloop
  endfacet
  facet normal 0.000000e+00 0.000000e+00 1.000000e+00
    outer loop
      vertex   3.130000e+01 -1.811427e+01 7.000001e-01
      vertex   3.313759e+01 -1.796017e+01 7.000001e-01
      vertex   3.304652e+01 -1.789684e+01 7.000001e-01
    endloop
  endfacet
  facet normal 0.000000e+00 0.000000e+00 1.000000e+00
    outer loop
      vertex   3.130000e+01 -1.811427e+01 7.000001e-01
      vertex   3.304652e+01 -1.789684e+01 7.000001e-01
      vertex   3.297165e+01 -1.783609e+01 7.000001e-01
    endloop
  endfacet
  facet normal 0.000000e+00 0.000000e+00 1.000000e+00
    outer loop
      vertex   3.689946e+01 -1.811396e+01 7.000001e-01
      vertex   3.499852e+01 -1.800122e+01 7.000001e-01
      vertex   3.409946e+01 -1.973054e+01 7.000001e-01
    endloop
  endfacet
  facet normal 0.000000e+00 0.000000e+00 1.000000e+00
    outer loop
      vertex   3.409946e+01 -1.973054e+01 7.000001e-01
      vertex   3.499852e+01 -1.800122e+01 7.000001e-01
      vertex   3.491408e+01 -1.804777e+01 7.000001e-01
    endloop
  endfacet
  facet normal 0.000000e+00 0.000000e+00 1.000000e+00
    outer loop
      vertex   3.409946e+01 -1.973054e+01 7.000001e-01
      vertex   3.491408e+01 -1.804777e+01 7.000001e-01
      vertex   3.481465e+01 -1.809695e+01 7.000001e-01
    endloop
  endfacet
  facet normal 0.000000e+00 0.000000e+00 1.000000e+00
    outer loop
      vertex   3.689946e+01 -1.488079e+01 7.000001e-01
      vertex   3.584847e+01 -1.653434e+01 7.000001e-01
      vertex   3.689946e+01 -1.811396e+01 7.000001e-01
    endloop
  endfacet
  facet normal 0.000000e+00 0.000000e+00 1.000000e+00
    outer loop
      vertex   3.689946e+01 -1.811396e+01 7.000001e-01
      vertex   3.584847e+01 -1.653434e+01 7.000001e-01
      vertex   3.584354e+01 -1.664515e+01 7.000001e-01
    endloop
  endfacet
  facet normal 0.000000e+00 0.000000e+00 1.000000e+00
    outer loop
      vertex   3.689946e+01 -1.811396e+01 7.000001e-01
      vertex   3.584354e+01 -1.664515e+01 7.000001e-01
      vertex   3.583214e+01 -1.674089e+01 7.000001e-01
    endloop
  endfacet
  facet normal 0.000000e+00 0.000000e+00 1.000000e+00
    outer loop
      vertex   3.409946e+01 -1.326421e+01 7.000001e-01
      vertex   3.506888e+01 -1.504320e+01 7.000001e-01
      vertex   3.689946e+01 -1.488079e+01 7.000001e-01
    endloop
  endfacet
  facet normal 0.000000e+00 0.000000e+00 1.000000e+00
    outer loop
      vertex   3.689946e+01 -1.488079e+01 7.000001e-01
      vertex   3.506888e+01 -1.504320e+01 7.000001e-01
      vertex   3.514722e+01 -1.509941e+01 7.000001e-01
    endloop
  endfacet
  facet normal 0.000000e+00 0.000000e+00 1.000000e+00
    outer loop
      vertex   3.689946e+01 -1.488079e+01 7.000001e-01
      vertex   3.514722e+01 -1.509941e+01 7.000001e-01
      vertex   3.523438e+01 -1.516802e+01 7.000001e-01
    endloop
  endfacet
  facet normal -5.666051e-17 2.944839e-17 1.000000e+00
    outer loop
      vertex   3.130000e+01 -1.488048e+01 7.000001e-01
      vertex   3.319566e+01 -1.500317e+01 7.000001e-01
      vertex   3.409946e+01 -1.326421e+01 7.000001e-01
    endloop
  endfacet
  facet normal 0.000000e+00 0.000000e+00 1.000000e+00
    outer loop
      vertex   3.409946e+01 -1.326421e+01 7.000001e-01
      vertex   3.319566e+01 -1.500317e+01 7.000001e-01
      vertex   3.329200e+01 -1.494819e+01 7.000001e-01
    endloop
  endfacet
  facet normal 0.000000e+00 0.000000e+00 1.000000e+00
    outer loop
      vertex   3.409946e+01 -1.326421e+01 7.000001e-01
      vertex   3.329200e+01 -1.494819e+01 7.000001e-01
      vertex   3.337904e+01 -1.490672e+01 7.000001e-01
    endloop
  endfacet
  facet normal 0.000000e+00 0.000000e+00 1.000000e+00
    outer loop
      vertex   3.282154e+01 -1.769326e+01 7.000001e-01
      vertex   3.274789e+01 -1.761032e+01 7.000001e-01
      vertex   3.130000e+01 -1.811427e+01 7.000001e-01
    endloop
  endfacet
  facet normal 0.000000e+00 0.000000e+00 1.000000e+00
    outer loop
      vertex   3.130000e+01 -1.811427e+01 7.000001e-01
      vertex   3.274789e+01 -1.761032e+01 7.000001e-01
      vertex   3.268939e+01 -1.753368e+01 7.000001e-01
    endloop
  endfacet
  facet normal 0.000000e+00 0.000000e+00 1.000000e+00
    outer loop
      vertex   3.130000e+01 -1.811427e+01 7.000001e-01
      vertex   3.268939e+01 -1.753368e+01 7.000001e-01
      vertex   3.262606e+01 -1.744261e+01 7.000001e-01
    endloop
  endfacet
  facet normal 0.000000e+00 0.000000e+00 1.000000e+00
    outer loop
      vertex   3.262606e+01 -1.744261e+01 7.000001e-01
      vertex   3.257703e+01 -1.735959e+01 7.000001e-01
      vertex   3.130000e+01 -1.811427e+01 7.000001e-01
    endloop
  endfacet
  facet normal 0.000000e+00 0.000000e+00 1.000000e+00
    outer loop
      vertex   3.130000e+01 -1.811427e+01 7.000001e-01
      vertex   3.257703e+01 -1.735959e+01 7.000001e-01
      vertex   3.252492e+01 -1.726166e+01 7.000001e-01
    endloop
  endfacet
  facet normal 0.000000e+00 0.000000e+00 1.000000e+00
    outer loop
      vertex   3.130000e+01 -1.811427e+01 7.000001e-01
      vertex   3.252492e+01 -1.726166e+01 7.000001e-01
      vertex   3.248606e+01 -1.717343e+01 7.000001e-01
    endloop
  endfacet
  facet normal 0.000000e+00 0.000000e+00 1.000000e+00
    outer loop
      vertex   3.248606e+01 -1.717343e+01 7.000001e-01
      vertex   3.244590e+01 -1.707003e+01 7.000001e-01
      vertex   3.130000e+01 -1.811427e+01 7.000001e-01
    endloop
  endfacet
  facet normal 0.000000e+00 0.000000e+00 1.000000e+00
    outer loop
      vertex   3.130000e+01 -1.811427e+01 7.000001e-01
      vertex   3.244590e+01 -1.707003e+01 7.000001e-01
      vertex   3.241774e+01 -1.697781e+01 7.000001e-01
    endloop
  endfacet
  facet normal 0.000000e+00 0.000000e+00 1.000000e+00
    outer loop
      vertex   3.130000e+01 -1.811427e+01 7.000001e-01
      vertex   3.241774e+01 -1.697781e+01 7.000001e-01
      vertex   3.239009e+01 -1.687039e+01 7.000001e-01
    endloop
  endfacet
  facet normal 0.000000e+00 0.000000e+00 1.000000e+00
    outer loop
      vertex   3.239009e+01 -1.687039e+01 7.000001e-01
      vertex   3.237303e+01 -1.677549e+01 7.000001e-01
      vertex   3.130000e+01 -1.811427e+01 7.000001e-01
    endloop
  endfacet
  facet normal 0.000000e+00 0.000000e+00 1.000000e+00
    outer loop
      vertex   3.130000e+01 -1.811427e+01 7.000001e-01
      vertex   3.237303e+01 -1.677549e+01 7.000001e-01
      vertex   3.235828e+01 -1.666555e+01 7.000001e-01
    endloop
  endfacet
  facet normal 0.000000e+00 0.000000e+00 1.000000e+00
    outer loop
      vertex   3.130000e+01 -1.811427e+01 7.000001e-01
      vertex   3.235828e+01 -1.666555e+01 7.000001e-01
      vertex   3.235257e+01 -1.656930e+01 7.000001e-01
    endloop
  endfacet
  facet normal 0.000000e+00 0.000000e+00 1.000000e+00
    outer loop
      vertex   3.235257e+01 -1.656930e+01 7.000001e-01
      vertex   3.235093e+01 -1.645839e+01 7.000001e-01
      vertex   3.130000e+01 -1.811427e+01 7.000001e-01
    endloop
  endfacet
  facet normal -8.445355e-17 1.517894e-17 1.000000e+00
    outer loop
      vertex   3.236812e+01 -1.625182e+01 7.000001e-01
      vertex   3.238518e+01 -1.615692e+01 7.000001e-01
      vertex   3.130000e+01 -1.488048e+01 7.000001e-01
    endloop
  endfacet
  facet normal -8.082146e-17 1.826680e-17 1.000000e+00
    outer loop
      vertex   3.130000e+01 -1.488048e+01 7.000001e-01
      vertex   3.238518e+01 -1.615692e+01 7.000001e-01
      vertex   3.240963e+01 -1.604872e+01 7.000001e-01
    endloop
  endfacet
  facet normal -7.571243e-17 2.311953e-17 1.000000e+00
    outer loop
      vertex   3.130000e+01 -1.488048e+01 7.000001e-01
      vertex   3.240963e+01 -1.604872e+01 7.000001e-01
      vertex   3.243779e+01 -1.595651e+01 7.000001e-01
    endloop
  endfacet
  facet normal -7.306777e-17 2.591600e-17 1.000000e+00
    outer loop
      vertex   3.243779e+01 -1.595651e+01 7.000001e-01
      vertex   3.247487e+01 -1.585197e+01 7.000001e-01
      vertex   3.130000e+01 -1.488048e+01 7.000001e-01
    endloop
  endfacet
  facet normal -6.926703e-17 3.051245e-17 1.000000e+00
    outer loop
      vertex   3.130000e+01 -1.488048e+01 7.000001e-01
      vertex   3.247487e+01 -1.585197e+01 7.000001e-01
      vertex   3.251374e+01 -1.576373e+01 7.000001e-01
    endloop
  endfacet
  facet normal -6.725911e-17 3.327169e-17 1.000000e+00
    outer loop
      vertex   3.130000e+01 -1.488048e+01 7.000001e-01
      vertex   3.251374e+01 -1.576373e+01 7.000001e-01
      vertex   3.256292e+01 -1.566431e+01 7.000001e-01
    endloop
  endfacet
  facet normal -6.432932e-17 3.799228e-17 1.000000e+00
    outer loop
      vertex   3.256292e+01 -1.566431e+01 7.000001e-01
      vertex   3.261195e+01 -1.558129e+01 7.000001e-01
      vertex   3.130000e+01 -1.488048e+01 7.000001e-01
    endloop
  endfacet
  facet normal -6.275863e-17 4.093271e-17 1.000000e+00
    outer loop
      vertex   3.130000e+01 -1.488048e+01 7.000001e-01
      vertex   3.261195e+01 -1.558129e+01 7.000001e-01
      vertex   3.267255e+01 -1.548838e+01 7.000001e-01
    endloop
  endfacet
  facet normal -6.044910e-17 4.614736e-17 1.000000e+00
    outer loop
      vertex   3.130000e+01 -1.488048e+01 7.000001e-01
      vertex   3.267255e+01 -1.548838e+01 7.000001e-01
      vertex   3.273106e+01 -1.541174e+01 7.000001e-01
    endloop
  endfacet
  facet normal -5.920109e-17 4.950914e-17 1.000000e+00
    outer loop
      vertex   3.273106e+01 -1.541174e+01 7.000001e-01
      vertex   3.280222e+01 -1.532665e+01 7.000001e-01
      vertex   3.130000e+01 -1.488048e+01 7.000001e-01
    endloop
  endfacet
  facet normal -5.736538e-17 5.568989e-17 1.000000e+00
    outer loop
      vertex   3.130000e+01 -1.488048e+01 7.000001e-01
      vertex   3.280222e+01 -1.532665e+01 7.000001e-01
      vertex   3.286938e+01 -1.525747e+01 7.000001e-01
    endloop
  endfacet
  facet normal -5.637360e-17 5.981868e-17 1.000000e+00
    outer loop
      vertex   3.130000e+01 -1.488048e+01 7.000001e-01
      vertex   3.286938e+01 -1.525747e+01 7.000001e-01
      vertex   3.295010e+01 -1.518139e+01 7.000001e-01
    endloop
  endfacet
  facet normal -5.493578e-17 6.770327e-17 1.000000e+00
    outer loop
      vertex   3.295010e+01 -1.518139e+01 7.000001e-01
      vertex   3.302498e+01 -1.512064e+01 7.000001e-01
      vertex   3.130000e+01 -1.488048e+01 7.000001e-01
    endloop
  endfacet
  facet normal -5.417272e-17 7.318411e-17 1.000000e+00
    outer loop
      vertex   3.130000e+01 -1.488048e+01 7.000001e-01
      vertex   3.302498e+01 -1.512064e+01 7.000001e-01
      vertex   3.311413e+01 -1.505464e+01 7.000001e-01
    endloop
  endfacet
  facet normal -5.312041e-17 8.414545e-17 1.000000e+00
    outer loop
      vertex   3.130000e+01 -1.488048e+01 7.000001e-01
      vertex   3.311413e+01 -1.505464e+01 7.000001e-01
      vertex   3.319566e+01 -1.500317e+01 7.000001e-01
    endloop
  endfacet
  facet normal 0.000000e+00 0.000000e+00 1.000000e+00
    outer loop
      vertex   3.337904e+01 -1.490672e+01 7.000001e-01
      vertex   3.348121e+01 -1.486351e+01 7.000001e-01
      vertex   3.409946e+01 -1.326421e+01 7.000001e-01
    endloop
  endfacet
  facet normal 0.000000e+00 0.000000e+00 1.000000e+00
    outer loop
      vertex   3.409946e+01 -1.326421e+01 7.000001e-01
      vertex   3.348121e+01 -1.486351e+01 7.000001e-01
      vertex   3.357255e+01 -1.483263e+01 7.000001e-01
    endloop
  endfacet
  facet normal 0.000000e+00 0.000000e+00 1.000000e+00
    outer loop
      vertex   3.409946e+01 -1.326421e+01 7.000001e-01
      vertex   3.357255e+01 -1.483263e+01 7.000001e-01
      vertex   3.367910e+01 -1.480181e+01 7.000001e-01
    endloop
  endfacet
  facet normal 0.000000e+00 0.000000e+00 1.000000e+00
    outer loop
      vertex   3.367910e+01 -1.480181e+01 7.000001e-01
      vertex   3.377345e+01 -1.478195e+01 7.000001e-01
      vertex   3.409946e+01 -1.326421e+01 7.000001e-01
    endloop
  endfacet
  facet normal 0.000000e+00 0.000000e+00 1.000000e+00
    outer loop
      vertex   3.409946e+01 -1.326421e+01 7.000001e-01
      vertex   3.377345e+01 -1.478195e+01 7.000001e-01
      vertex   3.388291e+01 -1.476395e+01 7.000001e-01
    endloop
  endfacet
  facet normal 0.000000e+00 0.000000e+00 1.000000e+00
    outer loop
      vertex   3.409946e+01 -1.326421e+01 7.000001e-01
      vertex   3.388291e+01 -1.476395e+01 7.000001e-01
      vertex   3.397894e+01 -1.475539e+01 7.000001e-01
    endloop
  endfacet
  facet normal 0.000000e+00 0.000000e+00 1.000000e+00
    outer loop
      vertex   3.397894e+01 -1.475539e+01 7.000001e-01
      vertex   3.408976e+01 -1.475046e+01 7.000001e-01
      vertex   3.409946e+01 -1.326421e+01 7.000001e-01
    endloop
  endfacet
  facet normal 0.000000e+00 0.000000e+00 1.000000e+00
    outer loop
      vertex   3.409946e+01 -1.326421e+01 7.000001e-01
      vertex   3.408976e+01 -1.475046e+01 7.000001e-01
      vertex   3.418614e+01 -1.475332e+01 7.000001e-01
    endloop
  endfacet
  facet normal 0.000000e+00 0.000000e+00 1.000000e+00
    outer loop
      vertex   3.409946e+01 -1.326421e+01 7.000001e-01
      vertex   3.418614e+01 -1.475332e+01 7.000001e-01
      vertex   3.429675e+01 -1.476153e+01 7.000001e-01
    endloop
  endfacet
  facet normal -0.000000e+00 -0.000000e+00 1.000000e+00
    outer loop
      vertex   3.429675e+01 -1.476153e+01 7.000001e-01
      vertex   3.439212e+01 -1.477576e+01 7.000001e-01
      vertex   3.409946e+01 -1.326421e+01 7.000001e-01
    endloop
  endfacet
  facet normal 0.000000e+00 0.000000e+00 1.000000e+00
    outer loop
      vertex   3.409946e+01 -1.326421e+01 7.000001e-01
      vertex   3.439212e+01 -1.477576e+01 7.000001e-01
      vertex   3.450099e+01 -1.479700e+01 7.000001e-01
    endloop
  endfacet
  facet normal 0.000000e+00 0.000000e+00 1.000000e+00
    outer loop
      vertex   3.409946e+01 -1.326421e+01 7.000001e-01
      vertex   3.450099e+01 -1.479700e+01 7.000001e-01
      vertex   3.459399e+01 -1.482242e+01 7.000001e-01
    endloop
  endfacet
  facet normal -0.000000e+00 -0.000000e+00 1.000000e+00
    outer loop
      vertex   3.459399e+01 -1.482242e+01 7.000001e-01
      vertex   3.469959e+01 -1.485638e+01 7.000001e-01
      vertex   3.409946e+01 -1.326421e+01 7.000001e-01
    endloop
  endfacet
  facet normal 0.000000e+00 0.000000e+00 1.000000e+00
    outer loop
      vertex   3.409946e+01 -1.326421e+01 7.000001e-01
      vertex   3.469959e+01 -1.485638e+01 7.000001e-01
      vertex   3.478894e+01 -1.489262e+01 7.000001e-01
    endloop
  endfacet
  facet normal 0.000000e+00 0.000000e+00 1.000000e+00
    outer loop
      vertex   3.409946e+01 -1.326421e+01 7.000001e-01
      vertex   3.478894e+01 -1.489262e+01 7.000001e-01
      vertex   3.488978e+01 -1.493883e+01 7.000001e-01
    endloop
  endfacet
  facet normal -0.000000e+00 -0.000000e+00 1.000000e+00
    outer loop
      vertex   3.488978e+01 -1.493883e+01 7.000001e-01
      vertex   3.497422e+01 -1.498538e+01 7.000001e-01
      vertex   3.409946e+01 -1.326421e+01 7.000001e-01
    endloop
  endfacet
  facet normal 0.000000e+00 0.000000e+00 1.000000e+00
    outer loop
      vertex   3.409946e+01 -1.326421e+01 7.000001e-01
      vertex   3.497422e+01 -1.498538e+01 7.000001e-01
      vertex   3.506888e+01 -1.504320e+01 7.000001e-01
    endloop
  endfacet
  facet normal -0.000000e+00 0.000000e+00 1.000000e+00
    outer loop
      vertex   3.523438e+01 -1.516802e+01 7.000001e-01
      vertex   3.530552e+01 -1.523310e+01 7.000001e-01
      vertex   3.689946e+01 -1.488079e+01 7.000001e-01
    endloop
  endfacet
  facet normal 0.000000e+00 0.000000e+00 1.000000e+00
    outer loop
      vertex   3.689946e+01 -1.488079e+01 7.000001e-01
      vertex   3.530552e+01 -1.523310e+01 7.000001e-01
      vertex   3.538396e+01 -1.531153e+01 7.000001e-01
    endloop
  endfacet
  facet normal 0.000000e+00 0.000000e+00 1.000000e+00
    outer loop
      vertex   3.689946e+01 -1.488079e+01 7.000001e-01
      vertex   3.538396e+01 -1.531153e+01 7.000001e-01
      vertex   3.544690e+01 -1.538457e+01 7.000001e-01
    endloop
  endfacet
  facet normal -0.000000e+00 0.000000e+00 1.000000e+00
    outer loop
      vertex   3.544690e+01 -1.538457e+01 7.000001e-01
      vertex   3.551551e+01 -1.547173e+01 7.000001e-01
      vertex   3.689946e+01 -1.488079e+01 7.000001e-01
    endloop
  endfacet
  facet normal 0.000000e+00 0.000000e+00 1.000000e+00
    outer loop
      vertex   3.689946e+01 -1.488079e+01 7.000001e-01
      vertex   3.551551e+01 -1.547173e+01 7.000001e-01
      vertex   3.556937e+01 -1.555170e+01 7.000001e-01
    endloop
  endfacet
  facet normal 0.000000e+00 0.000000e+00 1.000000e+00
    outer loop
      vertex   3.689946e+01 -1.488079e+01 7.000001e-01
      vertex   3.556937e+01 -1.555170e+01 7.000001e-01
      vertex   3.562719e+01 -1.564637e+01 7.000001e-01
    endloop
  endfacet
  facet normal -0.000000e+00 0.000000e+00 1.000000e+00
    outer loop
      vertex   3.562719e+01 -1.564637e+01 7.000001e-01
      vertex   3.567122e+01 -1.573215e+01 7.000001e-01
      vertex   3.689946e+01 -1.488079e+01 7.000001e-01
    endloop
  endfacet
  facet normal 0.000000e+00 0.000000e+00 1.000000e+00
    outer loop
      vertex   3.689946e+01 -1.488079e+01 7.000001e-01
      vertex   3.567122e+01 -1.573215e+01 7.000001e-01
      vertex   3.571743e+01 -1.583298e+01 7.000001e-01
    endloop
  endfacet
  facet normal 0.000000e+00 0.000000e+00 1.000000e+00
    outer loop
      vertex   3.689946e+01 -1.488079e+01 7.000001e-01
      vertex   3.571743e+01 -1.583298e+01 7.000001e-01
      vertex   3.575100e+01 -1.592337e+01 7.000001e-01
    endloop
  endfacet
  facet normal -0.000000e+00 0.000000e+00 1.000000e+00
    outer loop
      vertex   3.575100e+01 -1.592337e+01 7.000001e-01
      vertex   3.578497e+01 -1.602896e+01 7.000001e-01
      vertex   3.689946e+01 -1.488079e+01 7.000001e-01
    endloop
  endfacet
  facet normal 0.000000e+00 0.000000e+00 1.000000e+00
    outer loop
      vertex   3.689946e+01 -1.488079e+01 7.000001e-01
      vertex   3.578497e+01 -1.602896e+01 7.000001e-01
      vertex   3.580762e+01 -1.612268e+01 7.000001e-01
    endloop
  endfacet
  facet normal 0.000000e+00 0.000000e+00 1.000000e+00
    outer loop
      vertex   3.689946e+01 -1.488079e+01 7.000001e-01
      vertex   3.580762e+01 -1.612268e+01 7.000001e-01
      vertex   3.582886e+01 -1.623156e+01 7.000001e-01
    endloop
  endfacet
  facet normal -0.000000e+00 0.000000e+00 1.000000e+00
    outer loop
      vertex   3.582886e+01 -1.623156e+01 7.000001e-01
      vertex   3.584026e+01 -1.632730e+01 7.000001e-01
      vertex   3.689946e+01 -1.488079e+01 7.000001e-01
    endloop
  endfacet
  facet normal 0.000000e+00 0.000000e+00 1.000000e+00
    outer loop
      vertex   3.689946e+01 -1.488079e+01 7.000001e-01
      vertex   3.584026e+01 -1.632730e+01 7.000001e-01
      vertex   3.584847e+01 -1.643792e+01 7.000001e-01
    endloop
  endfacet
  facet normal 0.000000e+00 0.000000e+00 1.000000e+00
    outer loop
      vertex   3.689946e+01 -1.488079e+01 7.000001e-01
      vertex   3.584847e+01 -1.643792e+01 7.000001e-01
      vertex   3.584847e+01 -1.653434e+01 7.000001e-01
    endloop
  endfacet
  facet normal 0.000000e+00 0.000000e+00 1.000000e+00
    outer loop
      vertex   3.583214e+01 -1.674089e+01 7.000001e-01
      vertex   3.581413e+01 -1.685035e+01 7.000001e-01
      vertex   3.689946e+01 -1.811396e+01 7.000001e-01
    endloop
  endfacet
  facet normal 0.000000e+00 0.000000e+00 1.000000e+00
    outer loop
      vertex   3.689946e+01 -1.811396e+01 7.000001e-01
      vertex   3.581413e+01 -1.685035e+01 7.000001e-01
      vertex   3.579149e+01 -1.694407e+01 7.000001e-01
    endloop
  endfacet
  facet normal 0.000000e+00 0.000000e+00 1.000000e+00
    outer loop
      vertex   3.689946e+01 -1.811396e+01 7.000001e-01
      vertex   3.579149e+01 -1.694407e+01 7.000001e-01
      vertex   3.576067e+01 -1.705062e+01 7.000001e-01
    endloop
  endfacet
  facet normal 0.000000e+00 0.000000e+00 1.000000e+00
    outer loop
      vertex   3.576067e+01 -1.705062e+01 7.000001e-01
      vertex   3.572709e+01 -1.714101e+01 7.000001e-01
      vertex   3.689946e+01 -1.811396e+01 7.000001e-01
    endloop
  endfacet
  facet normal 0.000000e+00 0.000000e+00 1.000000e+00
    outer loop
      vertex   3.689946e+01 -1.811396e+01 7.000001e-01
      vertex   3.572709e+01 -1.714101e+01 7.000001e-01
      vertex   3.568389e+01 -1.724317e+01 7.000001e-01
    endloop
  endfacet
  facet normal 0.000000e+00 0.000000e+00 1.000000e+00
    outer loop
      vertex   3.689946e+01 -1.811396e+01 7.000001e-01
      vertex   3.568389e+01 -1.724317e+01 7.000001e-01
      vertex   3.563986e+01 -1.732895e+01 7.000001e-01
    endloop
  endfacet
  facet normal 0.000000e+00 0.000000e+00 1.000000e+00
    outer loop
      vertex   3.563986e+01 -1.732895e+01 7.000001e-01
      vertex   3.558487e+01 -1.742528e+01 7.000001e-01
      vertex   3.689946e+01 -1.811396e+01 7.000001e-01
    endloop
  endfacet
  facet normal 0.000000e+00 0.000000e+00 1.000000e+00
    outer loop
      vertex   3.689946e+01 -1.811396e+01 7.000001e-01
      vertex   3.558487e+01 -1.742528e+01 7.000001e-01
      vertex   3.553101e+01 -1.750526e+01 7.000001e-01
    endloop
  endfacet
  facet normal 0.000000e+00 0.000000e+00 1.000000e+00
    outer loop
      vertex   3.689946e+01 -1.811396e+01 7.000001e-01
      vertex   3.553101e+01 -1.750526e+01 7.000001e-01
      vertex   3.546501e+01 -1.759441e+01 7.000001e-01
    endloop
  endfacet
  facet normal 0.000000e+00 0.000000e+00 1.000000e+00
    outer loop
      vertex   3.546501e+01 -1.759441e+01 7.000001e-01
      vertex   3.540207e+01 -1.766745e+01 7.000001e-01
      vertex   3.689946e+01 -1.811396e+01 7.000001e-01
    endloop
  endfacet
  facet normal 0.000000e+00 0.000000e+00 1.000000e+00
    outer loop
      vertex   3.689946e+01 -1.811396e+01 7.000001e-01
      vertex   3.540207e+01 -1.766745e+01 7.000001e-01
      vertex   3.532600e+01 -1.774817e+01 7.000001e-01
    endloop
  endfacet
  facet normal 0.000000e+00 0.000000e+00 1.000000e+00
    outer loop
      vertex   3.689946e+01 -1.811396e+01 7.000001e-01
      vertex   3.532600e+01 -1.774817e+01 7.000001e-01
      vertex   3.525485e+01 -1.781326e+01 7.000001e-01
    endloop
  endfacet
  facet normal 0.000000e+00 0.000000e+00 1.000000e+00
    outer loop
      vertex   3.525485e+01 -1.781326e+01 7.000001e-01
      vertex   3.516976e+01 -1.788442e+01 7.000001e-01
      vertex   3.689946e+01 -1.811396e+01 7.000001e-01
    endloop
  endfacet
  facet normal 0.000000e+00 0.000000e+00 1.000000e+00
    outer loop
      vertex   3.689946e+01 -1.811396e+01 7.000001e-01
      vertex   3.516976e+01 -1.788442e+01 7.000001e-01
      vertex   3.509143e+01 -1.794063e+01 7.000001e-01
    endloop
  endfacet
  facet normal 0.000000e+00 0.000000e+00 1.000000e+00
    outer loop
      vertex   3.689946e+01 -1.811396e+01 7.000001e-01
      vertex   3.509143e+01 -1.794063e+01 7.000001e-01
      vertex   3.499852e+01 -1.800122e+01 7.000001e-01
    endloop
  endfacet
  facet normal 0.000000e+00 0.000000e+00 1.000000e+00
    outer loop
      vertex   3.481465e+01 -1.809695e+01 7.000001e-01
      vertex   3.472530e+01 -1.813319e+01 7.000001e-01
      vertex   3.409946e+01 -1.973054e+01 7.000001e-01
    endloop
  endfacet
  facet normal 0.000000e+00 0.000000e+00 1.000000e+00
    outer loop
      vertex   3.409946e+01 -1.973054e+01 7.000001e-01
      vertex   3.472530e+01 -1.813319e+01 7.000001e-01
      vertex   3.462076e+01 -1.817027e+01 7.000001e-01
    endloop
  endfacet
  facet normal 0.000000e+00 0.000000e+00 1.000000e+00
    outer loop
      vertex   3.409946e+01 -1.973054e+01 7.000001e-01
      vertex   3.462076e+01 -1.817027e+01 7.000001e-01
      vertex   3.452775e+01 -1.819568e+01 7.000001e-01
    endloop
  endfacet
  facet normal 0.000000e+00 0.000000e+00 1.000000e+00
    outer loop
      vertex   3.452775e+01 -1.819568e+01 7.000001e-01
      vertex   3.441956e+01 -1.822014e+01 7.000001e-01
      vertex   3.409946e+01 -1.973054e+01 7.000001e-01
    endloop
  endfacet
  facet normal 0.000000e+00 0.000000e+00 1.000000e+00
    outer loop
      vertex   3.409946e+01 -1.973054e+01 7.000001e-01
      vertex   3.441956e+01 -1.822014e+01 7.000001e-01
      vertex   3.432419e+01 -1.823437e+01 7.000001e-01
    endloop
  endfacet
  facet normal 0.000000e+00 0.000000e+00 1.000000e+00
    outer loop
      vertex   3.409946e+01 -1.973054e+01 7.000001e-01
      vertex   3.432419e+01 -1.823437e+01 7.000001e-01
      vertex   3.421387e+01 -1.824586e+01 7.000001e-01
    endloop
  endfacet
  facet normal 0.000000e+00 0.000000e+00 1.000000e+00
    outer loop
      vertex   3.421387e+01 -1.824586e+01 7.000001e-01
      vertex   3.411749e+01 -1.824872e+01 7.000001e-01
      vertex   3.409946e+01 -1.973054e+01 7.000001e-01
    endloop
  endfacet
  facet normal 0.000000e+00 -0.000000e+00 1.000000e+00
    outer loop
      vertex   3.409946e+01 -1.973054e+01 7.000001e-01
      vertex   3.411749e+01 -1.824872e+01 7.000001e-01
      vertex   3.400658e+01 -1.824707e+01 7.000001e-01
    endloop
  endfacet
  facet normal 0.000000e+00 0.000000e+00 1.000000e+00
    outer loop
      vertex   3.409946e+01 -1.973054e+01 7.000001e-01
      vertex   3.400658e+01 -1.824707e+01 7.000001e-01
      vertex   3.391054e+01 -1.823851e+01 7.000001e-01
    endloop
  endfacet
  facet normal 0.000000e+00 0.000000e+00 1.000000e+00
    outer loop
      vertex   3.391054e+01 -1.823851e+01 7.000001e-01
      vertex   3.380060e+01 -1.822376e+01 7.000001e-01
      vertex   3.409946e+01 -1.973054e+01 7.000001e-01
    endloop
  endfacet
  facet normal 0.000000e+00 0.000000e+00 1.000000e+00
    outer loop
      vertex   3.409946e+01 -1.973054e+01 7.000001e-01
      vertex   3.380060e+01 -1.822376e+01 7.000001e-01
      vertex   3.370625e+01 -1.820390e+01 7.000001e-01
    endloop
  endfacet
  facet normal 0.000000e+00 0.000000e+00 1.000000e+00
    outer loop
      vertex   3.409946e+01 -1.973054e+01 7.000001e-01
      vertex   3.370625e+01 -1.820390e+01 7.000001e-01
      vertex   3.359883e+01 -1.817625e+01 7.000001e-01
    endloop
  endfacet
  facet normal 0.000000e+00 0.000000e+00 1.000000e+00
    outer loop
      vertex   3.359883e+01 -1.817625e+01 7.000001e-01
      vertex   3.350749e+01 -1.814537e+01 7.000001e-01
      vertex   3.409946e+01 -1.973054e+01 7.000001e-01
    endloop
  endfacet
  facet normal 0.000000e+00 0.000000e+00 1.000000e+00
    outer loop
      vertex   3.409946e+01 -1.973054e+01 7.000001e-01
      vertex   3.350749e+01 -1.814537e+01 7.000001e-01
      vertex   3.340409e+01 -1.810521e+01 7.000001e-01
    endloop
  endfacet
  facet normal 0.000000e+00 0.000000e+00 1.000000e+00
    outer loop
      vertex   3.409946e+01 -1.973054e+01 7.000001e-01
      vertex   3.340409e+01 -1.810521e+01 7.000001e-01
      vertex   3.331705e+01 -1.806375e+01 7.000001e-01
    endloop
  endfacet
  facet normal 0.000000e+00 0.000000e+00 1.000000e+00
    outer loop
      vertex   3.331705e+01 -1.806375e+01 7.000001e-01
      vertex   3.321912e+01 -1.801164e+01 7.000001e-01
      vertex   3.409946e+01 -1.973054e+01 7.000001e-01
    endloop
  endfacet
  facet normal 0.000000e+00 0.000000e+00 1.000000e+00
    outer loop
      vertex   3.409946e+01 -1.973054e+01 7.000001e-01
      vertex   3.321912e+01 -1.801164e+01 7.000001e-01
      vertex   3.313759e+01 -1.796017e+01 7.000001e-01
    endloop
  endfacet
  facet normal 0.000000e+00 0.000000e+00 1.000000e+00
    outer loop
      vertex   3.297165e+01 -1.783609e+01 7.000001e-01
      vertex   3.288870e+01 -1.776244e+01 7.000001e-01
      vertex   3.130000e+01 -1.811427e+01 7.000001e-01
    endloop
  endfacet
  facet normal 0.000000e+00 0.000000e+00 1.000000e+00
    outer loop
      vertex   3.130000e+01 -1.811427e+01 7.000001e-01
      vertex   3.288870e+01 -1.776244e+01 7.000001e-01
      vertex   3.282154e+01 -1.769326e+01 7.000001e-01
    endloop
  endfacet
  facet normal -7.857714e-01 -6.185167e-01 5.928093e-04
    outer loop
      vertex   3.551551e+01 -1.547173e+01 7.000001e-01
      vertex   3.544690e+01 -1.538457e+01 7.000001e-01
      vertex   3.553682e+01 -1.550097e+01 -1.560000e+00
    endloop
  endfacet
  facet normal -7.857714e-01 -6.185167e-01 5.928093e-04
    outer loop
      vertex   3.553682e+01 -1.550097e+01 -1.560000e+00
      vertex   3.544690e+01 -1.538457e+01 7.000001e-01
      vertex   3.540857e+01 -1.533804e+01 -1.560000e+00
    endloop
  endfacet
  facet normal -7.575176e-01 -6.528145e-01 -5.924990e-04
    outer loop
      vertex   3.544690e+01 -1.538457e+01 7.000001e-01
      vertex   3.538396e+01 -1.531153e+01 7.000001e-01
      vertex   3.540857e+01 -1.533804e+01 -1.560000e+00
    endloop
  endfacet
  facet normal -7.071067e-01 -7.071067e-01 5.933512e-04
    outer loop
      vertex   3.538396e+01 -1.531153e+01 7.000001e-01
      vertex   3.530552e+01 -1.523310e+01 7.000001e-01
      vertex   3.540857e+01 -1.533804e+01 -1.560000e+00
    endloop
  endfacet
  facet normal -7.071067e-01 -7.071067e-01 5.933512e-04
    outer loop
      vertex   3.540857e+01 -1.533804e+01 -1.560000e+00
      vertex   3.530552e+01 -1.523310e+01 7.000001e-01
      vertex   3.526196e+01 -1.519143e+01 -1.560000e+00
    endloop
  endfacet
  facet normal -6.749733e-01 -7.378419e-01 -5.927493e-04
    outer loop
      vertex   3.530552e+01 -1.523310e+01 7.000001e-01
      vertex   3.523438e+01 -1.516802e+01 7.000001e-01
      vertex   3.526196e+01 -1.519143e+01 -1.560000e+00
    endloop
  endfacet
  facet normal -6.185068e-01 -7.857792e-01 5.928884e-04
    outer loop
      vertex   3.523438e+01 -1.516802e+01 7.000001e-01
      vertex   3.514722e+01 -1.509941e+01 7.000001e-01
      vertex   3.526196e+01 -1.519143e+01 -1.560000e+00
    endloop
  endfacet
  facet normal -6.185068e-01 -7.857792e-01 5.928884e-04
    outer loop
      vertex   3.526196e+01 -1.519143e+01 -1.560000e+00
      vertex   3.514722e+01 -1.509941e+01 7.000001e-01
      vertex   3.509903e+01 -1.506319e+01 -1.560000e+00
    endloop
  endfacet
  facet normal -5.829913e-01 -8.124782e-01 -5.922791e-04
    outer loop
      vertex   3.514722e+01 -1.509941e+01 7.000001e-01
      vertex   3.506888e+01 -1.504320e+01 7.000001e-01
      vertex   3.509903e+01 -1.506319e+01 -1.560000e+00
    endloop
  endfacet
  facet normal -5.212327e-01 -8.534144e-01 5.936424e-04
    outer loop
      vertex   3.506888e+01 -1.504320e+01 7.000001e-01
      vertex   3.497422e+01 -1.498538e+01 7.000001e-01
      vertex   3.509903e+01 -1.506319e+01 -1.560000e+00
    endloop
  endfacet
  facet normal -5.212327e-01 -8.534144e-01 5.936424e-04
    outer loop
      vertex   3.509903e+01 -1.506319e+01 -1.560000e+00
      vertex   3.497422e+01 -1.498538e+01 7.000001e-01
      vertex   3.492208e+01 -1.495511e+01 -1.560000e+00
    endloop
  endfacet
  facet normal -4.827836e-01 -8.757395e-01 -5.923484e-04
    outer loop
      vertex   3.497422e+01 -1.498538e+01 7.000001e-01
      vertex   3.488978e+01 -1.493883e+01 7.000001e-01
      vertex   3.492208e+01 -1.495511e+01 -1.560000e+00
    endloop
  endfacet
  facet normal -4.166499e-01 -9.090668e-01 5.929911e-04
    outer loop
      vertex   3.488978e+01 -1.493883e+01 7.000001e-01
      vertex   3.478894e+01 -1.489262e+01 7.000001e-01
      vertex   3.492208e+01 -1.495511e+01 -1.560000e+00
    endloop
  endfacet
  facet normal -4.166499e-01 -9.090668e-01 5.929911e-04
    outer loop
      vertex   3.492208e+01 -1.495511e+01 -1.560000e+00
      vertex   3.478894e+01 -1.489262e+01 7.000001e-01
      vertex   3.473360e+01 -1.486873e+01 -1.560000e+00
    endloop
  endfacet
  facet normal -3.758193e-01 -9.266928e-01 -5.932655e-04
    outer loop
      vertex   3.478894e+01 -1.489262e+01 7.000001e-01
      vertex   3.469959e+01 -1.485638e+01 7.000001e-01
      vertex   3.473360e+01 -1.486873e+01 -1.560000e+00
    endloop
  endfacet
  facet normal -3.061908e-01 -9.519700e-01 5.924902e-04
    outer loop
      vertex   3.469959e+01 -1.485638e+01 7.000001e-01
      vertex   3.459399e+01 -1.482242e+01 7.000001e-01
      vertex   3.473360e+01 -1.486873e+01 -1.560000e+00
    endloop
  endfacet
  facet normal -3.061908e-01 -9.519700e-01 5.924902e-04
    outer loop
      vertex   3.473360e+01 -1.486873e+01 -1.560000e+00
      vertex   3.459399e+01 -1.482242e+01 7.000001e-01
      vertex   3.453621e+01 -1.480524e+01 -1.560000e+00
    endloop
  endfacet
  facet normal -2.635985e-01 -9.646323e-01 -5.927449e-04
    outer loop
      vertex   3.459399e+01 -1.482242e+01 7.000001e-01
      vertex   3.450099e+01 -1.479700e+01 7.000001e-01
      vertex   3.453621e+01 -1.480524e+01 -1.560000e+00
    endloop
  endfacet
  facet normal -1.914568e-01 -9.815009e-01 5.930963e-04
    outer loop
      vertex   3.450099e+01 -1.479700e+01 7.000001e-01
      vertex   3.439212e+01 -1.477576e+01 7.000001e-01
      vertex   3.453621e+01 -1.480524e+01 -1.560000e+00
    endloop
  endfacet
  facet normal -1.914568e-01 -9.815009e-01 5.930963e-04
    outer loop
      vertex   3.453621e+01 -1.480524e+01 -1.560000e+00
      vertex   3.439212e+01 -1.477576e+01 7.000001e-01
      vertex   3.433271e+01 -1.476554e+01 -1.560000e+00
    endloop
  endfacet
  facet normal -1.476420e-01 -9.890407e-01 -5.928076e-04
    outer loop
      vertex   3.439212e+01 -1.477576e+01 7.000001e-01
      vertex   3.429675e+01 -1.476153e+01 7.000001e-01
      vertex   3.433271e+01 -1.476554e+01 -1.560000e+00
    endloop
  endfacet
  facet normal -7.403008e-02 -9.972558e-01 5.928191e-04
    outer loop
      vertex   3.429675e+01 -1.476153e+01 7.000001e-01
      vertex   3.418614e+01 -1.475332e+01 7.000001e-01
      vertex   3.433271e+01 -1.476554e+01 -1.560000e+00
    endloop
  endfacet
  facet normal -7.403008e-02 -9.972558e-01 5.928191e-04
    outer loop
      vertex   3.433271e+01 -1.476554e+01 -1.560000e+00
      vertex   3.418614e+01 -1.475332e+01 7.000001e-01
      vertex   3.412594e+01 -1.475019e+01 -1.560000e+00
    endloop
  endfacet
  facet normal -2.963288e-02 -9.995607e-01 -5.929830e-04
    outer loop
      vertex   3.418614e+01 -1.475332e+01 7.000001e-01
      vertex   3.408976e+01 -1.475046e+01 7.000001e-01
      vertex   3.412594e+01 -1.475019e+01 -1.560000e+00
    endloop
  endfacet
  facet normal 4.444217e-02 -9.990118e-01 5.927588e-04
    outer loop
      vertex   3.408976e+01 -1.475046e+01 7.000001e-01
      vertex   3.397894e+01 -1.475539e+01 7.000001e-01
      vertex   3.412594e+01 -1.475019e+01 -1.560000e+00
    endloop
  endfacet
  facet normal 4.444217e-02 -9.990118e-01 5.927588e-04
    outer loop
      vertex   3.412594e+01 -1.475019e+01 -1.560000e+00
      vertex   3.397894e+01 -1.475539e+01 7.000001e-01
      vertex   3.391879e+01 -1.475941e+01 -1.560000e+00
    endloop
  endfacet
  facet normal 8.879279e-02 -9.960499e-01 -5.929000e-04
    outer loop
      vertex   3.397894e+01 -1.475539e+01 7.000001e-01
      vertex   3.388291e+01 -1.476395e+01 7.000001e-01
      vertex   3.391879e+01 -1.475941e+01 -1.560000e+00
    endloop
  endfacet
  facet normal 1.622878e-01 -9.867433e-01 5.929042e-04
    outer loop
      vertex   3.388291e+01 -1.476395e+01 7.000001e-01
      vertex   3.377345e+01 -1.478195e+01 7.000001e-01
      vertex   3.391879e+01 -1.475941e+01 -1.560000e+00
    endloop
  endfacet
  facet normal 1.622878e-01 -9.867433e-01 5.929042e-04
    outer loop
      vertex   3.391879e+01 -1.475941e+01 -1.560000e+00
      vertex   3.377345e+01 -1.478195e+01 7.000001e-01
      vertex   3.371420e+01 -1.479306e+01 -1.560000e+00
    endloop
  endfacet
  facet normal 2.059797e-01 -9.785561e-01 -5.928208e-04
    outer loop
      vertex   3.377345e+01 -1.478195e+01 7.000001e-01
      vertex   3.367910e+01 -1.480181e+01 7.000001e-01
      vertex   3.371420e+01 -1.479306e+01 -1.560000e+00
    endloop
  endfacet
  facet normal 2.778520e-01 -9.606237e-01 5.928446e-04
    outer loop
      vertex   3.367910e+01 -1.480181e+01 7.000001e-01
      vertex   3.357255e+01 -1.483263e+01 7.000001e-01
      vertex   3.371420e+01 -1.479306e+01 -1.560000e+00
    endloop
  endfacet
  facet normal 2.778520e-01 -9.606237e-01 5.928446e-04
    outer loop
      vertex   3.371420e+01 -1.479306e+01 -1.560000e+00
      vertex   3.357255e+01 -1.483263e+01 7.000001e-01
      vertex   3.351502e+01 -1.485067e+01 -1.560000e+00
    endloop
  endfacet
  facet normal 3.202660e-01 -9.473275e-01 -5.928097e-04
    outer loop
      vertex   3.357255e+01 -1.483263e+01 7.000001e-01
      vertex   3.348121e+01 -1.486351e+01 7.000001e-01
      vertex   3.351502e+01 -1.485067e+01 -1.560000e+00
    endloop
  endfacet
  facet normal 3.895161e-01 -9.210195e-01 5.929598e-04
    outer loop
      vertex   3.348121e+01 -1.486351e+01 7.000001e-01
      vertex   3.337904e+01 -1.490672e+01 7.000001e-01
      vertex   3.351502e+01 -1.485067e+01 -1.560000e+00
    endloop
  endfacet
  facet normal 3.895161e-01 -9.210195e-01 5.929598e-04
    outer loop
      vertex   3.351502e+01 -1.485067e+01 -1.560000e+00
      vertex   3.337904e+01 -1.490672e+01 7.000001e-01
      vertex   3.332406e+01 -1.493143e+01 -1.560000e+00
    endloop
  endfacet
  facet normal 4.300679e-01 -9.027964e-01 -5.929030e-04
    outer loop
      vertex   3.337904e+01 -1.490672e+01 7.000001e-01
      vertex   3.329200e+01 -1.494819e+01 7.000001e-01
      vertex   3.332406e+01 -1.493143e+01 -1.560000e+00
    endloop
  endfacet
  facet normal 4.957153e-01 -8.684849e-01 5.927685e-04
    outer loop
      vertex   3.329200e+01 -1.494819e+01 7.000001e-01
      vertex   3.319566e+01 -1.500317e+01 7.000001e-01
      vertex   3.332406e+01 -1.493143e+01 -1.560000e+00
    endloop
  endfacet
  facet normal 4.957153e-01 -8.684849e-01 5.927685e-04
    outer loop
      vertex   3.332406e+01 -1.493143e+01 -1.560000e+00
      vertex   3.319566e+01 -1.500317e+01 7.000001e-01
      vertex   3.314398e+01 -1.503421e+01 -1.560000e+00
    endloop
  endfacet
  facet normal 5.338198e-01 -8.455980e-01 -5.928645e-04
    outer loop
      vertex   3.319566e+01 -1.500317e+01 7.000001e-01
      vertex   3.311413e+01 -1.505464e+01 7.000001e-01
      vertex   3.314398e+01 -1.503421e+01 -1.560000e+00
    endloop
  endfacet
  facet normal 5.949598e-01 -8.037552e-01 5.930455e-04
    outer loop
      vertex   3.311413e+01 -1.505464e+01 7.000001e-01
      vertex   3.302498e+01 -1.512064e+01 7.000001e-01
      vertex   3.314398e+01 -1.503421e+01 -1.560000e+00
    endloop
  endfacet
  facet normal 5.949598e-01 -8.037552e-01 5.930455e-04
    outer loop
      vertex   3.314398e+01 -1.503421e+01 -1.560000e+00
      vertex   3.302498e+01 -1.512064e+01 7.000001e-01
      vertex   3.297733e+01 -1.515757e+01 -1.560000e+00
    endloop
  endfacet
  facet normal 6.300872e-01 -7.765242e-01 -5.924934e-04
    outer loop
      vertex   3.302498e+01 -1.512064e+01 7.000001e-01
      vertex   3.295010e+01 -1.518139e+01 7.000001e-01
      vertex   3.297733e+01 -1.515757e+01 -1.560000e+00
    endloop
  endfacet
  facet normal 6.858397e-01 -7.277524e-01 5.932165e-04
    outer loop
      vertex   3.295010e+01 -1.518139e+01 7.000001e-01
      vertex   3.286938e+01 -1.525747e+01 7.000001e-01
      vertex   3.297733e+01 -1.515757e+01 -1.560000e+00
    endloop
  endfacet
  facet normal 6.858397e-01 -7.277524e-01 5.932165e-04
    outer loop
      vertex   3.297733e+01 -1.515757e+01 -1.560000e+00
      vertex   3.286938e+01 -1.525747e+01 7.000001e-01
      vertex   3.282644e+01 -1.529978e+01 -1.560000e+00
    endloop
  endfacet
  facet normal 7.175073e-01 -6.965507e-01 -5.926150e-04
    outer loop
      vertex   3.286938e+01 -1.525747e+01 7.000001e-01
      vertex   3.280222e+01 -1.532665e+01 7.000001e-01
      vertex   3.282644e+01 -1.529978e+01 -1.560000e+00
    endloop
  endfacet
  facet normal 7.671054e-01 -6.415208e-01 5.932013e-04
    outer loop
      vertex   3.280222e+01 -1.532665e+01 7.000001e-01
      vertex   3.273106e+01 -1.541174e+01 7.000001e-01
      vertex   3.282644e+01 -1.529978e+01 -1.560000e+00
    endloop
  endfacet
  facet normal 7.671054e-01 -6.415208e-01 5.932013e-04
    outer loop
      vertex   3.282644e+01 -1.529978e+01 -1.560000e+00
      vertex   3.273106e+01 -1.541174e+01 7.000001e-01
      vertex   3.269342e+01 -1.545883e+01 -1.560000e+00
    endloop
  endfacet
  facet normal 7.948550e-01 -6.067991e-01 -5.923965e-04
    outer loop
      vertex   3.273106e+01 -1.541174e+01 7.000001e-01
      vertex   3.267255e+01 -1.548838e+01 7.000001e-01
      vertex   3.269342e+01 -1.545883e+01 -1.560000e+00
    endloop
  endfacet
  facet normal 8.375911e-01 -5.462973e-01 5.932961e-04
    outer loop
      vertex   3.267255e+01 -1.548838e+01 7.000001e-01
      vertex   3.261195e+01 -1.558129e+01 7.000001e-01
      vertex   3.269342e+01 -1.545883e+01 -1.560000e+00
    endloop
  endfacet
  facet normal 8.375911e-01 -5.462973e-01 5.932961e-04
    outer loop
      vertex   3.269342e+01 -1.545883e+01 -1.560000e+00
      vertex   3.261195e+01 -1.558129e+01 7.000001e-01
      vertex   3.258015e+01 -1.563250e+01 -1.560000e+00
    endloop
  endfacet
  facet normal 8.610465e-01 -5.085258e-01 -5.926524e-04
    outer loop
      vertex   3.261195e+01 -1.558129e+01 7.000001e-01
      vertex   3.256292e+01 -1.566431e+01 7.000001e-01
      vertex   3.258015e+01 -1.563250e+01 -1.560000e+00
    endloop
  endfacet
  facet normal 8.963265e-01 -4.433941e-01 5.930210e-04
    outer loop
      vertex   3.256292e+01 -1.566431e+01 7.000001e-01
      vertex   3.251374e+01 -1.576373e+01 7.000001e-01
      vertex   3.258015e+01 -1.563250e+01 -1.560000e+00
    endloop
  endfacet
  facet normal 8.963265e-01 -4.433941e-01 5.930210e-04
    outer loop
      vertex   3.258015e+01 -1.563250e+01 -1.560000e+00
      vertex   3.251374e+01 -1.576373e+01 7.000001e-01
      vertex   3.248822e+01 -1.581834e+01 -1.560000e+00
    endloop
  endfacet
  facet normal 9.151446e-01 -4.031254e-01 -5.925913e-04
    outer loop
      vertex   3.251374e+01 -1.576373e+01 7.000001e-01
      vertex   3.247487e+01 -1.585197e+01 7.000001e-01
      vertex   3.248822e+01 -1.581834e+01 -1.560000e+00
    endloop
  endfacet
  facet normal 9.424734e-01 -3.342806e-01 5.930419e-04
    outer loop
      vertex   3.247487e+01 -1.585197e+01 7.000001e-01
      vertex   3.243779e+01 -1.595651e+01 7.000001e-01
      vertex   3.248822e+01 -1.581834e+01 -1.560000e+00
    endloop
  endfacet
  facet normal 9.424734e-01 -3.342806e-01 5.930419e-04
    outer loop
      vertex   3.248822e+01 -1.581834e+01 -1.560000e+00
      vertex   3.243779e+01 -1.595651e+01 7.000001e-01
      vertex   3.241891e+01 -1.601376e+01 -1.560000e+00
    endloop
  endfacet
  facet normal 9.564037e-01 -2.920473e-01 -5.931854e-04
    outer loop
      vertex   3.243779e+01 -1.595651e+01 7.000001e-01
      vertex   3.240963e+01 -1.604872e+01 7.000001e-01
      vertex   3.241891e+01 -1.601376e+01 -1.560000e+00
    endloop
  endfacet
  facet normal 9.753973e-01 -2.204537e-01 5.924234e-04
    outer loop
      vertex   3.240963e+01 -1.604872e+01 7.000001e-01
      vertex   3.238518e+01 -1.615692e+01 7.000001e-01
      vertex   3.241891e+01 -1.601376e+01 -1.560000e+00
    endloop
  endfacet
  facet normal 9.753973e-01 -2.204537e-01 5.924234e-04
    outer loop
      vertex   3.241891e+01 -1.601376e+01 -1.560000e+00
      vertex   3.238518e+01 -1.615692e+01 7.000001e-01
      vertex   3.237320e+01 -1.621600e+01 -1.560000e+00
    endloop
  endfacet
  facet normal 9.842292e-01 -1.768967e-01 -5.930707e-04
    outer loop
      vertex   3.238518e+01 -1.615692e+01 7.000001e-01
      vertex   3.236812e+01 -1.625182e+01 7.000001e-01
      vertex   3.237320e+01 -1.621600e+01 -1.560000e+00
    endloop
  endfacet
  facet normal 9.946243e-01 -1.035474e-01 5.927298e-04
    outer loop
      vertex   3.236812e+01 -1.625182e+01 7.000001e-01
      vertex   3.235664e+01 -1.636214e+01 7.000001e-01
      vertex   3.237320e+01 -1.621600e+01 -1.560000e+00
    endloop
  endfacet
  facet normal 9.946243e-01 -1.035474e-01 5.927298e-04
    outer loop
      vertex   3.237320e+01 -1.621600e+01 -1.560000e+00
      vertex   3.235664e+01 -1.636214e+01 7.000001e-01
      vertex   3.235173e+01 -1.642223e+01 -1.560000e+00
    endloop
  endfacet
  facet normal 9.982435e-01 -5.924205e-02 -5.929944e-04
    outer loop
      vertex   3.235664e+01 -1.636214e+01 7.000001e-01
      vertex   3.235093e+01 -1.645839e+01 7.000001e-01
      vertex   3.235173e+01 -1.642223e+01 -1.560000e+00
    endloop
  endfacet
  facet normal 9.998900e-01 1.482187e-02 5.928170e-04
    outer loop
      vertex   3.235093e+01 -1.645839e+01 7.000001e-01
      vertex   3.235257e+01 -1.656930e+01 7.000001e-01
      vertex   3.235173e+01 -1.642223e+01 -1.560000e+00
    endloop
  endfacet
  facet normal 9.998900e-01 1.482187e-02 5.928170e-04
    outer loop
      vertex   3.235173e+01 -1.642223e+01 -1.560000e+00
      vertex   3.235257e+01 -1.656930e+01 7.000001e-01
      vertex   3.235480e+01 -1.662955e+01 -1.560000e+00
    endloop
  endfacet
  facet normal 9.982435e-01 5.924171e-02 -5.928553e-04
    outer loop
      vertex   3.235257e+01 -1.656930e+01 7.000001e-01
      vertex   3.235828e+01 -1.666555e+01 7.000001e-01
      vertex   3.235480e+01 -1.662955e+01 -1.560000e+00
    endloop
  endfacet
  facet normal 9.911195e-01 1.329726e-01 5.928173e-04
    outer loop
      vertex   3.235828e+01 -1.666555e+01 7.000001e-01
      vertex   3.237303e+01 -1.677549e+01 7.000001e-01
      vertex   3.235480e+01 -1.662955e+01 -1.560000e+00
    endloop
  endfacet
  facet normal 9.911195e-01 1.329726e-01 5.928173e-04
    outer loop
      vertex   3.235480e+01 -1.662955e+01 -1.560000e+00
      vertex   3.237303e+01 -1.677549e+01 7.000001e-01
      vertex   3.238237e+01 -1.683505e+01 -1.560000e+00
    endloop
  endfacet
  facet normal 9.842292e-01 1.768967e-01 -5.931355e-04
    outer loop
      vertex   3.237303e+01 -1.677549e+01 7.000001e-01
      vertex   3.239009e+01 -1.687039e+01 7.000001e-01
      vertex   3.238237e+01 -1.683505e+01 -1.560000e+00
    endloop
  endfacet
  facet normal 9.684340e-01 2.492693e-01 5.925970e-04
    outer loop
      vertex   3.239009e+01 -1.687039e+01 7.000001e-01
      vertex   3.241774e+01 -1.697781e+01 7.000001e-01
      vertex   3.238237e+01 -1.683505e+01 -1.560000e+00
    endloop
  endfacet
  facet normal 9.684340e-01 2.492693e-01 5.925970e-04
    outer loop
      vertex   3.238237e+01 -1.683505e+01 -1.560000e+00
      vertex   3.241774e+01 -1.697781e+01 7.000001e-01
      vertex   3.243406e+01 -1.703585e+01 -1.560000e+00
    endloop
  endfacet
  facet normal 9.564032e-01 2.920489e-01 -5.927665e-04
    outer loop
      vertex   3.241774e+01 -1.697781e+01 7.000001e-01
      vertex   3.244590e+01 -1.707003e+01 7.000001e-01
      vertex   3.243406e+01 -1.703585e+01 -1.560000e+00
    endloop
  endfacet
  facet normal 9.321577e-01 3.620519e-01 5.930254e-04
    outer loop
      vertex   3.244590e+01 -1.707003e+01 7.000001e-01
      vertex   3.248606e+01 -1.717343e+01 7.000001e-01
      vertex   3.243406e+01 -1.703585e+01 -1.560000e+00
    endloop
  endfacet
  facet normal 9.321577e-01 3.620519e-01 5.930254e-04
    outer loop
      vertex   3.243406e+01 -1.703585e+01 -1.560000e+00
      vertex   3.248606e+01 -1.717343e+01 7.000001e-01
      vertex   3.250913e+01 -1.722912e+01 -1.560000e+00
    endloop
  endfacet
  facet normal 9.151455e-01 4.031233e-01 -5.927835e-04
    outer loop
      vertex   3.248606e+01 -1.717343e+01 7.000001e-01
      vertex   3.252492e+01 -1.726166e+01 7.000001e-01
      vertex   3.250913e+01 -1.722912e+01 -1.560000e+00
    endloop
  endfacet
  facet normal 8.827933e-01 4.697613e-01 5.929220e-04
    outer loop
      vertex   3.252492e+01 -1.726166e+01 7.000001e-01
      vertex   3.257703e+01 -1.735959e+01 7.000001e-01
      vertex   3.250913e+01 -1.722912e+01 -1.560000e+00
    endloop
  endfacet
  facet normal 8.827933e-01 4.697613e-01 5.929220e-04
    outer loop
      vertex   3.250913e+01 -1.722912e+01 -1.560000e+00
      vertex   3.257703e+01 -1.735959e+01 7.000001e-01
      vertex   3.260653e+01 -1.741216e+01 -1.560000e+00
    endloop
  endfacet
  facet normal 8.610480e-01 5.085233e-01 -5.925971e-04
    outer loop
      vertex   3.257703e+01 -1.735959e+01 7.000001e-01
      vertex   3.262606e+01 -1.744261e+01 7.000001e-01
      vertex   3.260653e+01 -1.741216e+01 -1.560000e+00
    endloop
  endfacet
  facet normal 8.210342e-01 5.708787e-01 5.933276e-04
    outer loop
      vertex   3.262606e+01 -1.744261e+01 7.000001e-01
      vertex   3.268939e+01 -1.753368e+01 7.000001e-01
      vertex   3.260653e+01 -1.741216e+01 -1.560000e+00
    endloop
  endfacet
  facet normal 8.210342e-01 5.708787e-01 5.933276e-04
    outer loop
      vertex   3.260653e+01 -1.741216e+01 -1.560000e+00
      vertex   3.268939e+01 -1.753368e+01 7.000001e-01
      vertex   3.272489e+01 -1.758240e+01 -1.560000e+00
    endloop
  endfacet
  facet normal -2.570132e-01 -9.664079e-01 -0.000000e+00
    outer loop
      vertex   3.310195e+01 -2.011171e+01 3.300000e+00
      vertex   3.310195e+01 -2.011171e+01 -1.560000e+00
      vertex   3.328440e+01 -2.016023e+01 3.300000e+00
    endloop
  endfacet
  facet normal -2.570132e-01 -9.664079e-01 -0.000000e+00
    outer loop
      vertex   3.328440e+01 -2.016023e+01 3.300000e+00
      vertex   3.310195e+01 -2.011171e+01 -1.560000e+00
      vertex   3.328440e+01 -2.016023e+01 -1.560000e+00
    endloop
  endfacet
  facet normal 7.948529e-01 6.068019e-01 -5.923789e-04
    outer loop
      vertex   3.268939e+01 -1.753368e+01 7.000001e-01
      vertex   3.274789e+01 -1.761032e+01 7.000001e-01
      vertex   3.272489e+01 -1.758240e+01 -1.560000e+00
    endloop
  endfacet
  facet normal -8.294102e-01 -5.586398e-01 -5.931583e-04
    outer loop
      vertex   3.556937e+01 -1.555170e+01 7.000001e-01
      vertex   3.551551e+01 -1.547173e+01 7.000001e-01
      vertex   3.553682e+01 -1.550097e+01 -1.560000e+00
    endloop
  endfacet
  facet normal -8.534103e-01 -5.212394e-01 5.921717e-04
    outer loop
      vertex   3.562719e+01 -1.564637e+01 7.000001e-01
      vertex   3.556937e+01 -1.555170e+01 7.000001e-01
      vertex   3.564489e+01 -1.567792e+01 -1.560000e+00
    endloop
  endfacet
  facet normal -8.534103e-01 -5.212394e-01 5.921717e-04
    outer loop
      vertex   3.564489e+01 -1.567792e+01 -1.560000e+00
      vertex   3.556937e+01 -1.555170e+01 7.000001e-01
      vertex   3.553682e+01 -1.550097e+01 -1.560000e+00
    endloop
  endfacet
  facet normal -8.896523e-01 -4.566382e-01 -5.935261e-04
    outer loop
      vertex   3.567122e+01 -1.573215e+01 7.000001e-01
      vertex   3.562719e+01 -1.564637e+01 7.000001e-01
      vertex   3.564489e+01 -1.567792e+01 -1.560000e+00
    endloop
  endfacet
  facet normal -9.090774e-01 -4.166269e-01 5.928472e-04
    outer loop
      vertex   3.571743e+01 -1.583298e+01 7.000001e-01
      vertex   3.567122e+01 -1.573215e+01 7.000001e-01
      vertex   3.573127e+01 -1.586640e+01 -1.560000e+00
    endloop
  endfacet
  facet normal -9.090774e-01 -4.166269e-01 5.928472e-04
    outer loop
      vertex   3.573127e+01 -1.586640e+01 -1.560000e+00
      vertex   3.567122e+01 -1.573215e+01 7.000001e-01
      vertex   3.564489e+01 -1.567792e+01 -1.560000e+00
    endloop
  endfacet
  facet normal -9.374182e-01 -3.482051e-01 -5.925933e-04
    outer loop
      vertex   3.575100e+01 -1.592337e+01 7.000001e-01
      vertex   3.571743e+01 -1.583298e+01 7.000001e-01
      vertex   3.573127e+01 -1.586640e+01 -1.560000e+00
    endloop
  endfacet
  facet normal -9.519633e-01 -3.062114e-01 5.928363e-04
    outer loop
      vertex   3.578497e+01 -1.602896e+01 7.000001e-01
      vertex   3.575100e+01 -1.592337e+01 7.000001e-01
      vertex   3.579477e+01 -1.606379e+01 -1.560000e+00
    endloop
  endfacet
  facet normal -9.519633e-01 -3.062114e-01 5.928363e-04
    outer loop
      vertex   3.579477e+01 -1.606379e+01 -1.560000e+00
      vertex   3.575100e+01 -1.592337e+01 7.000001e-01
      vertex   3.573127e+01 -1.586640e+01 -1.560000e+00
    endloop
  endfacet
  facet normal -9.720201e-01 -2.348970e-01 -5.929618e-04
    outer loop
      vertex   3.580762e+01 -1.612268e+01 7.000001e-01
      vertex   3.578497e+01 -1.602896e+01 7.000001e-01
      vertex   3.579477e+01 -1.606379e+01 -1.560000e+00
    endloop
  endfacet
  facet normal -9.815011e-01 -1.914558e-01 5.930614e-04
    outer loop
      vertex   3.582886e+01 -1.623156e+01 7.000001e-01
      vertex   3.580762e+01 -1.612268e+01 7.000001e-01
      vertex   3.583446e+01 -1.626729e+01 -1.560000e+00
    endloop
  endfacet
  facet normal -9.815011e-01 -1.914558e-01 5.930614e-04
    outer loop
      vertex   3.583446e+01 -1.626729e+01 -1.560000e+00
      vertex   3.580762e+01 -1.612268e+01 7.000001e-01
      vertex   3.579477e+01 -1.606379e+01 -1.560000e+00
    endloop
  endfacet
  facet normal -9.929832e-01 -1.182542e-01 -5.929646e-04
    outer loop
      vertex   3.584026e+01 -1.632730e+01 7.000001e-01
      vertex   3.582886e+01 -1.623156e+01 7.000001e-01
      vertex   3.583446e+01 -1.626729e+01 -1.560000e+00
    endloop
  endfacet
  facet normal -9.972559e-01 -7.402881e-02 5.921909e-04
    outer loop
      vertex   3.584847e+01 -1.643792e+01 7.000001e-01
      vertex   3.584026e+01 -1.632730e+01 7.000001e-01
      vertex   3.584981e+01 -1.647407e+01 -1.560000e+00
    endloop
  endfacet
  facet normal -9.972559e-01 -7.402881e-02 5.921909e-04
    outer loop
      vertex   3.584981e+01 -1.647407e+01 -1.560000e+00
      vertex   3.584026e+01 -1.632730e+01 7.000001e-01
      vertex   3.583446e+01 -1.626729e+01 -1.560000e+00
    endloop
  endfacet
  facet normal -9.999998e-01 0.000000e+00 -5.935935e-04
    outer loop
      vertex   3.584847e+01 -1.653434e+01 7.000001e-01
      vertex   3.584847e+01 -1.643792e+01 7.000001e-01
      vertex   3.584981e+01 -1.647407e+01 -1.560000e+00
    endloop
  endfacet
  facet normal -9.990112e-01 4.445416e-02 5.924773e-04
    outer loop
      vertex   3.584354e+01 -1.664515e+01 7.000001e-01
      vertex   3.584847e+01 -1.653434e+01 7.000001e-01
      vertex   3.584059e+01 -1.668121e+01 -1.560000e+00
    endloop
  endfacet
  facet normal -9.990112e-01 4.445416e-02 5.924773e-04
    outer loop
      vertex   3.584059e+01 -1.668121e+01 -1.560000e+00
      vertex   3.584847e+01 -1.653434e+01 7.000001e-01
      vertex   3.584981e+01 -1.647407e+01 -1.560000e+00
    endloop
  endfacet
  facet normal -9.929832e-01 1.182542e-01 -5.927411e-04
    outer loop
      vertex   3.583214e+01 -1.674089e+01 7.000001e-01
      vertex   3.584354e+01 -1.664515e+01 7.000001e-01
      vertex   3.584059e+01 -1.668121e+01 -1.560000e+00
    endloop
  endfacet
  facet normal -9.867422e-01 1.622943e-01 5.937133e-04
    outer loop
      vertex   3.581413e+01 -1.685035e+01 7.000001e-01
      vertex   3.583214e+01 -1.674089e+01 7.000001e-01
      vertex   3.580694e+01 -1.688580e+01 -1.560000e+00
    endloop
  endfacet
  facet normal -9.867422e-01 1.622943e-01 5.937133e-04
    outer loop
      vertex   3.580694e+01 -1.688580e+01 -1.560000e+00
      vertex   3.583214e+01 -1.674089e+01 7.000001e-01
      vertex   3.584059e+01 -1.668121e+01 -1.560000e+00
    endloop
  endfacet
  facet normal -9.720198e-01 2.348983e-01 -5.920919e-04
    outer loop
      vertex   3.579149e+01 -1.694407e+01 7.000001e-01
      vertex   3.581413e+01 -1.685035e+01 7.000001e-01
      vertex   3.580694e+01 -1.688580e+01 -1.560000e+00
    endloop
  endfacet
  facet normal -9.606283e-01 2.778361e-01 5.928355e-04
    outer loop
      vertex   3.576067e+01 -1.705062e+01 7.000001e-01
      vertex   3.579149e+01 -1.694407e+01 7.000001e-01
      vertex   3.574934e+01 -1.708498e+01 -1.560000e+00
    endloop
  endfacet
  facet normal -9.606283e-01 2.778361e-01 5.928355e-04
    outer loop
      vertex   3.574934e+01 -1.708498e+01 -1.560000e+00
      vertex   3.579149e+01 -1.694407e+01 7.000001e-01
      vertex   3.580694e+01 -1.688580e+01 -1.560000e+00
    endloop
  endfacet
  facet normal -9.374182e-01 3.482051e-01 -5.932223e-04
    outer loop
      vertex   3.572709e+01 -1.714101e+01 7.000001e-01
      vertex   3.576067e+01 -1.705062e+01 7.000001e-01
      vertex   3.574934e+01 -1.708498e+01 -1.560000e+00
    endloop
  endfacet
  facet normal -9.210141e-01 3.895287e-01 5.927234e-04
    outer loop
      vertex   3.568389e+01 -1.724317e+01 7.000001e-01
      vertex   3.572709e+01 -1.714101e+01 7.000001e-01
      vertex   3.566857e+01 -1.727594e+01 -1.560000e+00
    endloop
  endfacet
  facet normal -9.210141e-01 3.895287e-01 5.927234e-04
    outer loop
      vertex   3.566857e+01 -1.727594e+01 -1.560000e+00
      vertex   3.572709e+01 -1.714101e+01 7.000001e-01
      vertex   3.574934e+01 -1.708498e+01 -1.560000e+00
    endloop
  endfacet
  facet normal -8.896523e-01 4.566382e-01 -5.930038e-04
    outer loop
      vertex   3.563986e+01 -1.732895e+01 7.000001e-01
      vertex   3.568389e+01 -1.724317e+01 7.000001e-01
      vertex   3.566857e+01 -1.727594e+01 -1.560000e+00
    endloop
  endfacet
  facet normal -8.684849e-01 4.957153e-01 5.924310e-04
    outer loop
      vertex   3.558487e+01 -1.742528e+01 7.000001e-01
      vertex   3.563986e+01 -1.732895e+01 7.000001e-01
      vertex   3.556579e+01 -1.745602e+01 -1.560000e+00
    endloop
  endfacet
  facet normal -8.684849e-01 4.957153e-01 5.924310e-04
    outer loop
      vertex   3.556579e+01 -1.745602e+01 -1.560000e+00
      vertex   3.563986e+01 -1.732895e+01 7.000001e-01
      vertex   3.566857e+01 -1.727594e+01 -1.560000e+00
    endloop
  endfacet
  facet normal -8.294138e-01 5.586344e-01 -5.930626e-04
    outer loop
      vertex   3.553101e+01 -1.750526e+01 7.000001e-01
      vertex   3.558487e+01 -1.742528e+01 7.000001e-01
      vertex   3.556579e+01 -1.745602e+01 -1.560000e+00
    endloop
  endfacet
  facet normal -8.037517e-01 5.949645e-01 5.933849e-04
    outer loop
      vertex   3.546501e+01 -1.759441e+01 7.000001e-01
      vertex   3.553101e+01 -1.750526e+01 7.000001e-01
      vertex   3.544243e+01 -1.762267e+01 -1.560000e+00
    endloop
  endfacet
  facet normal -8.037517e-01 5.949645e-01 5.933849e-04
    outer loop
      vertex   3.544243e+01 -1.762267e+01 -1.560000e+00
      vertex   3.553101e+01 -1.750526e+01 7.000001e-01
      vertex   3.556579e+01 -1.745602e+01 -1.560000e+00
    endloop
  endfacet
  facet normal -7.575127e-01 6.528202e-01 -5.921380e-04
    outer loop
      vertex   3.540207e+01 -1.766745e+01 7.000001e-01
      vertex   3.546501e+01 -1.759441e+01 7.000001e-01
      vertex   3.544243e+01 -1.762267e+01 -1.560000e+00
    endloop
  endfacet
  facet normal -7.277669e-01 6.858243e-01 5.929545e-04
    outer loop
      vertex   3.532600e+01 -1.774817e+01 7.000001e-01
      vertex   3.540207e+01 -1.766745e+01 7.000001e-01
      vertex   3.530023e+01 -1.777356e+01 -1.560000e+00
    endloop
  endfacet
  facet normal -7.277669e-01 6.858243e-01 5.929545e-04
    outer loop
      vertex   3.530023e+01 -1.777356e+01 -1.560000e+00
      vertex   3.540207e+01 -1.766745e+01 7.000001e-01
      vertex   3.544243e+01 -1.762267e+01 -1.560000e+00
    endloop
  endfacet
  facet normal -6.749765e-01 7.378390e-01 -5.933232e-04
    outer loop
      vertex   3.525485e+01 -1.781326e+01 7.000001e-01
      vertex   3.532600e+01 -1.774817e+01 7.000001e-01
      vertex   3.530023e+01 -1.777356e+01 -1.560000e+00
    endloop
  endfacet
  facet normal -6.415213e-01 7.671050e-01 5.923459e-04
    outer loop
      vertex   3.516976e+01 -1.788442e+01 7.000001e-01
      vertex   3.525485e+01 -1.781326e+01 7.000001e-01
      vertex   3.514117e+01 -1.790658e+01 -1.560000e+00
    endloop
  endfacet
  facet normal -6.415213e-01 7.671050e-01 5.923459e-04
    outer loop
      vertex   3.514117e+01 -1.790658e+01 -1.560000e+00
      vertex   3.525485e+01 -1.781326e+01 7.000001e-01
      vertex   3.530023e+01 -1.777356e+01 -1.560000e+00
    endloop
  endfacet
  facet normal -5.829913e-01 8.124782e-01 -5.930207e-04
    outer loop
      vertex   3.509143e+01 -1.794063e+01 7.000001e-01
      vertex   3.516976e+01 -1.788442e+01 7.000001e-01
      vertex   3.514117e+01 -1.790658e+01 -1.560000e+00
    endloop
  endfacet
  facet normal -5.462907e-01 8.375955e-01 5.932200e-04
    outer loop
      vertex   3.499852e+01 -1.800122e+01 7.000001e-01
      vertex   3.509143e+01 -1.794063e+01 7.000001e-01
      vertex   3.496751e+01 -1.801985e+01 -1.560000e+00
    endloop
  endfacet
  facet normal -5.462907e-01 8.375955e-01 5.932200e-04
    outer loop
      vertex   3.496751e+01 -1.801985e+01 -1.560000e+00
      vertex   3.509143e+01 -1.794063e+01 7.000001e-01
      vertex   3.514117e+01 -1.790658e+01 -1.560000e+00
    endloop
  endfacet
  facet normal -4.827880e-01 8.757371e-01 -5.925323e-04
    outer loop
      vertex   3.491408e+01 -1.804777e+01 7.000001e-01
      vertex   3.499852e+01 -1.800122e+01 7.000001e-01
      vertex   3.496751e+01 -1.801985e+01 -1.560000e+00
    endloop
  endfacet
  facet normal -4.433919e-01 8.963277e-01 5.931963e-04
    outer loop
      vertex   3.481465e+01 -1.809695e+01 7.000001e-01
      vertex   3.491408e+01 -1.804777e+01 7.000001e-01
      vertex   3.478166e+01 -1.811178e+01 -1.560000e+00
    endloop
  endfacet
  facet normal -4.433919e-01 8.963277e-01 5.931963e-04
    outer loop
      vertex   3.478166e+01 -1.811178e+01 -1.560000e+00
      vertex   3.491408e+01 -1.804777e+01 7.000001e-01
      vertex   3.496751e+01 -1.801985e+01 -1.560000e+00
    endloop
  endfacet
  facet normal -3.758193e-01 9.266928e-01 -5.926088e-04
    outer loop
      vertex   3.472530e+01 -1.813319e+01 7.000001e-01
      vertex   3.481465e+01 -1.809695e+01 7.000001e-01
      vertex   3.478166e+01 -1.811178e+01 -1.560000e+00
    endloop
  endfacet
  facet normal -3.342719e-01 9.424765e-01 5.929318e-04
    outer loop
      vertex   3.462076e+01 -1.817027e+01 7.000001e-01
      vertex   3.472530e+01 -1.813319e+01 7.000001e-01
      vertex   3.458624e+01 -1.818109e+01 -1.560000e+00
    endloop
  endfacet
  facet normal -3.342719e-01 9.424765e-01 5.929318e-04
    outer loop
      vertex   3.458624e+01 -1.818109e+01 -1.560000e+00
      vertex   3.472530e+01 -1.813319e+01 7.000001e-01
      vertex   3.478166e+01 -1.811178e+01 -1.560000e+00
    endloop
  endfacet
  facet normal -2.635878e-01 9.646352e-01 -5.927587e-04
    outer loop
      vertex   3.452775e+01 -1.819568e+01 7.000001e-01
      vertex   3.462076e+01 -1.817027e+01 7.000001e-01
      vertex   3.458624e+01 -1.818109e+01 -1.560000e+00
    endloop
  endfacet
  facet normal -2.204549e-01 9.753970e-01 5.929964e-04
    outer loop
      vertex   3.441956e+01 -1.822014e+01 7.000001e-01
      vertex   3.452775e+01 -1.819568e+01 7.000001e-01
      vertex   3.438400e+01 -1.822680e+01 -1.560000e+00
    endloop
  endfacet
  facet normal -2.204549e-01 9.753970e-01 5.929964e-04
    outer loop
      vertex   3.438400e+01 -1.822680e+01 -1.560000e+00
      vertex   3.452775e+01 -1.819568e+01 7.000001e-01
      vertex   3.458624e+01 -1.818109e+01 -1.560000e+00
    endloop
  endfacet
  facet normal -1.476477e-01 9.890398e-01 -5.927493e-04
    outer loop
      vertex   3.432419e+01 -1.823437e+01 7.000001e-01
      vertex   3.441956e+01 -1.822014e+01 7.000001e-01
      vertex   3.438400e+01 -1.822680e+01 -1.560000e+00
    endloop
  endfacet
  facet normal -1.035492e-01 9.946242e-01 5.929202e-04
    outer loop
      vertex   3.421387e+01 -1.824586e+01 7.000001e-01
      vertex   3.432419e+01 -1.823437e+01 7.000001e-01
      vertex   3.417778e+01 -1.824827e+01 -1.560000e+00
    endloop
  endfacet
  facet normal -1.035492e-01 9.946242e-01 5.929202e-04
    outer loop
      vertex   3.417778e+01 -1.824827e+01 -1.560000e+00
      vertex   3.432419e+01 -1.823437e+01 7.000001e-01
      vertex   3.438400e+01 -1.822680e+01 -1.560000e+00
    endloop
  endfacet
  facet normal -2.963288e-02 9.995607e-01 -5.927969e-04
    outer loop
      vertex   3.411749e+01 -1.824872e+01 7.000001e-01
      vertex   3.421387e+01 -1.824586e+01 7.000001e-01
      vertex   3.417778e+01 -1.824827e+01 -1.560000e+00
    endloop
  endfacet
  facet normal 1.481012e-02 9.998901e-01 5.927162e-04
    outer loop
      vertex   3.400658e+01 -1.824707e+01 7.000001e-01
      vertex   3.411749e+01 -1.824872e+01 7.000001e-01
      vertex   3.397045e+01 -1.824520e+01 -1.560000e+00
    endloop
  endfacet
  facet normal 1.481012e-02 9.998901e-01 5.927162e-04
    outer loop
      vertex   3.397045e+01 -1.824520e+01 -1.560000e+00
      vertex   3.411749e+01 -1.824872e+01 7.000001e-01
      vertex   3.417778e+01 -1.824827e+01 -1.560000e+00
    endloop
  endfacet
  facet normal 8.879849e-02 9.960494e-01 -5.932345e-04
    outer loop
      vertex   3.391054e+01 -1.823851e+01 7.000001e-01
      vertex   3.400658e+01 -1.824707e+01 7.000001e-01
      vertex   3.397045e+01 -1.824520e+01 -1.560000e+00
    endloop
  endfacet
  facet normal 1.329839e-01 9.911180e-01 5.926722e-04
    outer loop
      vertex   3.380060e+01 -1.822376e+01 7.000001e-01
      vertex   3.391054e+01 -1.823851e+01 7.000001e-01
      vertex   3.376495e+01 -1.821763e+01 -1.560000e+00
    endloop
  endfacet
  facet normal 1.329839e-01 9.911180e-01 5.926722e-04
    outer loop
      vertex   3.376495e+01 -1.821763e+01 -1.560000e+00
      vertex   3.391054e+01 -1.823851e+01 7.000001e-01
      vertex   3.397045e+01 -1.824520e+01 -1.560000e+00
    endloop
  endfacet
  facet normal 2.059742e-01 9.785572e-01 -5.928384e-04
    outer loop
      vertex   3.370625e+01 -1.820390e+01 7.000001e-01
      vertex   3.380060e+01 -1.822376e+01 7.000001e-01
      vertex   3.376495e+01 -1.821763e+01 -1.560000e+00
    endloop
  endfacet
  facet normal 2.492613e-01 9.684361e-01 5.929173e-04
    outer loop
      vertex   3.359883e+01 -1.817625e+01 7.000001e-01
      vertex   3.370625e+01 -1.820390e+01 7.000001e-01
      vertex   3.356416e+01 -1.816594e+01 -1.560000e+00
    endloop
  endfacet
  facet normal 2.492613e-01 9.684361e-01 5.929173e-04
    outer loop
      vertex   3.356416e+01 -1.816594e+01 -1.560000e+00
      vertex   3.370625e+01 -1.820390e+01 7.000001e-01
      vertex   3.376495e+01 -1.821763e+01 -1.560000e+00
    endloop
  endfacet
  facet normal 3.202712e-01 9.473257e-01 -5.928909e-04
    outer loop
      vertex   3.350749e+01 -1.814537e+01 7.000001e-01
      vertex   3.359883e+01 -1.817625e+01 7.000001e-01
      vertex   3.356416e+01 -1.816594e+01 -1.560000e+00
    endloop
  endfacet
  facet normal 3.620538e-01 9.321570e-01 5.928082e-04
    outer loop
      vertex   3.340409e+01 -1.810521e+01 7.000001e-01
      vertex   3.350749e+01 -1.814537e+01 7.000001e-01
      vertex   3.337088e+01 -1.809088e+01 -1.560000e+00
    endloop
  endfacet
  facet normal 3.620538e-01 9.321570e-01 5.928082e-04
    outer loop
      vertex   3.337088e+01 -1.809088e+01 -1.560000e+00
      vertex   3.350749e+01 -1.814537e+01 7.000001e-01
      vertex   3.356416e+01 -1.816594e+01 -1.560000e+00
    endloop
  endfacet
  facet normal 4.300679e-01 9.027964e-01 -5.929178e-04
    outer loop
      vertex   3.331705e+01 -1.806375e+01 7.000001e-01
      vertex   3.340409e+01 -1.810521e+01 7.000001e-01
      vertex   3.337088e+01 -1.809088e+01 -1.560000e+00
    endloop
  endfacet
  facet normal 4.697679e-01 8.827898e-01 5.929341e-04
    outer loop
      vertex   3.321912e+01 -1.801164e+01 7.000001e-01
      vertex   3.331705e+01 -1.806375e+01 7.000001e-01
      vertex   3.318784e+01 -1.799347e+01 -1.560000e+00
    endloop
  endfacet
  facet normal 4.697679e-01 8.827898e-01 5.929341e-04
    outer loop
      vertex   3.318784e+01 -1.799347e+01 -1.560000e+00
      vertex   3.331705e+01 -1.806375e+01 7.000001e-01
      vertex   3.337088e+01 -1.809088e+01 -1.560000e+00
    endloop
  endfacet
  facet normal 5.338198e-01 8.455980e-01 -5.926037e-04
    outer loop
      vertex   3.313759e+01 -1.796017e+01 7.000001e-01
      vertex   3.321912e+01 -1.801164e+01 7.000001e-01
      vertex   3.318784e+01 -1.799347e+01 -1.560000e+00
    endloop
  endfacet
  facet normal 5.708656e-01 8.210433e-01 5.929212e-04
    outer loop
      vertex   3.304652e+01 -1.789684e+01 7.000001e-01
      vertex   3.313759e+01 -1.796017e+01 7.000001e-01
      vertex   3.301760e+01 -1.787511e+01 -1.560000e+00
    endloop
  endfacet
  facet normal 5.708656e-01 8.210433e-01 5.929212e-04
    outer loop
      vertex   3.301760e+01 -1.787511e+01 -1.560000e+00
      vertex   3.313759e+01 -1.796017e+01 7.000001e-01
      vertex   3.318784e+01 -1.799347e+01 -1.560000e+00
    endloop
  endfacet
  facet normal 6.300872e-01 7.765242e-01 -5.929908e-04
    outer loop
      vertex   3.297165e+01 -1.783609e+01 7.000001e-01
      vertex   3.304652e+01 -1.789684e+01 7.000001e-01
      vertex   3.301760e+01 -1.787511e+01 -1.560000e+00
    endloop
  endfacet
  facet normal 6.639779e-01 7.477520e-01 5.928529e-04
    outer loop
      vertex   3.288870e+01 -1.776244e+01 7.000001e-01
      vertex   3.297165e+01 -1.783609e+01 7.000001e-01
      vertex   3.286256e+01 -1.773744e+01 -1.560000e+00
    endloop
  endfacet
  facet normal 6.639779e-01 7.477520e-01 5.928529e-04
    outer loop
      vertex   3.286256e+01 -1.773744e+01 -1.560000e+00
      vertex   3.297165e+01 -1.783609e+01 7.000001e-01
      vertex   3.301760e+01 -1.787511e+01 -1.560000e+00
    endloop
  endfacet
  facet normal 7.175045e-01 6.965536e-01 -5.927677e-04
    outer loop
      vertex   3.282154e+01 -1.769326e+01 7.000001e-01
      vertex   3.288870e+01 -1.776244e+01 7.000001e-01
      vertex   3.286256e+01 -1.773744e+01 -1.560000e+00
    endloop
  endfacet
  facet normal 7.477580e-01 6.639711e-01 5.932048e-04
    outer loop
      vertex   3.274789e+01 -1.761032e+01 7.000001e-01
      vertex   3.282154e+01 -1.769326e+01 7.000001e-01
      vertex   3.272489e+01 -1.758240e+01 -1.560000e+00
    endloop
  endfacet
  facet normal 7.477580e-01 6.639711e-01 5.932048e-04
    outer loop
      vertex   3.272489e+01 -1.758240e+01 -1.560000e+00
      vertex   3.282154e+01 -1.769326e+01 7.000001e-01
      vertex   3.286256e+01 -1.773744e+01 -1.560000e+00
    endloop
  endfacet
  facet normal -2.379708e-01 9.712723e-01 -4.536449e-15
    outer loop
      vertex   3.295769e+01 -1.292599e+01 -1.560000e+00
      vertex   3.295769e+01 -1.292599e+01 3.300000e+00
      vertex   3.298961e+01 -1.291817e+01 -1.560000e+00
    endloop
  endfacet
  facet normal -2.379708e-01 9.712723e-01 0.000000e+00
    outer loop
      vertex   3.298961e+01 -1.291817e+01 -1.560000e+00
      vertex   3.295769e+01 -1.292599e+01 3.300000e+00
      vertex   3.298961e+01 -1.291817e+01 3.300000e+00
    endloop
  endfacet
  facet normal -2.570095e-01 9.664089e-01 0.000000e+00
    outer loop
      vertex   3.328440e+01 -1.283977e+01 3.300000e+00
      vertex   3.328440e+01 -1.283977e+01 -1.560000e+00
      vertex   3.298961e+01 -1.291817e+01 3.300000e+00
    endloop
  endfacet
  facet normal -2.570095e-01 9.664089e-01 0.000000e+00
    outer loop
      vertex   3.298961e+01 -1.291817e+01 3.300000e+00
      vertex   3.328440e+01 -1.283977e+01 -1.560000e+00
      vertex   3.298961e+01 -1.291817e+01 -1.560000e+00
    endloop
  endfacet
  facet normal -1.776166e-01 9.840998e-01 0.000000e+00
    outer loop
      vertex   3.358458e+01 -1.278559e+01 3.300000e+00
      vertex   3.358458e+01 -1.278559e+01 -1.560000e+00
      vertex   3.328440e+01 -1.283977e+01 3.300000e+00
    endloop
  endfacet
  facet normal -1.776166e-01 9.840998e-01 0.000000e+00
    outer loop
      vertex   3.328440e+01 -1.283977e+01 3.300000e+00
      vertex   3.358458e+01 -1.278559e+01 -1.560000e+00
      vertex   3.328440e+01 -1.283977e+01 -1.560000e+00
    endloop
  endfacet
  facet normal -9.704407e-02 9.952801e-01 0.000000e+00
    outer loop
      vertex   3.388818e+01 -1.275599e+01 3.300000e+00
      vertex   3.388818e+01 -1.275599e+01 -1.560000e+00
      vertex   3.358458e+01 -1.278559e+01 3.300000e+00
    endloop
  endfacet
  facet normal -9.704407e-02 9.952801e-01 0.000000e+00
    outer loop
      vertex   3.358458e+01 -1.278559e+01 3.300000e+00
      vertex   3.388818e+01 -1.275599e+01 -1.560000e+00
      vertex   3.358458e+01 -1.278559e+01 -1.560000e+00
    endloop
  endfacet
  facet normal -1.583126e-02 9.998747e-01 0.000000e+00
    outer loop
      vertex   3.419318e+01 -1.275116e+01 3.300000e+00
      vertex   3.419318e+01 -1.275116e+01 -1.560000e+00
      vertex   3.388818e+01 -1.275599e+01 3.300000e+00
    endloop
  endfacet
  facet normal -1.583126e-02 9.998747e-01 0.000000e+00
    outer loop
      vertex   3.388818e+01 -1.275599e+01 3.300000e+00
      vertex   3.419318e+01 -1.275116e+01 -1.560000e+00
      vertex   3.388818e+01 -1.275599e+01 -1.560000e+00
    endloop
  endfacet
  facet normal 6.548351e-02 9.978537e-01 0.000000e+00
    outer loop
      vertex   3.449756e+01 -1.277113e+01 3.300000e+00
      vertex   3.449756e+01 -1.277113e+01 -1.560000e+00
      vertex   3.419318e+01 -1.275116e+01 3.300000e+00
    endloop
  endfacet
  facet normal 6.548351e-02 9.978537e-01 0.000000e+00
    outer loop
      vertex   3.419318e+01 -1.275116e+01 3.300000e+00
      vertex   3.449756e+01 -1.277113e+01 -1.560000e+00
      vertex   3.419318e+01 -1.275116e+01 -1.560000e+00
    endloop
  endfacet
  facet normal 1.463749e-01 9.892292e-01 0.000000e+00
    outer loop
      vertex   3.479932e+01 -1.281578e+01 3.300000e+00
      vertex   3.479932e+01 -1.281578e+01 -1.560000e+00
      vertex   3.449756e+01 -1.277113e+01 3.300000e+00
    endloop
  endfacet
  facet normal 1.463749e-01 9.892292e-01 0.000000e+00
    outer loop
      vertex   3.449756e+01 -1.277113e+01 3.300000e+00
      vertex   3.479932e+01 -1.281578e+01 -1.560000e+00
      vertex   3.449756e+01 -1.277113e+01 -1.560000e+00
    endloop
  endfacet
  facet normal 2.262884e-01 9.740604e-01 0.000000e+00
    outer loop
      vertex   3.509644e+01 -1.288481e+01 3.300000e+00
      vertex   3.509644e+01 -1.288481e+01 -1.560000e+00
      vertex   3.479932e+01 -1.281578e+01 3.300000e+00
    endloop
  endfacet
  facet normal 2.262884e-01 9.740604e-01 0.000000e+00
    outer loop
      vertex   3.479932e+01 -1.281578e+01 3.300000e+00
      vertex   3.509644e+01 -1.288481e+01 -1.560000e+00
      vertex   3.479932e+01 -1.281578e+01 -1.560000e+00
    endloop
  endfacet
  facet normal 3.047044e-01 9.524470e-01 0.000000e+00
    outer loop
      vertex   3.538697e+01 -1.297776e+01 3.300000e+00
      vertex   3.538697e+01 -1.297776e+01 -1.560000e+00
      vertex   3.509644e+01 -1.288481e+01 3.300000e+00
    endloop
  endfacet
  facet normal 3.047044e-01 9.524470e-01 0.000000e+00
    outer loop
      vertex   3.509644e+01 -1.288481e+01 3.300000e+00
      vertex   3.538697e+01 -1.297776e+01 -1.560000e+00
      vertex   3.509644e+01 -1.288481e+01 -1.560000e+00
    endloop
  endfacet
  facet normal 3.811073e-01 9.245308e-01 0.000000e+00
    outer loop
      vertex   3.566898e+01 -1.309401e+01 3.300000e+00
      vertex   3.566898e+01 -1.309401e+01 -1.560000e+00
      vertex   3.538697e+01 -1.297776e+01 3.300000e+00
    endloop
  endfacet
  facet normal 3.811073e-01 9.245308e-01 0.000000e+00
    outer loop
      vertex   3.538697e+01 -1.297776e+01 3.300000e+00
      vertex   3.566898e+01 -1.309401e+01 -1.560000e+00
      vertex   3.538697e+01 -1.297776e+01 -1.560000e+00
    endloop
  endfacet
  facet normal 4.549908e-01 8.904962e-01 0.000000e+00
    outer loop
      vertex   3.594062e+01 -1.323280e+01 3.300000e+00
      vertex   3.594062e+01 -1.323280e+01 -1.560000e+00
      vertex   3.566898e+01 -1.309401e+01 3.300000e+00
    endloop
  endfacet
  facet normal 4.549908e-01 8.904962e-01 0.000000e+00
    outer loop
      vertex   3.566898e+01 -1.309401e+01 3.300000e+00
      vertex   3.594062e+01 -1.323280e+01 -1.560000e+00
      vertex   3.566898e+01 -1.309401e+01 -1.560000e+00
    endloop
  endfacet
  facet normal 5.258588e-01 8.505719e-01 0.000000e+00
    outer loop
      vertex   3.620008e+01 -1.339320e+01 3.300000e+00
      vertex   3.620008e+01 -1.339320e+01 -1.560000e+00
      vertex   3.594062e+01 -1.323280e+01 3.300000e+00
    endloop
  endfacet
  facet normal 5.258588e-01 8.505719e-01 0.000000e+00
    outer loop
      vertex   3.594062e+01 -1.323280e+01 3.300000e+00
      vertex   3.620008e+01 -1.339320e+01 -1.560000e+00
      vertex   3.594062e+01 -1.323280e+01 -1.560000e+00
    endloop
  endfacet
  facet normal 5.932557e-01 8.050141e-01 0.000000e+00
    outer loop
      vertex   3.644563e+01 -1.357417e+01 3.300000e+00
      vertex   3.644563e+01 -1.357417e+01 -1.560000e+00
      vertex   3.620008e+01 -1.339320e+01 3.300000e+00
    endloop
  endfacet
  facet normal 5.932557e-01 8.050141e-01 0.000000e+00
    outer loop
      vertex   3.620008e+01 -1.339320e+01 3.300000e+00
      vertex   3.644563e+01 -1.357417e+01 -1.560000e+00
      vertex   3.620008e+01 -1.339320e+01 -1.560000e+00
    endloop
  endfacet
  facet normal 6.567154e-01 7.541385e-01 0.000000e+00
    outer loop
      vertex   3.667567e+01 -1.377449e+01 3.300000e+00
      vertex   3.667567e+01 -1.377449e+01 -1.560000e+00
      vertex   3.644563e+01 -1.357417e+01 3.300000e+00
    endloop
  endfacet
  facet normal 6.567154e-01 7.541385e-01 0.000000e+00
    outer loop
      vertex   3.644563e+01 -1.357417e+01 3.300000e+00
      vertex   3.667567e+01 -1.377449e+01 -1.560000e+00
      vertex   3.644563e+01 -1.357417e+01 -1.560000e+00
    endloop
  endfacet
  facet normal 7.158355e-01 6.982690e-01 0.000000e+00
    outer loop
      vertex   3.688867e+01 -1.399285e+01 3.300000e+00
      vertex   3.688867e+01 -1.399285e+01 -1.560000e+00
      vertex   3.667567e+01 -1.377449e+01 3.300000e+00
    endloop
  endfacet
  facet normal 7.158355e-01 6.982690e-01 0.000000e+00
    outer loop
      vertex   3.667567e+01 -1.377449e+01 3.300000e+00
      vertex   3.688867e+01 -1.399285e+01 -1.560000e+00
      vertex   3.667567e+01 -1.377449e+01 -1.560000e+00
    endloop
  endfacet
  facet normal 7.702225e-01 6.377753e-01 0.000000e+00
    outer loop
      vertex   3.708322e+01 -1.422779e+01 3.300000e+00
      vertex   3.708322e+01 -1.422779e+01 -1.560000e+00
      vertex   3.688867e+01 -1.399285e+01 3.300000e+00
    endloop
  endfacet
  facet normal 7.702225e-01 6.377753e-01 0.000000e+00
    outer loop
      vertex   3.688867e+01 -1.399285e+01 3.300000e+00
      vertex   3.708322e+01 -1.422779e+01 -1.560000e+00
      vertex   3.688867e+01 -1.399285e+01 -1.560000e+00
    endloop
  endfacet
  facet normal 8.195133e-01 5.730602e-01 0.000000e+00
    outer loop
      vertex   3.725802e+01 -1.447777e+01 3.300000e+00
      vertex   3.725802e+01 -1.447777e+01 -1.560000e+00
      vertex   3.708322e+01 -1.422779e+01 3.300000e+00
    endloop
  endfacet
  facet normal 8.195133e-01 5.730602e-01 0.000000e+00
    outer loop
      vertex   3.708322e+01 -1.422779e+01 3.300000e+00
      vertex   3.725802e+01 -1.447777e+01 -1.560000e+00
      vertex   3.708322e+01 -1.422779e+01 -1.560000e+00
    endloop
  endfacet
  facet normal 8.633700e-01 5.045714e-01 0.000000e+00
    outer loop
      vertex   3.741193e+01 -1.474113e+01 3.300000e+00
      vertex   3.741193e+01 -1.474113e+01 -1.560000e+00
      vertex   3.725802e+01 -1.447777e+01 3.300000e+00
    endloop
  endfacet
  facet normal 8.633700e-01 5.045714e-01 0.000000e+00
    outer loop
      vertex   3.725802e+01 -1.447777e+01 3.300000e+00
      vertex   3.741193e+01 -1.474113e+01 -1.560000e+00
      vertex   3.725802e+01 -1.447777e+01 -1.560000e+00
    endloop
  endfacet
  facet normal 9.015311e-01 4.327143e-01 0.000000e+00
    outer loop
      vertex   3.754393e+01 -1.501613e+01 3.300000e+00
      vertex   3.754393e+01 -1.501613e+01 -1.560000e+00
      vertex   3.741193e+01 -1.474113e+01 3.300000e+00
    endloop
  endfacet
  facet normal 9.015311e-01 4.327143e-01 0.000000e+00
    outer loop
      vertex   3.741193e+01 -1.474113e+01 3.300000e+00
      vertex   3.754393e+01 -1.501613e+01 -1.560000e+00
      vertex   3.741193e+01 -1.474113e+01 -1.560000e+00
    endloop
  endfacet
  facet normal 9.337132e-01 3.580220e-01 0.000000e+00
    outer loop
      vertex   3.765314e+01 -1.530095e+01 3.300000e+00
      vertex   3.765314e+01 -1.530095e+01 -1.560000e+00
      vertex   3.754393e+01 -1.501613e+01 3.300000e+00
    endloop
  endfacet
  facet normal 9.337132e-01 3.580220e-01 0.000000e+00
    outer loop
      vertex   3.754393e+01 -1.501613e+01 3.300000e+00
      vertex   3.765314e+01 -1.530095e+01 -1.560000e+00
      vertex   3.754393e+01 -1.501613e+01 -1.560000e+00
    endloop
  endfacet
  facet normal 9.597250e-01 2.809412e-01 0.000000e+00
    outer loop
      vertex   3.773883e+01 -1.559370e+01 3.300000e+00
      vertex   3.773883e+01 -1.559370e+01 -1.560000e+00
      vertex   3.765314e+01 -1.530095e+01 3.300000e+00
    endloop
  endfacet
  facet normal 9.597250e-01 2.809412e-01 0.000000e+00
    outer loop
      vertex   3.765314e+01 -1.530095e+01 3.300000e+00
      vertex   3.773883e+01 -1.559370e+01 -1.560000e+00
      vertex   3.765314e+01 -1.530095e+01 -1.560000e+00
    endloop
  endfacet
  facet normal 9.793796e-01 2.020287e-01 0.000000e+00
    outer loop
      vertex   3.780046e+01 -1.589245e+01 3.300000e+00
      vertex   3.780046e+01 -1.589245e+01 -1.560000e+00
      vertex   3.773883e+01 -1.559370e+01 3.300000e+00
    endloop
  endfacet
  facet normal 9.793796e-01 2.020287e-01 0.000000e+00
    outer loop
      vertex   3.773883e+01 -1.559370e+01 3.300000e+00
      vertex   3.780046e+01 -1.589245e+01 -1.560000e+00
      vertex   3.773883e+01 -1.559370e+01 -1.560000e+00
    endloop
  endfacet
  facet normal 9.925616e-01 1.217434e-01 0.000000e+00
    outer loop
      vertex   3.783760e+01 -1.619521e+01 3.300000e+00
      vertex   3.783760e+01 -1.619521e+01 -1.560000e+00
      vertex   3.780046e+01 -1.589245e+01 3.300000e+00
    endloop
  endfacet
  facet normal 9.925616e-01 1.217434e-01 0.000000e+00
    outer loop
      vertex   3.780046e+01 -1.589245e+01 3.300000e+00
      vertex   3.783760e+01 -1.619521e+01 -1.560000e+00
      vertex   3.780046e+01 -1.589245e+01 -1.560000e+00
    endloop
  endfacet
  facet normal 9.991731e-01 4.065911e-02 0.000000e+00
    outer loop
      vertex   3.785000e+01 -1.650000e+01 3.300000e+00
      vertex   3.785000e+01 -1.650000e+01 -1.560000e+00
      vertex   3.783760e+01 -1.619521e+01 3.300000e+00
    endloop
  endfacet
  facet normal 9.991731e-01 4.065911e-02 0.000000e+00
    outer loop
      vertex   3.783760e+01 -1.619521e+01 3.300000e+00
      vertex   3.785000e+01 -1.650000e+01 -1.560000e+00
      vertex   3.783760e+01 -1.619521e+01 -1.560000e+00
    endloop
  endfacet
  facet normal 9.991731e-01 -4.065911e-02 0.000000e+00
    outer loop
      vertex   3.783760e+01 -1.680478e+01 3.300000e+00
      vertex   3.783760e+01 -1.680478e+01 -1.560000e+00
      vertex   3.785000e+01 -1.650000e+01 3.300000e+00
    endloop
  endfacet
  facet normal 9.991731e-01 -4.065911e-02 0.000000e+00
    outer loop
      vertex   3.785000e+01 -1.650000e+01 3.300000e+00
      vertex   3.783760e+01 -1.680478e+01 -1.560000e+00
      vertex   3.785000e+01 -1.650000e+01 -1.560000e+00
    endloop
  endfacet
  facet normal 9.925617e-01 -1.217430e-01 0.000000e+00
    outer loop
      vertex   3.780046e+01 -1.710755e+01 3.300000e+00
      vertex   3.780046e+01 -1.710755e+01 -1.560000e+00
      vertex   3.783760e+01 -1.680478e+01 3.300000e+00
    endloop
  endfacet
  facet normal 9.925617e-01 -1.217430e-01 0.000000e+00
    outer loop
      vertex   3.783760e+01 -1.680478e+01 3.300000e+00
      vertex   3.780046e+01 -1.710755e+01 -1.560000e+00
      vertex   3.783760e+01 -1.680478e+01 -1.560000e+00
    endloop
  endfacet
  facet normal 9.793796e-01 -2.020287e-01 0.000000e+00
    outer loop
      vertex   3.773883e+01 -1.740630e+01 3.300000e+00
      vertex   3.773883e+01 -1.740630e+01 -1.560000e+00
      vertex   3.780046e+01 -1.710755e+01 3.300000e+00
    endloop
  endfacet
  facet normal 9.793796e-01 -2.020287e-01 0.000000e+00
    outer loop
      vertex   3.780046e+01 -1.710755e+01 3.300000e+00
      vertex   3.773883e+01 -1.740630e+01 -1.560000e+00
      vertex   3.780046e+01 -1.710755e+01 -1.560000e+00
    endloop
  endfacet
  facet normal 9.597250e-01 -2.809412e-01 0.000000e+00
    outer loop
      vertex   3.765314e+01 -1.769905e+01 3.300000e+00
      vertex   3.765314e+01 -1.769905e+01 -1.560000e+00
      vertex   3.773883e+01 -1.740630e+01 3.300000e+00
    endloop
  endfacet
  facet normal 9.597250e-01 -2.809412e-01 0.000000e+00
    outer loop
      vertex   3.773883e+01 -1.740630e+01 3.300000e+00
      vertex   3.765314e+01 -1.769905e+01 -1.560000e+00
      vertex   3.773883e+01 -1.740630e+01 -1.560000e+00
    endloop
  endfacet
  facet normal 9.337132e-01 -3.580220e-01 0.000000e+00
    outer loop
      vertex   3.754393e+01 -1.798387e+01 3.300000e+00
      vertex   3.754393e+01 -1.798387e+01 -1.560000e+00
      vertex   3.765314e+01 -1.769905e+01 3.300000e+00
    endloop
  endfacet
  facet normal 9.337132e-01 -3.580220e-01 0.000000e+00
    outer loop
      vertex   3.765314e+01 -1.769905e+01 3.300000e+00
      vertex   3.754393e+01 -1.798387e+01 -1.560000e+00
      vertex   3.765314e+01 -1.769905e+01 -1.560000e+00
    endloop
  endfacet
  facet normal 9.015311e-01 -4.327143e-01 0.000000e+00
    outer loop
      vertex   3.741193e+01 -1.825887e+01 3.300000e+00
      vertex   3.741193e+01 -1.825887e+01 -1.560000e+00
      vertex   3.754393e+01 -1.798387e+01 3.300000e+00
    endloop
  endfacet
  facet normal 9.015311e-01 -4.327143e-01 0.000000e+00
    outer loop
      vertex   3.754393e+01 -1.798387e+01 3.300000e+00
      vertex   3.741193e+01 -1.825887e+01 -1.560000e+00
      vertex   3.754393e+01 -1.798387e+01 -1.560000e+00
    endloop
  endfacet
  facet normal 8.633700e-01 -5.045714e-01 0.000000e+00
    outer loop
      vertex   3.725802e+01 -1.852223e+01 3.300000e+00
      vertex   3.725802e+01 -1.852223e+01 -1.560000e+00
      vertex   3.741193e+01 -1.825887e+01 3.300000e+00
    endloop
  endfacet
  facet normal 8.633700e-01 -5.045714e-01 0.000000e+00
    outer loop
      vertex   3.741193e+01 -1.825887e+01 3.300000e+00
      vertex   3.725802e+01 -1.852223e+01 -1.560000e+00
      vertex   3.741193e+01 -1.825887e+01 -1.560000e+00
    endloop
  endfacet
  facet normal 8.195120e-01 -5.730620e-01 0.000000e+00
    outer loop
      vertex   3.708322e+01 -1.877221e+01 3.300000e+00
      vertex   3.708322e+01 -1.877221e+01 -1.560000e+00
      vertex   3.725802e+01 -1.852223e+01 3.300000e+00
    endloop
  endfacet
  facet normal 8.195120e-01 -5.730620e-01 0.000000e+00
    outer loop
      vertex   3.725802e+01 -1.852223e+01 3.300000e+00
      vertex   3.708322e+01 -1.877221e+01 -1.560000e+00
      vertex   3.725802e+01 -1.852223e+01 -1.560000e+00
    endloop
  endfacet
  facet normal 7.702241e-01 -6.377734e-01 0.000000e+00
    outer loop
      vertex   3.688867e+01 -1.900715e+01 3.300000e+00
      vertex   3.688867e+01 -1.900715e+01 -1.560000e+00
      vertex   3.708322e+01 -1.877221e+01 3.300000e+00
    endloop
  endfacet
  facet normal 7.702241e-01 -6.377734e-01 0.000000e+00
    outer loop
      vertex   3.708322e+01 -1.877221e+01 3.300000e+00
      vertex   3.688867e+01 -1.900715e+01 -1.560000e+00
      vertex   3.708322e+01 -1.877221e+01 -1.560000e+00
    endloop
  endfacet
  facet normal 7.158355e-01 -6.982690e-01 0.000000e+00
    outer loop
      vertex   3.667567e+01 -1.922551e+01 3.300000e+00
      vertex   3.667567e+01 -1.922551e+01 -1.560000e+00
      vertex   3.688867e+01 -1.900715e+01 3.300000e+00
    endloop
  endfacet
  facet normal 7.158355e-01 -6.982690e-01 0.000000e+00
    outer loop
      vertex   3.688867e+01 -1.900715e+01 3.300000e+00
      vertex   3.667567e+01 -1.922551e+01 -1.560000e+00
      vertex   3.688867e+01 -1.900715e+01 -1.560000e+00
    endloop
  endfacet
  facet normal 6.567154e-01 -7.541385e-01 0.000000e+00
    outer loop
      vertex   3.644563e+01 -1.942583e+01 3.300000e+00
      vertex   3.644563e+01 -1.942583e+01 -1.560000e+00
      vertex   3.667567e+01 -1.922551e+01 3.300000e+00
    endloop
  endfacet
  facet normal 6.567154e-01 -7.541385e-01 0.000000e+00
    outer loop
      vertex   3.667567e+01 -1.922551e+01 3.300000e+00
      vertex   3.644563e+01 -1.942583e+01 -1.560000e+00
      vertex   3.667567e+01 -1.922551e+01 -1.560000e+00
    endloop
  endfacet
  facet normal 5.932582e-01 -8.050122e-01 0.000000e+00
    outer loop
      vertex   3.620008e+01 -1.960680e+01 3.300000e+00
      vertex   3.620008e+01 -1.960680e+01 -1.560000e+00
      vertex   3.644563e+01 -1.942583e+01 3.300000e+00
    endloop
  endfacet
  facet normal 5.932582e-01 -8.050122e-01 0.000000e+00
    outer loop
      vertex   3.644563e+01 -1.942583e+01 3.300000e+00
      vertex   3.620008e+01 -1.960680e+01 -1.560000e+00
      vertex   3.644563e+01 -1.942583e+01 -1.560000e+00
    endloop
  endfacet
  facet normal 5.258559e-01 -8.505737e-01 0.000000e+00
    outer loop
      vertex   3.594062e+01 -1.976720e+01 3.300000e+00
      vertex   3.594062e+01 -1.976720e+01 -1.560000e+00
      vertex   3.620008e+01 -1.960680e+01 3.300000e+00
    endloop
  endfacet
  facet normal 5.258559e-01 -8.505737e-01 0.000000e+00
    outer loop
      vertex   3.620008e+01 -1.960680e+01 3.300000e+00
      vertex   3.594062e+01 -1.976720e+01 -1.560000e+00
      vertex   3.620008e+01 -1.960680e+01 -1.560000e+00
    endloop
  endfacet
  facet normal 4.549877e-01 -8.904977e-01 0.000000e+00
    outer loop
      vertex   3.566898e+01 -1.990599e+01 3.300000e+00
      vertex   3.566898e+01 -1.990599e+01 -1.560000e+00
      vertex   3.594062e+01 -1.976720e+01 3.300000e+00
    endloop
  endfacet
  facet normal 4.549877e-01 -8.904977e-01 0.000000e+00
    outer loop
      vertex   3.594062e+01 -1.976720e+01 3.300000e+00
      vertex   3.566898e+01 -1.990599e+01 -1.560000e+00
      vertex   3.594062e+01 -1.976720e+01 -1.560000e+00
    endloop
  endfacet
  facet normal 3.811140e-01 -9.245281e-01 0.000000e+00
    outer loop
      vertex   3.538697e+01 -2.002225e+01 3.300000e+00
      vertex   3.538697e+01 -2.002225e+01 -1.560000e+00
      vertex   3.566898e+01 -1.990599e+01 3.300000e+00
    endloop
  endfacet
  facet normal 3.811140e-01 -9.245281e-01 0.000000e+00
    outer loop
      vertex   3.566898e+01 -1.990599e+01 3.300000e+00
      vertex   3.538697e+01 -2.002225e+01 -1.560000e+00
      vertex   3.566898e+01 -1.990599e+01 -1.560000e+00
    endloop
  endfacet
  facet normal 3.047009e-01 -9.524481e-01 0.000000e+00
    outer loop
      vertex   3.509644e+01 -2.011519e+01 3.300000e+00
      vertex   3.509644e+01 -2.011519e+01 -1.560000e+00
      vertex   3.538697e+01 -2.002225e+01 3.300000e+00
    endloop
  endfacet
  facet normal 3.047009e-01 -9.524481e-01 0.000000e+00
    outer loop
      vertex   3.538697e+01 -2.002225e+01 3.300000e+00
      vertex   3.509644e+01 -2.011519e+01 -1.560000e+00
      vertex   3.538697e+01 -2.002225e+01 -1.560000e+00
    endloop
  endfacet
  facet normal 2.262921e-01 -9.740595e-01 0.000000e+00
    outer loop
      vertex   3.479932e+01 -2.018422e+01 3.300000e+00
      vertex   3.479932e+01 -2.018422e+01 -1.560000e+00
      vertex   3.509644e+01 -2.011519e+01 3.300000e+00
    endloop
  endfacet
  facet normal 2.262921e-01 -9.740595e-01 0.000000e+00
    outer loop
      vertex   3.509644e+01 -2.011519e+01 3.300000e+00
      vertex   3.479932e+01 -2.018422e+01 -1.560000e+00
      vertex   3.509644e+01 -2.011519e+01 -1.560000e+00
    endloop
  endfacet
  facet normal 1.463711e-01 -9.892298e-01 0.000000e+00
    outer loop
      vertex   3.449756e+01 -2.022887e+01 3.300000e+00
      vertex   3.449756e+01 -2.022887e+01 -1.560000e+00
      vertex   3.479932e+01 -2.018422e+01 3.300000e+00
    endloop
  endfacet
  facet normal 1.463711e-01 -9.892298e-01 0.000000e+00
    outer loop
      vertex   3.479932e+01 -2.018422e+01 3.300000e+00
      vertex   3.449756e+01 -2.022887e+01 -1.560000e+00
      vertex   3.479932e+01 -2.018422e+01 -1.560000e+00
    endloop
  endfacet
  facet normal 6.548351e-02 -9.978537e-01 0.000000e+00
    outer loop
      vertex   3.419318e+01 -2.024884e+01 3.300000e+00
      vertex   3.419318e+01 -2.024884e+01 -1.560000e+00
      vertex   3.449756e+01 -2.022887e+01 3.300000e+00
    endloop
  endfacet
  facet normal 6.548351e-02 -9.978537e-01 0.000000e+00
    outer loop
      vertex   3.449756e+01 -2.022887e+01 3.300000e+00
      vertex   3.419318e+01 -2.024884e+01 -1.560000e+00
      vertex   3.449756e+01 -2.022887e+01 -1.560000e+00
    endloop
  endfacet
  facet normal -1.582736e-02 -9.998747e-01 -0.000000e+00
    outer loop
      vertex   3.388818e+01 -2.024401e+01 3.300000e+00
      vertex   3.388818e+01 -2.024401e+01 -1.560000e+00
      vertex   3.419318e+01 -2.024884e+01 3.300000e+00
    endloop
  endfacet
  facet normal -1.582736e-02 -9.998747e-01 -0.000000e+00
    outer loop
      vertex   3.419318e+01 -2.024884e+01 3.300000e+00
      vertex   3.388818e+01 -2.024401e+01 -1.560000e+00
      vertex   3.419318e+01 -2.024884e+01 -1.560000e+00
    endloop
  endfacet
  facet normal -9.704407e-02 -9.952801e-01 -0.000000e+00
    outer loop
      vertex   3.358458e+01 -2.021441e+01 3.300000e+00
      vertex   3.358458e+01 -2.021441e+01 -1.560000e+00
      vertex   3.388818e+01 -2.024401e+01 3.300000e+00
    endloop
  endfacet
  facet normal -9.704407e-02 -9.952801e-01 -0.000000e+00
    outer loop
      vertex   3.388818e+01 -2.024401e+01 3.300000e+00
      vertex   3.358458e+01 -2.021441e+01 -1.560000e+00
      vertex   3.388818e+01 -2.024401e+01 -1.560000e+00
    endloop
  endfacet
  facet normal -1.776204e-01 -9.840991e-01 -0.000000e+00
    outer loop
      vertex   3.328440e+01 -2.016023e+01 3.300000e+00
      vertex   3.328440e+01 -2.016023e+01 -1.560000e+00
      vertex   3.358458e+01 -2.021441e+01 3.300000e+00
    endloop
  endfacet
  facet normal -1.776204e-01 -9.840991e-01 -0.000000e+00
    outer loop
      vertex   3.358458e+01 -2.021441e+01 3.300000e+00
      vertex   3.328440e+01 -2.016023e+01 -1.560000e+00
      vertex   3.358458e+01 -2.021441e+01 -1.560000e+00
    endloop
  endfacet
  facet normal 1.000000e+00 -0.000000e+00 0.000000e+00
    outer loop
      vertex   3.130000e+01 -1.057216e+01 3.300000e+00
      vertex   3.130000e+01 -1.057216e+01 -1.560000e+00
      vertex   3.130000e+01 -1.400001e+00 3.300000e+00
    endloop
  endfacet
  facet normal 1.000000e+00 0.000000e+00 0.000000e+00
    outer loop
      vertex   3.130000e+01 -1.400001e+00 3.300000e+00
      vertex   3.130000e+01 -1.057216e+01 -1.560000e+00
      vertex   3.130000e+01 -1.400001e+00 -1.560000e+00
    endloop
  endfacet
  facet normal 1.000000e+00 0.000000e+00 -0.000000e+00
    outer loop
      vertex   3.130000e+01 -2.251228e+01 -1.560000e+00
      vertex   3.130000e+01 -2.251228e+01 3.300000e+00
      vertex   3.130000e+01 -3.690000e+01 -1.560000e+00
    endloop
  endfacet
  facet normal 1.000000e+00 0.000000e+00 0.000000e+00
    outer loop
      vertex   3.130000e+01 -3.690000e+01 -1.560000e+00
      vertex   3.130000e+01 -2.251228e+01 3.300000e+00
      vertex   3.130000e+01 -3.690000e+01 3.300000e+00
    endloop
  endfacet
  facet normal 1.000000e+00 -0.000000e+00 0.000000e+00
    outer loop
      vertex   3.130000e+01 -1.811427e+01 3.300000e+00
      vertex   3.130000e+01 -1.811427e+01 7.000001e-01
      vertex   3.130000e+01 -1.488048e+01 3.300000e+00
    endloop
  endfacet
  facet normal 1.000000e+00 0.000000e+00 0.000000e+00
    outer loop
      vertex   3.130000e+01 -1.488048e+01 3.300000e+00
      vertex   3.130000e+01 -1.811427e+01 7.000001e-01
      vertex   3.130000e+01 -1.488048e+01 7.000001e-01
    endloop
  endfacet
  facet normal -5.000000e-01 -8.660254e-01 -0.000000e+00
    outer loop
      vertex   8.700000e+00 -1.488342e+01 3.300000e+00
      vertex   5.900000e+00 -1.326684e+01 3.300000e+00
      vertex   8.700000e+00 -1.488342e+01 7.000001e-01
    endloop
  endfacet
  facet normal -5.000000e-01 -8.660254e-01 -2.176649e-16
    outer loop
      vertex   8.700000e+00 -1.488342e+01 7.000001e-01
      vertex   5.900000e+00 -1.326684e+01 3.300000e+00
      vertex   5.900000e+00 -1.326684e+01 7.000001e-01
    endloop
  endfacet
  facet normal 5.000000e-01 -8.660254e-01 1.708035e-16
    outer loop
      vertex   5.900000e+00 -1.326684e+01 3.300000e+00
      vertex   3.100000e+00 -1.488342e+01 3.300000e+00
      vertex   5.900000e+00 -1.326684e+01 7.000001e-01
    endloop
  endfacet
  facet normal 5.000000e-01 -8.660254e-01 9.175210e-17
    outer loop
      vertex   5.900000e+00 -1.326684e+01 7.000001e-01
      vertex   3.100000e+00 -1.488342e+01 3.300000e+00
      vertex   3.100000e+00 -1.488342e+01 7.000001e-01
    endloop
  endfacet
  facet normal 1.000000e+00 0.000000e+00 1.708035e-16
    outer loop
      vertex   3.100000e+00 -1.488342e+01 3.300000e+00
      vertex   3.100000e+00 -1.811658e+01 3.300000e+00
      vertex   3.100000e+00 -1.488342e+01 7.000001e-01
    endloop
  endfacet
  facet normal 1.000000e+00 0.000000e+00 1.708035e-16
    outer loop
      vertex   3.100000e+00 -1.488342e+01 7.000001e-01
      vertex   3.100000e+00 -1.811658e+01 3.300000e+00
      vertex   3.100000e+00 -1.811658e+01 7.000001e-01
    endloop
  endfacet
  facet normal 5.000000e-01 8.660254e-01 8.540177e-17
    outer loop
      vertex   3.100000e+00 -1.811658e+01 3.300000e+00
      vertex   5.900000e+00 -1.973316e+01 3.300000e+00
      vertex   3.100000e+00 -1.811658e+01 7.000001e-01
    endloop
  endfacet
  facet normal 5.000000e-01 8.660254e-01 1.450736e-16
    outer loop
      vertex   3.100000e+00 -1.811658e+01 7.000001e-01
      vertex   5.900000e+00 -1.973316e+01 3.300000e+00
      vertex   5.900000e+00 -1.973316e+01 7.000001e-01
    endloop
  endfacet
  facet normal -5.000000e-01 8.660254e-01 -1.708035e-16
    outer loop
      vertex   5.900000e+00 -1.973316e+01 3.300000e+00
      vertex   8.700000e+00 -1.811658e+01 3.300000e+00
      vertex   5.900000e+00 -1.973316e+01 7.000001e-01
    endloop
  endfacet
  facet normal -5.000000e-01 8.660254e-01 -3.941634e-17
    outer loop
      vertex   5.900000e+00 -1.973316e+01 7.000001e-01
      vertex   8.700000e+00 -1.811658e+01 3.300000e+00
      vertex   8.700000e+00 -1.811658e+01 7.000001e-01
    endloop
  endfacet
  facet normal 0.000000e+00 0.000000e+00 1.000000e+00
    outer loop
      vertex   7.145901e+00 -1.772885e+01 7.000001e-01
      vertex   7.074760e+00 -1.779393e+01 7.000001e-01
      vertex   8.700000e+00 -1.811658e+01 7.000001e-01
    endloop
  endfacet
  facet normal 0.000000e+00 0.000000e+00 1.000000e+00
    outer loop
      vertex   8.700000e+00 -1.811658e+01 7.000001e-01
      vertex   7.074760e+00 -1.779393e+01 7.000001e-01
      vertex   6.991816e+00 -1.786758e+01 7.000001e-01
    endloop
  endfacet
  facet normal 0.000000e+00 0.000000e+00 1.000000e+00
    outer loop
      vertex   8.700000e+00 -1.811658e+01 7.000001e-01
      vertex   6.991816e+00 -1.786758e+01 7.000001e-01
      vertex   6.913478e+00 -1.792379e+01 7.000001e-01
    endloop
  endfacet
  facet normal 0.000000e+00 0.000000e+00 1.000000e+00
    outer loop
      vertex   6.913478e+00 -1.792379e+01 7.000001e-01
      vertex   6.822405e+00 -1.798711e+01 7.000001e-01
      vertex   8.700000e+00 -1.811658e+01 7.000001e-01
    endloop
  endfacet
  facet normal 0.000000e+00 0.000000e+00 1.000000e+00
    outer loop
      vertex   8.700000e+00 -1.811658e+01 7.000001e-01
      vertex   6.822405e+00 -1.798711e+01 7.000001e-01
      vertex   5.900000e+00 -1.973316e+01 7.000001e-01
    endloop
  endfacet
  facet normal 0.000000e+00 0.000000e+00 1.000000e+00
    outer loop
      vertex   5.900000e+00 -1.973316e+01 7.000001e-01
      vertex   6.822405e+00 -1.798711e+01 7.000001e-01
      vertex   6.737968e+00 -1.803366e+01 7.000001e-01
    endloop
  endfacet
  facet normal 0.000000e+00 0.000000e+00 1.000000e+00
    outer loop
      vertex   5.900000e+00 -1.973316e+01 7.000001e-01
      vertex   6.737968e+00 -1.803366e+01 7.000001e-01
      vertex   6.640045e+00 -1.808577e+01 7.000001e-01
    endloop
  endfacet
  facet normal 0.000000e+00 0.000000e+00 1.000000e+00
    outer loop
      vertex   6.640045e+00 -1.808577e+01 7.000001e-01
      vertex   6.550695e+00 -1.812201e+01 7.000001e-01
      vertex   5.900000e+00 -1.973316e+01 7.000001e-01
    endloop
  endfacet
  facet normal 0.000000e+00 0.000000e+00 1.000000e+00
    outer loop
      vertex   5.900000e+00 -1.973316e+01 7.000001e-01
      vertex   6.550695e+00 -1.812201e+01 7.000001e-01
      vertex   6.447297e+00 -1.816217e+01 7.000001e-01
    endloop
  endfacet
  facet normal 0.000000e+00 0.000000e+00 1.000000e+00
    outer loop
      vertex   5.900000e+00 -1.973316e+01 7.000001e-01
      vertex   6.447297e+00 -1.816217e+01 7.000001e-01
      vertex   6.354288e+00 -1.818758e+01 7.000001e-01
    endloop
  endfacet
  facet normal 0.000000e+00 0.000000e+00 1.000000e+00
    outer loop
      vertex   6.354288e+00 -1.818758e+01 7.000001e-01
      vertex   6.246866e+00 -1.821523e+01 7.000001e-01
      vertex   5.900000e+00 -1.973316e+01 7.000001e-01
    endloop
  endfacet
  facet normal 0.000000e+00 0.000000e+00 1.000000e+00
    outer loop
      vertex   5.900000e+00 -1.973316e+01 7.000001e-01
      vertex   6.246866e+00 -1.821523e+01 7.000001e-01
      vertex   6.151504e+00 -1.822947e+01 7.000001e-01
    endloop
  endfacet
  facet normal 0.000000e+00 0.000000e+00 1.000000e+00
    outer loop
      vertex   5.900000e+00 -1.973316e+01 7.000001e-01
      vertex   6.151504e+00 -1.822947e+01 7.000001e-01
      vertex   6.041565e+00 -1.824422e+01 7.000001e-01
    endloop
  endfacet
  facet normal 0.000000e+00 0.000000e+00 1.000000e+00
    outer loop
      vertex   6.041565e+00 -1.824422e+01 7.000001e-01
      vertex   5.945189e+00 -1.824707e+01 7.000001e-01
      vertex   5.900000e+00 -1.973316e+01 7.000001e-01
    endloop
  endfacet
  facet normal 0.000000e+00 -0.000000e+00 1.000000e+00
    outer loop
      vertex   5.900000e+00 -1.973316e+01 7.000001e-01
      vertex   5.945189e+00 -1.824707e+01 7.000001e-01
      vertex   5.834278e+00 -1.824872e+01 7.000001e-01
    endloop
  endfacet
  facet normal 0.000000e+00 0.000000e+00 1.000000e+00
    outer loop
      vertex   5.900000e+00 -1.973316e+01 7.000001e-01
      vertex   5.834278e+00 -1.824872e+01 7.000001e-01
      vertex   5.738240e+00 -1.824016e+01 7.000001e-01
    endloop
  endfacet
  facet normal 0.000000e+00 0.000000e+00 1.000000e+00
    outer loop
      vertex   5.738240e+00 -1.824016e+01 7.000001e-01
      vertex   5.627913e+00 -1.822867e+01 7.000001e-01
      vertex   5.900000e+00 -1.973316e+01 7.000001e-01
    endloop
  endfacet
  facet normal 0.000000e+00 0.000000e+00 1.000000e+00
    outer loop
      vertex   5.900000e+00 -1.973316e+01 7.000001e-01
      vertex   5.627913e+00 -1.822867e+01 7.000001e-01
      vertex   5.533562e+00 -1.820881e+01 7.000001e-01
    endloop
  endfacet
  facet normal 0.000000e+00 0.000000e+00 1.000000e+00
    outer loop
      vertex   5.900000e+00 -1.973316e+01 7.000001e-01
      vertex   5.533562e+00 -1.820881e+01 7.000001e-01
      vertex   5.425367e+00 -1.818436e+01 7.000001e-01
    endloop
  endfacet
  facet normal 0.000000e+00 0.000000e+00 1.000000e+00
    outer loop
      vertex   5.425367e+00 -1.818436e+01 7.000001e-01
      vertex   5.334027e+00 -1.815348e+01 7.000001e-01
      vertex   5.900000e+00 -1.973316e+01 7.000001e-01
    endloop
  endfacet
  facet normal 0.000000e+00 0.000000e+00 1.000000e+00
    outer loop
      vertex   5.900000e+00 -1.973316e+01 7.000001e-01
      vertex   5.334027e+00 -1.815348e+01 7.000001e-01
      vertex   5.229484e+00 -1.811640e+01 7.000001e-01
    endloop
  endfacet
  facet normal 0.000000e+00 0.000000e+00 1.000000e+00
    outer loop
      vertex   5.900000e+00 -1.973316e+01 7.000001e-01
      vertex   5.229484e+00 -1.811640e+01 7.000001e-01
      vertex   5.142438e+00 -1.807493e+01 7.000001e-01
    endloop
  endfacet
  facet normal 0.000000e+00 0.000000e+00 1.000000e+00
    outer loop
      vertex   5.142438e+00 -1.807493e+01 7.000001e-01
      vertex   5.043014e+00 -1.802575e+01 7.000001e-01
      vertex   5.900000e+00 -1.973316e+01 7.000001e-01
    endloop
  endfacet
  facet normal 0.000000e+00 0.000000e+00 1.000000e+00
    outer loop
      vertex   5.900000e+00 -1.973316e+01 7.000001e-01
      vertex   5.043014e+00 -1.802575e+01 7.000001e-01
      vertex   4.961483e+00 -1.797428e+01 7.000001e-01
    endloop
  endfacet
  facet normal 0.000000e+00 0.000000e+00 1.000000e+00
    outer loop
      vertex   5.900000e+00 -1.973316e+01 7.000001e-01
      vertex   4.961483e+00 -1.797428e+01 7.000001e-01
      vertex   3.100000e+00 -1.811658e+01 7.000001e-01
    endloop
  endfacet
  facet normal 0.000000e+00 0.000000e+00 1.000000e+00
    outer loop
      vertex   3.100000e+00 -1.811658e+01 7.000001e-01
      vertex   4.961483e+00 -1.797428e+01 7.000001e-01
      vertex   4.868574e+00 -1.791368e+01 7.000001e-01
    endloop
  endfacet
  facet normal 0.000000e+00 0.000000e+00 1.000000e+00
    outer loop
      vertex   3.100000e+00 -1.811658e+01 7.000001e-01
      vertex   4.868574e+00 -1.791368e+01 7.000001e-01
      vertex   4.793703e+00 -1.785293e+01 7.000001e-01
    endloop
  endfacet
  facet normal 0.000000e+00 0.000000e+00 1.000000e+00
    outer loop
      vertex   4.793703e+00 -1.785293e+01 7.000001e-01
      vertex   4.708613e+00 -1.778177e+01 7.000001e-01
      vertex   3.100000e+00 -1.811658e+01 7.000001e-01
    endloop
  endfacet
  facet normal 0.000000e+00 0.000000e+00 1.000000e+00
    outer loop
      vertex   3.100000e+00 -1.811658e+01 7.000001e-01
      vertex   4.708613e+00 -1.778177e+01 7.000001e-01
      vertex   4.641453e+00 -1.771259e+01 7.000001e-01
    endloop
  endfacet
  facet normal 0.000000e+00 0.000000e+00 1.000000e+00
    outer loop
      vertex   3.100000e+00 -1.811658e+01 7.000001e-01
      vertex   4.641453e+00 -1.771259e+01 7.000001e-01
      vertex   4.565376e+00 -1.763186e+01 7.000001e-01
    endloop
  endfacet
  facet normal 0.000000e+00 0.000000e+00 1.000000e+00
    outer loop
      vertex   4.565376e+00 -1.763186e+01 7.000001e-01
      vertex   4.506870e+00 -1.755522e+01 7.000001e-01
      vertex   3.100000e+00 -1.811658e+01 7.000001e-01
    endloop
  endfacet
  facet normal 0.000000e+00 0.000000e+00 1.000000e+00
    outer loop
      vertex   3.100000e+00 -1.811658e+01 7.000001e-01
      vertex   4.506870e+00 -1.755522e+01 7.000001e-01
      vertex   4.440875e+00 -1.746607e+01 7.000001e-01
    endloop
  endfacet
  facet normal 0.000000e+00 0.000000e+00 1.000000e+00
    outer loop
      vertex   3.100000e+00 -1.811658e+01 7.000001e-01
      vertex   4.440875e+00 -1.746607e+01 7.000001e-01
      vertex   4.391843e+00 -1.738305e+01 7.000001e-01
    endloop
  endfacet
  facet normal 0.000000e+00 0.000000e+00 1.000000e+00
    outer loop
      vertex   4.391843e+00 -1.738305e+01 7.000001e-01
      vertex   4.336857e+00 -1.728671e+01 7.000001e-01
      vertex   3.100000e+00 -1.811658e+01 7.000001e-01
    endloop
  endfacet
  facet normal 0.000000e+00 0.000000e+00 1.000000e+00
    outer loop
      vertex   3.100000e+00 -1.811658e+01 7.000001e-01
      vertex   4.336857e+00 -1.728671e+01 7.000001e-01
      vertex   4.297988e+00 -1.719848e+01 7.000001e-01
    endloop
  endfacet
  facet normal 0.000000e+00 0.000000e+00 1.000000e+00
    outer loop
      vertex   3.100000e+00 -1.811658e+01 7.000001e-01
      vertex   4.297988e+00 -1.719848e+01 7.000001e-01
      vertex   4.254781e+00 -1.709631e+01 7.000001e-01
    endloop
  endfacet
  facet normal 0.000000e+00 0.000000e+00 1.000000e+00
    outer loop
      vertex   4.254781e+00 -1.709631e+01 7.000001e-01
      vertex   4.226622e+00 -1.700410e+01 7.000001e-01
      vertex   3.100000e+00 -1.811658e+01 7.000001e-01
    endloop
  endfacet
  facet normal 0.000000e+00 0.000000e+00 1.000000e+00
    outer loop
      vertex   3.100000e+00 -1.811658e+01 7.000001e-01
      vertex   4.226622e+00 -1.700410e+01 7.000001e-01
      vertex   4.195801e+00 -1.689754e+01 7.000001e-01
    endloop
  endfacet
  facet normal 0.000000e+00 0.000000e+00 1.000000e+00
    outer loop
      vertex   3.100000e+00 -1.811658e+01 7.000001e-01
      vertex   4.195801e+00 -1.689754e+01 7.000001e-01
      vertex   4.178746e+00 -1.680264e+01 7.000001e-01
    endloop
  endfacet
  facet normal 0.000000e+00 0.000000e+00 1.000000e+00
    outer loop
      vertex   4.178746e+00 -1.680264e+01 7.000001e-01
      vertex   4.160744e+00 -1.669319e+01 7.000001e-01
      vertex   3.100000e+00 -1.811658e+01 7.000001e-01
    endloop
  endfacet
  facet normal 0.000000e+00 0.000000e+00 1.000000e+00
    outer loop
      vertex   3.100000e+00 -1.811658e+01 7.000001e-01
      vertex   4.160744e+00 -1.669319e+01 7.000001e-01
      vertex   4.155032e+00 -1.659694e+01 7.000001e-01
    endloop
  endfacet
  facet normal 0.000000e+00 0.000000e+00 1.000000e+00
    outer loop
      vertex   3.100000e+00 -1.811658e+01 7.000001e-01
      vertex   4.155032e+00 -1.659694e+01 7.000001e-01
      vertex   4.150103e+00 -1.648613e+01 7.000001e-01
    endloop
  endfacet
  facet normal 0.000000e+00 0.000000e+00 1.000000e+00
    outer loop
      vertex   3.100000e+00 -1.811658e+01 7.000001e-01
      vertex   4.150103e+00 -1.648613e+01 7.000001e-01
      vertex   3.100000e+00 -1.488342e+01 7.000001e-01
    endloop
  endfacet
  facet normal 0.000000e+00 0.000000e+00 1.000000e+00
    outer loop
      vertex   3.100000e+00 -1.488342e+01 7.000001e-01
      vertex   4.150103e+00 -1.648613e+01 7.000001e-01
      vertex   4.155815e+00 -1.638988e+01 7.000001e-01
    endloop
  endfacet
  facet normal 0.000000e+00 0.000000e+00 1.000000e+00
    outer loop
      vertex   3.100000e+00 -1.488342e+01 7.000001e-01
      vertex   4.155815e+00 -1.638988e+01 7.000001e-01
      vertex   4.164026e+00 -1.627926e+01 7.000001e-01
    endloop
  endfacet
  facet normal 0.000000e+00 -0.000000e+00 1.000000e+00
    outer loop
      vertex   4.164026e+00 -1.627926e+01 7.000001e-01
      vertex   4.181081e+00 -1.618436e+01 7.000001e-01
      vertex   3.100000e+00 -1.488342e+01 7.000001e-01
    endloop
  endfacet
  facet normal 0.000000e+00 0.000000e+00 1.000000e+00
    outer loop
      vertex   3.100000e+00 -1.488342e+01 7.000001e-01
      vertex   4.181081e+00 -1.618436e+01 7.000001e-01
      vertex   4.202318e+00 -1.607549e+01 7.000001e-01
    endloop
  endfacet
  facet normal 0.000000e+00 0.000000e+00 1.000000e+00
    outer loop
      vertex   3.100000e+00 -1.488342e+01 7.000001e-01
      vertex   4.202318e+00 -1.607549e+01 7.000001e-01
      vertex   4.230478e+00 -1.598327e+01 7.000001e-01
    endloop
  endfacet
  facet normal 0.000000e+00 -0.000000e+00 1.000000e+00
    outer loop
      vertex   4.230478e+00 -1.598327e+01 7.000001e-01
      vertex   4.264443e+00 -1.587768e+01 7.000001e-01
      vertex   3.100000e+00 -1.488342e+01 7.000001e-01
    endloop
  endfacet
  facet normal 0.000000e+00 0.000000e+00 1.000000e+00
    outer loop
      vertex   3.100000e+00 -1.488342e+01 7.000001e-01
      vertex   4.264443e+00 -1.587768e+01 7.000001e-01
      vertex   4.303311e+00 -1.578944e+01 7.000001e-01
    endloop
  endfacet
  facet normal 0.000000e+00 0.000000e+00 1.000000e+00
    outer loop
      vertex   3.100000e+00 -1.488342e+01 7.000001e-01
      vertex   4.303311e+00 -1.578944e+01 7.000001e-01
      vertex   4.349526e+00 -1.568860e+01 7.000001e-01
    endloop
  endfacet
  facet normal 0.000000e+00 -0.000000e+00 1.000000e+00
    outer loop
      vertex   4.349526e+00 -1.568860e+01 7.000001e-01
      vertex   4.398558e+00 -1.560558e+01 7.000001e-01
      vertex   3.100000e+00 -1.488342e+01 7.000001e-01
    endloop
  endfacet
  facet normal 0.000000e+00 0.000000e+00 1.000000e+00
    outer loop
      vertex   3.100000e+00 -1.488342e+01 7.000001e-01
      vertex   4.398558e+00 -1.560558e+01 7.000001e-01
      vertex   4.456375e+00 -1.551092e+01 7.000001e-01
    endloop
  endfacet
  facet normal 0.000000e+00 0.000000e+00 1.000000e+00
    outer loop
      vertex   3.100000e+00 -1.488342e+01 7.000001e-01
      vertex   4.456375e+00 -1.551092e+01 7.000001e-01
      vertex   4.514882e+00 -1.543428e+01 7.000001e-01
    endloop
  endfacet
  facet normal 0.000000e+00 -0.000000e+00 1.000000e+00
    outer loop
      vertex   4.514882e+00 -1.543428e+01 7.000001e-01
      vertex   4.583490e+00 -1.534712e+01 7.000001e-01
      vertex   3.100000e+00 -1.488342e+01 7.000001e-01
    endloop
  endfacet
  facet normal 0.000000e+00 0.000000e+00 1.000000e+00
    outer loop
      vertex   3.100000e+00 -1.488342e+01 7.000001e-01
      vertex   4.583490e+00 -1.534712e+01 7.000001e-01
      vertex   4.650650e+00 -1.527794e+01 7.000001e-01
    endloop
  endfacet
  facet normal 0.000000e+00 0.000000e+00 1.000000e+00
    outer loop
      vertex   3.100000e+00 -1.488342e+01 7.000001e-01
      vertex   4.650650e+00 -1.527794e+01 7.000001e-01
      vertex   4.729085e+00 -1.519950e+01 7.000001e-01
    endloop
  endfacet
  facet normal 0.000000e+00 -0.000000e+00 1.000000e+00
    outer loop
      vertex   4.729085e+00 -1.519950e+01 7.000001e-01
      vertex   4.803956e+00 -1.513875e+01 7.000001e-01
      vertex   3.100000e+00 -1.488342e+01 7.000001e-01
    endloop
  endfacet
  facet normal 0.000000e+00 0.000000e+00 1.000000e+00
    outer loop
      vertex   3.100000e+00 -1.488342e+01 7.000001e-01
      vertex   4.803956e+00 -1.513875e+01 7.000001e-01
      vertex   4.891118e+00 -1.507014e+01 7.000001e-01
    endloop
  endfacet
  facet normal 0.000000e+00 0.000000e+00 1.000000e+00
    outer loop
      vertex   3.100000e+00 -1.488342e+01 7.000001e-01
      vertex   4.891118e+00 -1.507014e+01 7.000001e-01
      vertex   4.972649e+00 -1.501867e+01 7.000001e-01
    endloop
  endfacet
  facet normal -0.000000e+00 0.000000e+00 1.000000e+00
    outer loop
      vertex   3.100000e+00 -1.488342e+01 7.000001e-01
      vertex   4.972649e+00 -1.501867e+01 7.000001e-01
      vertex   5.900000e+00 -1.326684e+01 7.000001e-01
    endloop
  endfacet
  facet normal 0.000000e+00 0.000000e+00 1.000000e+00
    outer loop
      vertex   5.900000e+00 -1.326684e+01 7.000001e-01
      vertex   4.972649e+00 -1.501867e+01 7.000001e-01
      vertex   5.067312e+00 -1.496086e+01 7.000001e-01
    endloop
  endfacet
  facet normal 0.000000e+00 0.000000e+00 1.000000e+00
    outer loop
      vertex   5.900000e+00 -1.326684e+01 7.000001e-01
      vertex   5.067312e+00 -1.496086e+01 7.000001e-01
      vertex   5.154359e+00 -1.491939e+01 7.000001e-01
    endloop
  endfacet
  facet normal 0.000000e+00 0.000000e+00 1.000000e+00
    outer loop
      vertex   5.154359e+00 -1.491939e+01 7.000001e-01
      vertex   5.255196e+00 -1.487317e+01 7.000001e-01
      vertex   5.900000e+00 -1.326684e+01 7.000001e-01
    endloop
  endfacet
  facet normal 0.000000e+00 0.000000e+00 1.000000e+00
    outer loop
      vertex   5.900000e+00 -1.326684e+01 7.000001e-01
      vertex   5.255196e+00 -1.487317e+01 7.000001e-01
      vertex   5.346536e+00 -1.484229e+01 7.000001e-01
    endloop
  endfacet
  facet normal 0.000000e+00 0.000000e+00 1.000000e+00
    outer loop
      vertex   5.900000e+00 -1.326684e+01 7.000001e-01
      vertex   5.346536e+00 -1.484229e+01 7.000001e-01
      vertex   5.452132e+00 -1.480833e+01 7.000001e-01
    endloop
  endfacet
  facet normal 0.000000e+00 0.000000e+00 1.000000e+00
    outer loop
      vertex   5.452132e+00 -1.480833e+01 7.000001e-01
      vertex   5.546483e+00 -1.478847e+01 7.000001e-01
      vertex   5.900000e+00 -1.326684e+01 7.000001e-01
    endloop
  endfacet
  facet normal 0.000000e+00 0.000000e+00 1.000000e+00
    outer loop
      vertex   5.900000e+00 -1.326684e+01 7.000001e-01
      vertex   5.546483e+00 -1.478847e+01 7.000001e-01
      vertex   5.655355e+00 -1.476723e+01 7.000001e-01
    endloop
  endfacet
  facet normal 0.000000e+00 0.000000e+00 1.000000e+00
    outer loop
      vertex   5.900000e+00 -1.326684e+01 7.000001e-01
      vertex   5.655355e+00 -1.476723e+01 7.000001e-01
      vertex   5.751392e+00 -1.475867e+01 7.000001e-01
    endloop
  endfacet
  facet normal 0.000000e+00 0.000000e+00 1.000000e+00
    outer loop
      vertex   5.751392e+00 -1.475867e+01 7.000001e-01
      vertex   5.862012e+00 -1.475046e+01 7.000001e-01
      vertex   5.900000e+00 -1.326684e+01 7.000001e-01
    endloop
  endfacet
  facet normal 0.000000e+00 0.000000e+00 1.000000e+00
    outer loop
      vertex   5.900000e+00 -1.326684e+01 7.000001e-01
      vertex   5.862012e+00 -1.475046e+01 7.000001e-01
      vertex   5.958388e+00 -1.475332e+01 7.000001e-01
    endloop
  endfacet
  facet normal 0.000000e+00 0.000000e+00 1.000000e+00
    outer loop
      vertex   5.900000e+00 -1.326684e+01 7.000001e-01
      vertex   5.958388e+00 -1.475332e+01 7.000001e-01
      vertex   6.069202e+00 -1.475825e+01 7.000001e-01
    endloop
  endfacet
  facet normal -0.000000e+00 -0.000000e+00 1.000000e+00
    outer loop
      vertex   6.069202e+00 -1.475825e+01 7.000001e-01
      vertex   6.164564e+00 -1.477248e+01 7.000001e-01
      vertex   5.900000e+00 -1.326684e+01 7.000001e-01
    endloop
  endfacet
  facet normal 0.000000e+00 0.000000e+00 1.000000e+00
    outer loop
      vertex   5.900000e+00 -1.326684e+01 7.000001e-01
      vertex   6.164564e+00 -1.477248e+01 7.000001e-01
      vertex   6.274017e+00 -1.479048e+01 7.000001e-01
    endloop
  endfacet
  facet normal 0.000000e+00 0.000000e+00 1.000000e+00
    outer loop
      vertex   5.900000e+00 -1.326684e+01 7.000001e-01
      vertex   6.274017e+00 -1.479048e+01 7.000001e-01
      vertex   6.367026e+00 -1.481590e+01 7.000001e-01
    endloop
  endfacet
  facet normal -0.000000e+00 -0.000000e+00 1.000000e+00
    outer loop
      vertex   6.367026e+00 -1.481590e+01 7.000001e-01
      vertex   6.473582e+00 -1.484672e+01 7.000001e-01
      vertex   5.900000e+00 -1.326684e+01 7.000001e-01
    endloop
  endfacet
  facet normal 0.000000e+00 0.000000e+00 1.000000e+00
    outer loop
      vertex   5.900000e+00 -1.326684e+01 7.000001e-01
      vertex   6.473582e+00 -1.484672e+01 7.000001e-01
      vertex   6.562932e+00 -1.488296e+01 7.000001e-01
    endloop
  endfacet
  facet normal 0.000000e+00 0.000000e+00 1.000000e+00
    outer loop
      vertex   5.900000e+00 -1.326684e+01 7.000001e-01
      vertex   6.562932e+00 -1.488296e+01 7.000001e-01
      vertex   6.665094e+00 -1.492616e+01 7.000001e-01
    endloop
  endfacet
  facet normal -0.000000e+00 -0.000000e+00 1.000000e+00
    outer loop
      vertex   6.665094e+00 -1.492616e+01 7.000001e-01
      vertex   6.749531e+00 -1.497271e+01 7.000001e-01
      vertex   5.900000e+00 -1.326684e+01 7.000001e-01
    endloop
  endfacet
  facet normal 0.000000e+00 0.000000e+00 1.000000e+00
    outer loop
      vertex   5.900000e+00 -1.326684e+01 7.000001e-01
      vertex   6.749531e+00 -1.497271e+01 7.000001e-01
      vertex   6.845867e+00 -1.502770e+01 7.000001e-01
    endloop
  endfacet
  facet normal 0.000000e+00 0.000000e+00 1.000000e+00
    outer loop
      vertex   5.900000e+00 -1.326684e+01 7.000001e-01
      vertex   6.845867e+00 -1.502770e+01 7.000001e-01
      vertex   8.700000e+00 -1.488342e+01 7.000001e-01
    endloop
  endfacet
  facet normal 0.000000e+00 0.000000e+00 1.000000e+00
    outer loop
      vertex   8.700000e+00 -1.488342e+01 7.000001e-01
      vertex   6.845867e+00 -1.502770e+01 7.000001e-01
      vertex   6.924206e+00 -1.508391e+01 7.000001e-01
    endloop
  endfacet
  facet normal 0.000000e+00 0.000000e+00 1.000000e+00
    outer loop
      vertex   8.700000e+00 -1.488342e+01 7.000001e-01
      vertex   6.924206e+00 -1.508391e+01 7.000001e-01
      vertex   7.013362e+00 -1.514990e+01 7.000001e-01
    endloop
  endfacet
  facet normal -0.000000e+00 0.000000e+00 1.000000e+00
    outer loop
      vertex   7.013362e+00 -1.514990e+01 7.000001e-01
      vertex   7.084502e+00 -1.521499e+01 7.000001e-01
      vertex   8.700000e+00 -1.488342e+01 7.000001e-01
    endloop
  endfacet
  facet normal 0.000000e+00 0.000000e+00 1.000000e+00
    outer loop
      vertex   8.700000e+00 -1.488342e+01 7.000001e-01
      vertex   7.084502e+00 -1.521499e+01 7.000001e-01
      vertex   7.165227e+00 -1.529106e+01 7.000001e-01
    endloop
  endfacet
  facet normal 0.000000e+00 0.000000e+00 1.000000e+00
    outer loop
      vertex   8.700000e+00 -1.488342e+01 7.000001e-01
      vertex   7.165227e+00 -1.529106e+01 7.000001e-01
      vertex   7.228171e+00 -1.536410e+01 7.000001e-01
    endloop
  endfacet
  facet normal -0.000000e+00 0.000000e+00 1.000000e+00
    outer loop
      vertex   7.228171e+00 -1.536410e+01 7.000001e-01
      vertex   7.299332e+00 -1.544919e+01 7.000001e-01
      vertex   8.700000e+00 -1.488342e+01 7.000001e-01
    endloop
  endfacet
  facet normal 0.000000e+00 0.000000e+00 1.000000e+00
    outer loop
      vertex   8.700000e+00 -1.488342e+01 7.000001e-01
      vertex   7.299332e+00 -1.544919e+01 7.000001e-01
      vertex   7.353196e+00 -1.552916e+01 7.000001e-01
    endloop
  endfacet
  facet normal 0.000000e+00 0.000000e+00 1.000000e+00
    outer loop
      vertex   8.700000e+00 -1.488342e+01 7.000001e-01
      vertex   7.353196e+00 -1.552916e+01 7.000001e-01
      vertex   7.413793e+00 -1.562207e+01 7.000001e-01
    endloop
  endfacet
  facet normal -0.000000e+00 0.000000e+00 1.000000e+00
    outer loop
      vertex   7.413793e+00 -1.562207e+01 7.000001e-01
      vertex   7.457820e+00 -1.570785e+01 7.000001e-01
      vertex   8.700000e+00 -1.488342e+01 7.000001e-01
    endloop
  endfacet
  facet normal 0.000000e+00 0.000000e+00 1.000000e+00
    outer loop
      vertex   8.700000e+00 -1.488342e+01 7.000001e-01
      vertex   7.457820e+00 -1.570785e+01 7.000001e-01
      vertex   7.507003e+00 -1.580727e+01 7.000001e-01
    endloop
  endfacet
  facet normal 0.000000e+00 0.000000e+00 1.000000e+00
    outer loop
      vertex   8.700000e+00 -1.488342e+01 7.000001e-01
      vertex   7.507003e+00 -1.580727e+01 7.000001e-01
      vertex   7.540576e+00 -1.589766e+01 7.000001e-01
    endloop
  endfacet
  facet normal -0.000000e+00 0.000000e+00 1.000000e+00
    outer loop
      vertex   7.540576e+00 -1.589766e+01 7.000001e-01
      vertex   7.577655e+00 -1.600220e+01 7.000001e-01
      vertex   8.700000e+00 -1.488342e+01 7.000001e-01
    endloop
  endfacet
  facet normal 0.000000e+00 0.000000e+00 1.000000e+00
    outer loop
      vertex   8.700000e+00 -1.488342e+01 7.000001e-01
      vertex   7.577655e+00 -1.600220e+01 7.000001e-01
      vertex   7.600303e+00 -1.609592e+01 7.000001e-01
    endloop
  endfacet
  facet normal 0.000000e+00 0.000000e+00 1.000000e+00
    outer loop
      vertex   8.700000e+00 -1.488342e+01 7.000001e-01
      vertex   7.600303e+00 -1.609592e+01 7.000001e-01
      vertex   7.624756e+00 -1.620412e+01 7.000001e-01
    endloop
  endfacet
  facet normal -0.000000e+00 0.000000e+00 1.000000e+00
    outer loop
      vertex   7.624756e+00 -1.620412e+01 7.000001e-01
      vertex   7.636160e+00 -1.629986e+01 7.000001e-01
      vertex   8.700000e+00 -1.488342e+01 7.000001e-01
    endloop
  endfacet
  facet normal 0.000000e+00 0.000000e+00 1.000000e+00
    outer loop
      vertex   8.700000e+00 -1.488342e+01 7.000001e-01
      vertex   7.636160e+00 -1.629986e+01 7.000001e-01
      vertex   7.647646e+00 -1.641018e+01 7.000001e-01
    endloop
  endfacet
  facet normal 0.000000e+00 0.000000e+00 1.000000e+00
    outer loop
      vertex   8.700000e+00 -1.488342e+01 7.000001e-01
      vertex   7.647646e+00 -1.641018e+01 7.000001e-01
      vertex   7.647646e+00 -1.650660e+01 7.000001e-01
    endloop
  endfacet
  facet normal 0.000000e+00 0.000000e+00 1.000000e+00
    outer loop
      vertex   8.700000e+00 -1.488342e+01 7.000001e-01
      vertex   7.647646e+00 -1.650660e+01 7.000001e-01
      vertex   8.700000e+00 -1.811658e+01 7.000001e-01
    endloop
  endfacet
  facet normal 0.000000e+00 0.000000e+00 1.000000e+00
    outer loop
      vertex   8.700000e+00 -1.811658e+01 7.000001e-01
      vertex   7.647646e+00 -1.650660e+01 7.000001e-01
      vertex   7.646002e+00 -1.661751e+01 7.000001e-01
    endloop
  endfacet
  facet normal 0.000000e+00 0.000000e+00 1.000000e+00
    outer loop
      vertex   8.700000e+00 -1.811658e+01 7.000001e-01
      vertex   7.646002e+00 -1.661751e+01 7.000001e-01
      vertex   7.634598e+00 -1.671326e+01 7.000001e-01
    endloop
  endfacet
  facet normal 0.000000e+00 0.000000e+00 1.000000e+00
    outer loop
      vertex   7.634598e+00 -1.671326e+01 7.000001e-01
      vertex   7.619848e+00 -1.682319e+01 7.000001e-01
      vertex   8.700000e+00 -1.811658e+01 7.000001e-01
    endloop
  endfacet
  facet normal 0.000000e+00 0.000000e+00 1.000000e+00
    outer loop
      vertex   8.700000e+00 -1.811658e+01 7.000001e-01
      vertex   7.619848e+00 -1.682319e+01 7.000001e-01
      vertex   7.597201e+00 -1.691691e+01 7.000001e-01
    endloop
  endfacet
  facet normal 0.000000e+00 0.000000e+00 1.000000e+00
    outer loop
      vertex   8.700000e+00 -1.811658e+01 7.000001e-01
      vertex   7.597201e+00 -1.691691e+01 7.000001e-01
      vertex   7.569552e+00 -1.702434e+01 7.000001e-01
    endloop
  endfacet
  facet normal 0.000000e+00 0.000000e+00 1.000000e+00
    outer loop
      vertex   7.569552e+00 -1.702434e+01 7.000001e-01
      vertex   7.535979e+00 -1.711472e+01 7.000001e-01
      vertex   8.700000e+00 -1.811658e+01 7.000001e-01
    endloop
  endfacet
  facet normal 0.000000e+00 0.000000e+00 1.000000e+00
    outer loop
      vertex   8.700000e+00 -1.811658e+01 7.000001e-01
      vertex   7.535979e+00 -1.711472e+01 7.000001e-01
      vertex   7.495818e+00 -1.721812e+01 7.000001e-01
    endloop
  endfacet
  facet normal 0.000000e+00 0.000000e+00 1.000000e+00
    outer loop
      vertex   8.700000e+00 -1.811658e+01 7.000001e-01
      vertex   7.495818e+00 -1.721812e+01 7.000001e-01
      vertex   7.451791e+00 -1.730390e+01 7.000001e-01
    endloop
  endfacet
  facet normal 0.000000e+00 0.000000e+00 1.000000e+00
    outer loop
      vertex   7.451791e+00 -1.730390e+01 7.000001e-01
      vertex   7.399683e+00 -1.740182e+01 7.000001e-01
      vertex   8.700000e+00 -1.811658e+01 7.000001e-01
    endloop
  endfacet
  facet normal 0.000000e+00 0.000000e+00 1.000000e+00
    outer loop
      vertex   8.700000e+00 -1.811658e+01 7.000001e-01
      vertex   7.399683e+00 -1.740182e+01 7.000001e-01
      vertex   7.345819e+00 -1.748179e+01 7.000001e-01
    endloop
  endfacet
  facet normal 0.000000e+00 0.000000e+00 1.000000e+00
    outer loop
      vertex   8.700000e+00 -1.811658e+01 7.000001e-01
      vertex   7.345819e+00 -1.748179e+01 7.000001e-01
      vertex   7.282495e+00 -1.757287e+01 7.000001e-01
    endloop
  endfacet
  facet normal 0.000000e+00 0.000000e+00 1.000000e+00
    outer loop
      vertex   7.282495e+00 -1.757287e+01 7.000001e-01
      vertex   7.219551e+00 -1.764590e+01 7.000001e-01
      vertex   8.700000e+00 -1.811658e+01 7.000001e-01
    endloop
  endfacet
  facet normal 0.000000e+00 0.000000e+00 1.000000e+00
    outer loop
      vertex   8.700000e+00 -1.811658e+01 7.000001e-01
      vertex   7.219551e+00 -1.764590e+01 7.000001e-01
      vertex   7.145901e+00 -1.772885e+01 7.000001e-01
    endloop
  endfacet
  facet normal 6.300878e-01 -7.765238e-01 -2.765721e-04
    outer loop
      vertex   4.803956e+00 -1.513875e+01 7.000001e-01
      vertex   4.729085e+00 -1.519950e+01 7.000001e-01
      vertex   4.738043e+00 -1.519143e+01 -1.560000e+00
    endloop
  endfacet
  facet normal 7.071066e-01 -7.071069e-01 2.766849e-04
    outer loop
      vertex   4.729085e+00 -1.519950e+01 7.000001e-01
      vertex   4.650650e+00 -1.527794e+01 7.000001e-01
      vertex   4.738043e+00 -1.519143e+01 -1.560000e+00
    endloop
  endfacet
  facet normal 7.071066e-01 -7.071069e-01 2.766849e-04
    outer loop
      vertex   4.738043e+00 -1.519143e+01 -1.560000e+00
      vertex   4.650650e+00 -1.527794e+01 7.000001e-01
      vertex   4.591430e+00 -1.533804e+01 -1.560000e+00
    endloop
  endfacet
  facet normal 7.175076e-01 -6.965507e-01 -2.766031e-04
    outer loop
      vertex   4.650650e+00 -1.527794e+01 7.000001e-01
      vertex   4.583490e+00 -1.534712e+01 7.000001e-01
      vertex   4.591430e+00 -1.533804e+01 -1.560000e+00
    endloop
  endfacet
  facet normal 7.857757e-01 -6.185114e-01 2.766530e-04
    outer loop
      vertex   4.583490e+00 -1.534712e+01 7.000001e-01
      vertex   4.514882e+00 -1.543428e+01 7.000001e-01
      vertex   4.591430e+00 -1.533804e+01 -1.560000e+00
    endloop
  endfacet
  facet normal 7.857757e-01 -6.185114e-01 2.766530e-04
    outer loop
      vertex   4.591430e+00 -1.533804e+01 -1.560000e+00
      vertex   4.514882e+00 -1.543428e+01 7.000001e-01
      vertex   4.463186e+00 -1.550097e+01 -1.560000e+00
    endloop
  endfacet
  facet normal 7.948565e-01 -6.067974e-01 -2.767145e-04
    outer loop
      vertex   4.514882e+00 -1.543428e+01 7.000001e-01
      vertex   4.456375e+00 -1.551092e+01 7.000001e-01
      vertex   4.463186e+00 -1.550097e+01 -1.560000e+00
    endloop
  endfacet
  facet normal 8.534130e-01 -5.212353e-01 2.765362e-04
    outer loop
      vertex   4.456375e+00 -1.551092e+01 7.000001e-01
      vertex   4.398558e+00 -1.560558e+01 7.000001e-01
      vertex   4.463186e+00 -1.550097e+01 -1.560000e+00
    endloop
  endfacet
  facet normal 8.534130e-01 -5.212353e-01 2.765362e-04
    outer loop
      vertex   4.463186e+00 -1.550097e+01 -1.560000e+00
      vertex   4.398558e+00 -1.560558e+01 7.000001e-01
      vertex   4.355112e+00 -1.567792e+01 -1.560000e+00
    endloop
  endfacet
  facet normal 8.610429e-01 -5.085323e-01 -2.767069e-04
    outer loop
      vertex   4.398558e+00 -1.560558e+01 7.000001e-01
      vertex   4.349526e+00 -1.568860e+01 7.000001e-01
      vertex   4.355112e+00 -1.567792e+01 -1.560000e+00
    endloop
  endfacet
  facet normal 9.090718e-01 -4.166395e-01 2.765770e-04
    outer loop
      vertex   4.349526e+00 -1.568860e+01 7.000001e-01
      vertex   4.303311e+00 -1.578944e+01 7.000001e-01
      vertex   4.355112e+00 -1.567792e+01 -1.560000e+00
    endloop
  endfacet
  facet normal 9.090718e-01 -4.166395e-01 2.765770e-04
    outer loop
      vertex   4.355112e+00 -1.567792e+01 -1.560000e+00
      vertex   4.303311e+00 -1.578944e+01 7.000001e-01
      vertex   4.268725e+00 -1.586640e+01 -1.560000e+00
    endloop
  endfacet
  facet normal 9.151452e-01 -4.031242e-01 -2.766224e-04
    outer loop
      vertex   4.303311e+00 -1.578944e+01 7.000001e-01
      vertex   4.264443e+00 -1.587768e+01 7.000001e-01
      vertex   4.268725e+00 -1.586640e+01 -1.560000e+00
    endloop
  endfacet
  facet normal 9.519681e-01 -3.061971e-01 2.766447e-04
    outer loop
      vertex   4.264443e+00 -1.587768e+01 7.000001e-01
      vertex   4.230478e+00 -1.598327e+01 7.000001e-01
      vertex   4.268725e+00 -1.586640e+01 -1.560000e+00
    endloop
  endfacet
  facet normal 9.519681e-01 -3.061971e-01 2.766447e-04
    outer loop
      vertex   4.268725e+00 -1.586640e+01 -1.560000e+00
      vertex   4.230478e+00 -1.598327e+01 7.000001e-01
      vertex   4.205238e+00 -1.606379e+01 -1.560000e+00
    endloop
  endfacet
  facet normal 9.564010e-01 -2.920565e-01 -2.766319e-04
    outer loop
      vertex   4.230478e+00 -1.598327e+01 7.000001e-01
      vertex   4.202318e+00 -1.607549e+01 7.000001e-01
      vertex   4.205238e+00 -1.606379e+01 -1.560000e+00
    endloop
  endfacet
  facet normal 9.815011e-01 -1.914565e-01 2.766240e-04
    outer loop
      vertex   4.202318e+00 -1.607549e+01 7.000001e-01
      vertex   4.181081e+00 -1.618436e+01 7.000001e-01
      vertex   4.205238e+00 -1.606379e+01 -1.560000e+00
    endloop
  endfacet
  facet normal 9.815011e-01 -1.914565e-01 2.766240e-04
    outer loop
      vertex   4.205238e+00 -1.606379e+01 -1.560000e+00
      vertex   4.181081e+00 -1.618436e+01 7.000001e-01
      vertex   4.165541e+00 -1.626729e+01 -1.560000e+00
    endloop
  endfacet
  facet normal 9.842306e-01 -1.768897e-01 -2.766911e-04
    outer loop
      vertex   4.181081e+00 -1.618436e+01 7.000001e-01
      vertex   4.164026e+00 -1.627926e+01 7.000001e-01
      vertex   4.165541e+00 -1.626729e+01 -1.560000e+00
    endloop
  endfacet
  facet normal 9.972563e-01 -7.402596e-02 2.766034e-04
    outer loop
      vertex   4.164026e+00 -1.627926e+01 7.000001e-01
      vertex   4.155815e+00 -1.638988e+01 7.000001e-01
      vertex   4.165541e+00 -1.626729e+01 -1.560000e+00
    endloop
  endfacet
  facet normal 9.972563e-01 -7.402596e-02 2.766034e-04
    outer loop
      vertex   4.165541e+00 -1.626729e+01 -1.560000e+00
      vertex   4.155815e+00 -1.638988e+01 7.000001e-01
      vertex   4.150192e+00 -1.647407e+01 -1.560000e+00
    endloop
  endfacet
  facet normal 9.982437e-01 -5.924062e-02 -2.766390e-04
    outer loop
      vertex   4.155815e+00 -1.638988e+01 7.000001e-01
      vertex   4.150103e+00 -1.648613e+01 7.000001e-01
      vertex   4.150192e+00 -1.647407e+01 -1.560000e+00
    endloop
  endfacet
  facet normal 9.990119e-01 4.444197e-02 2.766126e-04
    outer loop
      vertex   4.150103e+00 -1.648613e+01 7.000001e-01
      vertex   4.155032e+00 -1.659694e+01 7.000001e-01
      vertex   4.150192e+00 -1.647407e+01 -1.560000e+00
    endloop
  endfacet
  facet normal 9.990119e-01 4.444197e-02 2.766126e-04
    outer loop
      vertex   4.150192e+00 -1.647407e+01 -1.560000e+00
      vertex   4.155032e+00 -1.659694e+01 7.000001e-01
      vertex   4.159407e+00 -1.668121e+01 -1.560000e+00
    endloop
  endfacet
  facet normal 9.982437e-01 5.924028e-02 -2.766334e-04
    outer loop
      vertex   4.155032e+00 -1.659694e+01 7.000001e-01
      vertex   4.160744e+00 -1.669319e+01 7.000001e-01
      vertex   4.159407e+00 -1.668121e+01 -1.560000e+00
    endloop
  endfacet
  facet normal 9.867436e-01 1.622866e-01 2.766119e-04
    outer loop
      vertex   4.160744e+00 -1.669319e+01 7.000001e-01
      vertex   4.178746e+00 -1.680264e+01 7.000001e-01
      vertex   4.159407e+00 -1.668121e+01 -1.560000e+00
    endloop
  endfacet
  facet normal 9.867436e-01 1.622866e-01 2.766119e-04
    outer loop
      vertex   4.159407e+00 -1.668121e+01 -1.560000e+00
      vertex   4.178746e+00 -1.680264e+01 7.000001e-01
      vertex   4.193056e+00 -1.688580e+01 -1.560000e+00
    endloop
  endfacet
  facet normal 9.842306e-01 1.768897e-01 -2.766136e-04
    outer loop
      vertex   4.178746e+00 -1.680264e+01 7.000001e-01
      vertex   4.195801e+00 -1.689754e+01 7.000001e-01
      vertex   4.193056e+00 -1.688580e+01 -1.560000e+00
    endloop
  endfacet
  facet normal 9.606235e-01 2.778533e-01 2.766635e-04
    outer loop
      vertex   4.195801e+00 -1.689754e+01 7.000001e-01
      vertex   4.226622e+00 -1.700410e+01 7.000001e-01
      vertex   4.193056e+00 -1.688580e+01 -1.560000e+00
    endloop
  endfacet
  facet normal 9.606235e-01 2.778533e-01 2.766635e-04
    outer loop
      vertex   4.193056e+00 -1.688580e+01 -1.560000e+00
      vertex   4.226622e+00 -1.700410e+01 7.000001e-01
      vertex   4.250666e+00 -1.708498e+01 -1.560000e+00
    endloop
  endfacet
  facet normal 9.564005e-01 2.920581e-01 -2.766134e-04
    outer loop
      vertex   4.226622e+00 -1.700410e+01 7.000001e-01
      vertex   4.254781e+00 -1.709631e+01 7.000001e-01
      vertex   4.250666e+00 -1.708498e+01 -1.560000e+00
    endloop
  endfacet
  facet normal 9.210197e-01 3.895159e-01 2.766214e-04
    outer loop
      vertex   4.254781e+00 -1.709631e+01 7.000001e-01
      vertex   4.297988e+00 -1.719848e+01 7.000001e-01
      vertex   4.250666e+00 -1.708498e+01 -1.560000e+00
    endloop
  endfacet
  facet normal 9.210197e-01 3.895159e-01 2.766214e-04
    outer loop
      vertex   4.250666e+00 -1.708498e+01 -1.560000e+00
      vertex   4.297988e+00 -1.719848e+01 7.000001e-01
      vertex   4.331430e+00 -1.727594e+01 -1.560000e+00
    endloop
  endfacet
  facet normal 9.151461e-01 4.031221e-01 -2.766837e-04
    outer loop
      vertex   4.297988e+00 -1.719848e+01 7.000001e-01
      vertex   4.336857e+00 -1.728671e+01 7.000001e-01
      vertex   4.331430e+00 -1.727594e+01 -1.560000e+00
    endloop
  endfacet
  facet normal 8.684838e-01 4.957175e-01 2.765777e-04
    outer loop
      vertex   4.336857e+00 -1.728671e+01 7.000001e-01
      vertex   4.391843e+00 -1.738305e+01 7.000001e-01
      vertex   4.331430e+00 -1.727594e+01 -1.560000e+00
    endloop
  endfacet
  facet normal 8.684838e-01 4.957175e-01 2.765777e-04
    outer loop
      vertex   4.331430e+00 -1.727594e+01 -1.560000e+00
      vertex   4.391843e+00 -1.738305e+01 7.000001e-01
      vertex   4.434213e+00 -1.745602e+01 -1.560000e+00
    endloop
  endfacet
  facet normal 8.610444e-01 5.085298e-01 -2.765623e-04
    outer loop
      vertex   4.391843e+00 -1.738305e+01 7.000001e-01
      vertex   4.440875e+00 -1.746607e+01 7.000001e-01
      vertex   4.434213e+00 -1.745602e+01 -1.560000e+00
    endloop
  endfacet
  facet normal 8.037594e-01 5.949544e-01 2.767138e-04
    outer loop
      vertex   4.440875e+00 -1.746607e+01 7.000001e-01
      vertex   4.506870e+00 -1.755522e+01 7.000001e-01
      vertex   4.434213e+00 -1.745602e+01 -1.560000e+00
    endloop
  endfacet
  facet normal 8.037594e-01 5.949544e-01 2.767138e-04
    outer loop
      vertex   4.434213e+00 -1.745602e+01 -1.560000e+00
      vertex   4.506870e+00 -1.755522e+01 7.000001e-01
      vertex   4.557572e+00 -1.762267e+01 -1.560000e+00
    endloop
  endfacet
  facet normal 7.948544e-01 6.068002e-01 -2.765805e-04
    outer loop
      vertex   4.506870e+00 -1.755522e+01 7.000001e-01
      vertex   4.565376e+00 -1.763186e+01 7.000001e-01
      vertex   4.557572e+00 -1.762267e+01 -1.560000e+00
    endloop
  endfacet
  facet normal 7.277514e-01 6.858409e-01 2.766768e-04
    outer loop
      vertex   4.565376e+00 -1.763186e+01 7.000001e-01
      vertex   4.641453e+00 -1.771259e+01 7.000001e-01
      vertex   4.557572e+00 -1.762267e+01 -1.560000e+00
    endloop
  endfacet
  facet normal 7.277514e-01 6.858409e-01 2.766768e-04
    outer loop
      vertex   4.557572e+00 -1.762267e+01 -1.560000e+00
      vertex   4.641453e+00 -1.771259e+01 7.000001e-01
      vertex   4.699776e+00 -1.777356e+01 -1.560000e+00
    endloop
  endfacet
  facet normal 7.175048e-01 6.965535e-01 -2.767847e-04
    outer loop
      vertex   4.641453e+00 -1.771259e+01 7.000001e-01
      vertex   4.708613e+00 -1.778177e+01 7.000001e-01
      vertex   4.699776e+00 -1.777356e+01 -1.560000e+00
    endloop
  endfacet
  facet normal 6.415242e-01 7.671027e-01 2.764450e-04
    outer loop
      vertex   4.708613e+00 -1.778177e+01 7.000001e-01
      vertex   4.793703e+00 -1.785293e+01 7.000001e-01
      vertex   4.699776e+00 -1.777356e+01 -1.560000e+00
    endloop
  endfacet
  facet normal 6.415242e-01 7.671027e-01 2.764450e-04
    outer loop
      vertex   4.699776e+00 -1.777356e+01 -1.560000e+00
      vertex   4.793703e+00 -1.785293e+01 7.000001e-01
      vertex   4.858829e+00 -1.790658e+01 -1.560000e+00
    endloop
  endfacet
  facet normal 6.300878e-01 7.765238e-01 -2.767610e-04
    outer loop
      vertex   4.793703e+00 -1.785293e+01 7.000001e-01
      vertex   4.868574e+00 -1.791368e+01 7.000001e-01
      vertex   4.858829e+00 -1.790658e+01 -1.560000e+00
    endloop
  endfacet
  facet normal 5.462920e-01 8.375947e-01 2.765063e-04
    outer loop
      vertex   4.868574e+00 -1.791368e+01 7.000001e-01
      vertex   4.961483e+00 -1.797428e+01 7.000001e-01
      vertex   4.858829e+00 -1.790658e+01 -1.560000e+00
    endloop
  endfacet
  facet normal 5.462920e-01 8.375947e-01 2.765063e-04
    outer loop
      vertex   4.858829e+00 -1.790658e+01 -1.560000e+00
      vertex   4.961483e+00 -1.797428e+01 7.000001e-01
      vertex   5.032497e+00 -1.801985e+01 -1.560000e+00
    endloop
  endfacet
  facet normal 5.338210e-01 8.455974e-01 -2.767224e-04
    outer loop
      vertex   4.961483e+00 -1.797428e+01 7.000001e-01
      vertex   5.043014e+00 -1.802575e+01 7.000001e-01
      vertex   5.032497e+00 -1.801985e+01 -1.560000e+00
    endloop
  endfacet
  facet normal 4.433939e-01 8.963268e-01 2.765289e-04
    outer loop
      vertex   5.043014e+00 -1.802575e+01 7.000001e-01
      vertex   5.142438e+00 -1.807493e+01 7.000001e-01
      vertex   5.032497e+00 -1.801985e+01 -1.560000e+00
    endloop
  endfacet
  facet normal 4.433939e-01 8.963268e-01 2.765289e-04
    outer loop
      vertex   5.032497e+00 -1.801985e+01 -1.560000e+00
      vertex   5.142438e+00 -1.807493e+01 7.000001e-01
      vertex   5.218343e+00 -1.811178e+01 -1.560000e+00
    endloop
  endfacet
  facet normal 4.300662e-01 9.027973e-01 -2.766057e-04
    outer loop
      vertex   5.142438e+00 -1.807493e+01 7.000001e-01
      vertex   5.229484e+00 -1.811640e+01 7.000001e-01
      vertex   5.218343e+00 -1.811178e+01 -1.560000e+00
    endloop
  endfacet
  facet normal 3.342754e-01 9.424754e-01 2.766442e-04
    outer loop
      vertex   5.229484e+00 -1.811640e+01 7.000001e-01
      vertex   5.334027e+00 -1.815348e+01 7.000001e-01
      vertex   5.218343e+00 -1.811178e+01 -1.560000e+00
    endloop
  endfacet
  facet normal 3.342754e-01 9.424754e-01 2.766442e-04
    outer loop
      vertex   5.218343e+00 -1.811178e+01 -1.560000e+00
      vertex   5.334027e+00 -1.815348e+01 7.000001e-01
      vertex   5.413758e+00 -1.818109e+01 -1.560000e+00
    endloop
  endfacet
  facet normal 3.202753e-01 9.473245e-01 -2.765177e-04
    outer loop
      vertex   5.334027e+00 -1.815348e+01 7.000001e-01
      vertex   5.425367e+00 -1.818436e+01 7.000001e-01
      vertex   5.413758e+00 -1.818109e+01 -1.560000e+00
    endloop
  endfacet
  facet normal 2.204550e-01 9.753971e-01 2.767856e-04
    outer loop
      vertex   5.425367e+00 -1.818436e+01 7.000001e-01
      vertex   5.533562e+00 -1.820881e+01 7.000001e-01
      vertex   5.413758e+00 -1.818109e+01 -1.560000e+00
    endloop
  endfacet
  facet normal 2.204550e-01 9.753971e-01 2.767856e-04
    outer loop
      vertex   5.413758e+00 -1.818109e+01 -1.560000e+00
      vertex   5.533562e+00 -1.820881e+01 7.000001e-01
      vertex   5.615999e+00 -1.822680e+01 -1.560000e+00
    endloop
  endfacet
  facet normal 2.059725e-01 9.785577e-01 -2.766494e-04
    outer loop
      vertex   5.533562e+00 -1.820881e+01 7.000001e-01
      vertex   5.627913e+00 -1.822867e+01 7.000001e-01
      vertex   5.615999e+00 -1.822680e+01 -1.560000e+00
    endloop
  endfacet
  facet normal 1.035467e-01 9.946246e-01 2.765717e-04
    outer loop
      vertex   5.627913e+00 -1.822867e+01 7.000001e-01
      vertex   5.738240e+00 -1.824016e+01 7.000001e-01
      vertex   5.615999e+00 -1.822680e+01 -1.560000e+00
    endloop
  endfacet
  facet normal 1.035467e-01 9.946246e-01 2.765717e-04
    outer loop
      vertex   5.615999e+00 -1.822680e+01 -1.560000e+00
      vertex   5.738240e+00 -1.824016e+01 7.000001e-01
      vertex   5.822227e+00 -1.824827e+01 -1.560000e+00
    endloop
  endfacet
  facet normal 8.879942e-02 9.960495e-01 -2.765842e-04
    outer loop
      vertex   5.738240e+00 -1.824016e+01 7.000001e-01
      vertex   5.834278e+00 -1.824872e+01 7.000001e-01
      vertex   5.822227e+00 -1.824827e+01 -1.560000e+00
    endloop
  endfacet
  facet normal -1.481045e-02 9.998903e-01 2.766529e-04
    outer loop
      vertex   5.834278e+00 -1.824872e+01 7.000001e-01
      vertex   5.945189e+00 -1.824707e+01 7.000001e-01
      vertex   5.822227e+00 -1.824827e+01 -1.560000e+00
    endloop
  endfacet
  facet normal -1.481045e-02 9.998903e-01 2.766529e-04
    outer loop
      vertex   5.822227e+00 -1.824827e+01 -1.560000e+00
      vertex   5.945189e+00 -1.824707e+01 7.000001e-01
      vertex   6.029546e+00 -1.824520e+01 -1.560000e+00
    endloop
  endfacet
  facet normal -2.963240e-02 9.995608e-01 -2.768648e-04
    outer loop
      vertex   5.945189e+00 -1.824707e+01 7.000001e-01
      vertex   6.041565e+00 -1.824422e+01 7.000001e-01
      vertex   6.029546e+00 -1.824520e+01 -1.560000e+00
    endloop
  endfacet
  facet normal -1.329834e-01 9.911182e-01 2.764499e-04
    outer loop
      vertex   6.041565e+00 -1.824422e+01 7.000001e-01
      vertex   6.151504e+00 -1.822947e+01 7.000001e-01
      vertex   6.029546e+00 -1.824520e+01 -1.560000e+00
    endloop
  endfacet
  facet normal -1.329834e-01 9.911182e-01 2.764499e-04
    outer loop
      vertex   6.029546e+00 -1.824520e+01 -1.560000e+00
      vertex   6.151504e+00 -1.822947e+01 7.000001e-01
      vertex   6.235047e+00 -1.821763e+01 -1.560000e+00
    endloop
  endfacet
  facet normal -1.476502e-01 9.890396e-01 -2.766102e-04
    outer loop
      vertex   6.151504e+00 -1.822947e+01 7.000001e-01
      vertex   6.246866e+00 -1.821523e+01 7.000001e-01
      vertex   6.235047e+00 -1.821763e+01 -1.560000e+00
    endloop
  endfacet
  facet normal -2.492597e-01 9.684366e-01 2.766067e-04
    outer loop
      vertex   6.246866e+00 -1.821523e+01 7.000001e-01
      vertex   6.354288e+00 -1.818758e+01 7.000001e-01
      vertex   6.235047e+00 -1.821763e+01 -1.560000e+00
    endloop
  endfacet
  facet normal -2.492597e-01 9.684366e-01 2.766067e-04
    outer loop
      vertex   6.235047e+00 -1.821763e+01 -1.560000e+00
      vertex   6.354288e+00 -1.818758e+01 7.000001e-01
      vertex   6.435845e+00 -1.816594e+01 -1.560000e+00
    endloop
  endfacet
  facet normal -2.635816e-01 9.646371e-01 -2.766010e-04
    outer loop
      vertex   6.354288e+00 -1.818758e+01 7.000001e-01
      vertex   6.447297e+00 -1.816217e+01 7.000001e-01
      vertex   6.435845e+00 -1.816594e+01 -1.560000e+00
    endloop
  endfacet
  facet normal -3.620515e-01 9.321581e-01 2.766717e-04
    outer loop
      vertex   6.447297e+00 -1.816217e+01 7.000001e-01
      vertex   6.550695e+00 -1.812201e+01 7.000001e-01
      vertex   6.435845e+00 -1.816594e+01 -1.560000e+00
    endloop
  endfacet
  facet normal -3.620515e-01 9.321581e-01 2.766717e-04
    outer loop
      vertex   6.435845e+00 -1.816594e+01 -1.560000e+00
      vertex   6.550695e+00 -1.812201e+01 7.000001e-01
      vertex   6.629120e+00 -1.809088e+01 -1.560000e+00
    endloop
  endfacet
  facet normal -3.758269e-01 9.266898e-01 -2.766759e-04
    outer loop
      vertex   6.550695e+00 -1.812201e+01 7.000001e-01
      vertex   6.640045e+00 -1.808577e+01 7.000001e-01
      vertex   6.629120e+00 -1.809088e+01 -1.560000e+00
    endloop
  endfacet
  facet normal -4.697698e-01 8.827889e-01 2.766331e-04
    outer loop
      vertex   6.640045e+00 -1.808577e+01 7.000001e-01
      vertex   6.737968e+00 -1.803366e+01 7.000001e-01
      vertex   6.629120e+00 -1.809088e+01 -1.560000e+00
    endloop
  endfacet
  facet normal -4.697698e-01 8.827889e-01 2.766331e-04
    outer loop
      vertex   6.629120e+00 -1.809088e+01 -1.560000e+00
      vertex   6.737968e+00 -1.803366e+01 7.000001e-01
      vertex   6.812160e+00 -1.799347e+01 -1.560000e+00
    endloop
  endfacet
  facet normal -4.827935e-01 8.757342e-01 -2.763701e-04
    outer loop
      vertex   6.737968e+00 -1.803366e+01 7.000001e-01
      vertex   6.822405e+00 -1.798711e+01 7.000001e-01
      vertex   6.812160e+00 -1.799347e+01 -1.560000e+00
    endloop
  endfacet
  facet normal -5.708714e-01 8.210394e-01 2.768385e-04
    outer loop
      vertex   6.822405e+00 -1.798711e+01 7.000001e-01
      vertex   6.913478e+00 -1.792379e+01 7.000001e-01
      vertex   6.812160e+00 -1.799347e+01 -1.560000e+00
    endloop
  endfacet
  facet normal -5.708714e-01 8.210394e-01 2.768385e-04
    outer loop
      vertex   6.812160e+00 -1.799347e+01 -1.560000e+00
      vertex   6.913478e+00 -1.792379e+01 7.000001e-01
      vertex   6.982396e+00 -1.787511e+01 -1.560000e+00
    endloop
  endfacet
  facet normal -5.829783e-01 8.124877e-01 -2.765651e-04
    outer loop
      vertex   6.913478e+00 -1.792379e+01 7.000001e-01
      vertex   6.991816e+00 -1.786758e+01 7.000001e-01
      vertex   6.982396e+00 -1.787511e+01 -1.560000e+00
    endloop
  endfacet
  facet normal 2.570116e-01 9.664083e-01 0.000000e+00
    outer loop
      vertex   7.010392e+00 -1.291817e+01 3.300000e+00
      vertex   7.010392e+00 -1.291817e+01 -1.560000e+00
      vertex   6.715602e+00 -1.283977e+01 3.300000e+00
    endloop
  endfacet
  facet normal 2.570116e-01 9.664083e-01 0.000000e+00
    outer loop
      vertex   6.715602e+00 -1.283977e+01 3.300000e+00
      vertex   7.010392e+00 -1.291817e+01 -1.560000e+00
      vertex   6.715602e+00 -1.283977e+01 -1.560000e+00
    endloop
  endfacet
  facet normal 1.776161e-01 9.840999e-01 0.000000e+00
    outer loop
      vertex   6.715602e+00 -1.283977e+01 3.300000e+00
      vertex   6.715602e+00 -1.283977e+01 -1.560000e+00
      vertex   6.415415e+00 -1.278559e+01 3.300000e+00
    endloop
  endfacet
  facet normal 1.776161e-01 9.840999e-01 0.000000e+00
    outer loop
      vertex   6.415415e+00 -1.278559e+01 3.300000e+00
      vertex   6.715602e+00 -1.283977e+01 -1.560000e+00
      vertex   6.415415e+00 -1.278559e+01 -1.560000e+00
    endloop
  endfacet
  facet normal 9.704423e-02 9.952801e-01 0.000000e+00
    outer loop
      vertex   6.415415e+00 -1.278559e+01 3.300000e+00
      vertex   6.415415e+00 -1.278559e+01 -1.560000e+00
      vertex   6.111819e+00 -1.275599e+01 3.300000e+00
    endloop
  endfacet
  facet normal 9.704423e-02 9.952801e-01 0.000000e+00
    outer loop
      vertex   6.111819e+00 -1.275599e+01 3.300000e+00
      vertex   6.415415e+00 -1.278559e+01 -1.560000e+00
      vertex   6.111819e+00 -1.275599e+01 -1.560000e+00
    endloop
  endfacet
  facet normal 1.583143e-02 9.998747e-01 0.000000e+00
    outer loop
      vertex   6.111819e+00 -1.275599e+01 3.300000e+00
      vertex   6.111819e+00 -1.275599e+01 -1.560000e+00
      vertex   5.806820e+00 -1.275116e+01 3.300000e+00
    endloop
  endfacet
  facet normal 1.583143e-02 9.998747e-01 0.000000e+00
    outer loop
      vertex   5.806820e+00 -1.275116e+01 3.300000e+00
      vertex   6.111819e+00 -1.275599e+01 -1.560000e+00
      vertex   5.806820e+00 -1.275116e+01 -1.560000e+00
    endloop
  endfacet
  facet normal -6.548298e-02 9.978537e-01 0.000000e+00
    outer loop
      vertex   5.806820e+00 -1.275116e+01 3.300000e+00
      vertex   5.806820e+00 -1.275116e+01 -1.560000e+00
      vertex   5.502438e+00 -1.277113e+01 3.300000e+00
    endloop
  endfacet
  facet normal -6.548298e-02 9.978537e-01 0.000000e+00
    outer loop
      vertex   5.502438e+00 -1.277113e+01 3.300000e+00
      vertex   5.806820e+00 -1.275116e+01 -1.560000e+00
      vertex   5.502438e+00 -1.277113e+01 -1.560000e+00
    endloop
  endfacet
  facet normal -1.463752e-01 9.892291e-01 0.000000e+00
    outer loop
      vertex   5.502438e+00 -1.277113e+01 3.300000e+00
      vertex   5.502438e+00 -1.277113e+01 -1.560000e+00
      vertex   5.200687e+00 -1.281578e+01 3.300000e+00
    endloop
  endfacet
  facet normal -1.463752e-01 9.892291e-01 0.000000e+00
    outer loop
      vertex   5.200687e+00 -1.281578e+01 3.300000e+00
      vertex   5.502438e+00 -1.277113e+01 -1.560000e+00
      vertex   5.200687e+00 -1.281578e+01 -1.560000e+00
    endloop
  endfacet
  facet normal -2.262867e-01 9.740607e-01 0.000000e+00
    outer loop
      vertex   5.200687e+00 -1.281578e+01 3.300000e+00
      vertex   5.200687e+00 -1.281578e+01 -1.560000e+00
      vertex   4.903562e+00 -1.288481e+01 3.300000e+00
    endloop
  endfacet
  facet normal -2.262867e-01 9.740607e-01 0.000000e+00
    outer loop
      vertex   4.903562e+00 -1.288481e+01 3.300000e+00
      vertex   5.200687e+00 -1.281578e+01 -1.560000e+00
      vertex   4.903562e+00 -1.288481e+01 -1.560000e+00
    endloop
  endfacet
  facet normal -3.047053e-01 9.524467e-01 0.000000e+00
    outer loop
      vertex   4.903562e+00 -1.288481e+01 3.300000e+00
      vertex   4.903562e+00 -1.288481e+01 -1.560000e+00
      vertex   4.613031e+00 -1.297776e+01 3.300000e+00
    endloop
  endfacet
  facet normal -3.047053e-01 9.524467e-01 0.000000e+00
    outer loop
      vertex   4.613031e+00 -1.297776e+01 3.300000e+00
      vertex   4.903562e+00 -1.288481e+01 -1.560000e+00
      vertex   4.613031e+00 -1.297776e+01 -1.560000e+00
    endloop
  endfacet
  facet normal -3.811077e-01 9.245307e-01 0.000000e+00
    outer loop
      vertex   4.613031e+00 -1.297776e+01 3.300000e+00
      vertex   4.613031e+00 -1.297776e+01 -1.560000e+00
      vertex   4.331016e+00 -1.309401e+01 3.300000e+00
    endloop
  endfacet
  facet normal -3.811077e-01 9.245307e-01 0.000000e+00
    outer loop
      vertex   4.331016e+00 -1.309401e+01 3.300000e+00
      vertex   4.613031e+00 -1.297776e+01 -1.560000e+00
      vertex   4.331016e+00 -1.309401e+01 -1.560000e+00
    endloop
  endfacet
  facet normal -4.549920e-01 8.904956e-01 0.000000e+00
    outer loop
      vertex   4.331016e+00 -1.309401e+01 3.300000e+00
      vertex   4.331016e+00 -1.309401e+01 -1.560000e+00
      vertex   4.059382e+00 -1.323280e+01 3.300000e+00
    endloop
  endfacet
  facet normal -4.549920e-01 8.904956e-01 0.000000e+00
    outer loop
      vertex   4.059382e+00 -1.323280e+01 3.300000e+00
      vertex   4.331016e+00 -1.309401e+01 -1.560000e+00
      vertex   4.059382e+00 -1.323280e+01 -1.560000e+00
    endloop
  endfacet
  facet normal -5.258609e-01 8.505706e-01 0.000000e+00
    outer loop
      vertex   4.059382e+00 -1.323280e+01 3.300000e+00
      vertex   4.059382e+00 -1.323280e+01 -1.560000e+00
      vertex   3.799926e+00 -1.339320e+01 3.300000e+00
    endloop
  endfacet
  facet normal -5.258609e-01 8.505706e-01 0.000000e+00
    outer loop
      vertex   3.799926e+00 -1.339320e+01 3.300000e+00
      vertex   4.059382e+00 -1.323280e+01 -1.560000e+00
      vertex   3.799926e+00 -1.339320e+01 -1.560000e+00
    endloop
  endfacet
  facet normal -5.932508e-01 8.050177e-01 0.000000e+00
    outer loop
      vertex   3.799926e+00 -1.339320e+01 3.300000e+00
      vertex   3.799926e+00 -1.339320e+01 -1.560000e+00
      vertex   3.554366e+00 -1.357417e+01 3.300000e+00
    endloop
  endfacet
  facet normal -5.932508e-01 8.050177e-01 0.000000e+00
    outer loop
      vertex   3.554366e+00 -1.357417e+01 3.300000e+00
      vertex   3.799926e+00 -1.339320e+01 -1.560000e+00
      vertex   3.554366e+00 -1.357417e+01 -1.560000e+00
    endloop
  endfacet
  facet normal -6.567174e-01 7.541368e-01 0.000000e+00
    outer loop
      vertex   3.554366e+00 -1.357417e+01 3.300000e+00
      vertex   3.554366e+00 -1.357417e+01 -1.560000e+00
      vertex   3.324327e+00 -1.377449e+01 3.300000e+00
    endloop
  endfacet
  facet normal -6.567174e-01 7.541368e-01 0.000000e+00
    outer loop
      vertex   3.324327e+00 -1.377449e+01 3.300000e+00
      vertex   3.554366e+00 -1.357417e+01 -1.560000e+00
      vertex   3.324327e+00 -1.377449e+01 -1.560000e+00
    endloop
  endfacet
  facet normal -7.158379e-01 6.982665e-01 0.000000e+00
    outer loop
      vertex   3.324327e+00 -1.377449e+01 3.300000e+00
      vertex   3.324327e+00 -1.377449e+01 -1.560000e+00
      vertex   3.111330e+00 -1.399285e+01 3.300000e+00
    endloop
  endfacet
  facet normal -7.158379e-01 6.982665e-01 0.000000e+00
    outer loop
      vertex   3.111330e+00 -1.399285e+01 3.300000e+00
      vertex   3.324327e+00 -1.377449e+01 -1.560000e+00
      vertex   3.111330e+00 -1.399285e+01 -1.560000e+00
    endloop
  endfacet
  facet normal -7.702220e-01 6.377759e-01 0.000000e+00
    outer loop
      vertex   3.111330e+00 -1.399285e+01 3.300000e+00
      vertex   3.111330e+00 -1.399285e+01 -1.560000e+00
      vertex   2.916785e+00 -1.422779e+01 3.300000e+00
    endloop
  endfacet
  facet normal -7.702220e-01 6.377759e-01 0.000000e+00
    outer loop
      vertex   2.916785e+00 -1.422779e+01 3.300000e+00
      vertex   3.111330e+00 -1.399285e+01 -1.560000e+00
      vertex   2.916785e+00 -1.422779e+01 -1.560000e+00
    endloop
  endfacet
  facet normal -8.195101e-01 5.730648e-01 0.000000e+00
    outer loop
      vertex   2.916785e+00 -1.422779e+01 3.300000e+00
      vertex   2.916785e+00 -1.422779e+01 -1.560000e+00
      vertex   2.741979e+00 -1.447777e+01 3.300000e+00
    endloop
  endfacet
  facet normal -8.195101e-01 5.730648e-01 0.000000e+00
    outer loop
      vertex   2.741979e+00 -1.447777e+01 3.300000e+00
      vertex   2.916785e+00 -1.422779e+01 -1.560000e+00
      vertex   2.741979e+00 -1.447777e+01 -1.560000e+00
    endloop
  endfacet
  facet normal -8.633742e-01 5.045641e-01 0.000000e+00
    outer loop
      vertex   2.741979e+00 -1.447777e+01 3.300000e+00
      vertex   2.741979e+00 -1.447777e+01 -1.560000e+00
      vertex   2.588069e+00 -1.474113e+01 3.300000e+00
    endloop
  endfacet
  facet normal -8.633742e-01 5.045641e-01 0.000000e+00
    outer loop
      vertex   2.588069e+00 -1.474113e+01 3.300000e+00
      vertex   2.741979e+00 -1.447777e+01 -1.560000e+00
      vertex   2.588069e+00 -1.474113e+01 -1.560000e+00
    endloop
  endfacet
  facet normal -9.015273e-01 4.327222e-01 0.000000e+00
    outer loop
      vertex   2.588069e+00 -1.474113e+01 3.300000e+00
      vertex   2.588069e+00 -1.474113e+01 -1.560000e+00
      vertex   2.456073e+00 -1.501613e+01 3.300000e+00
    endloop
  endfacet
  facet normal -9.015273e-01 4.327222e-01 0.000000e+00
    outer loop
      vertex   2.456073e+00 -1.501613e+01 3.300000e+00
      vertex   2.588069e+00 -1.474113e+01 -1.560000e+00
      vertex   2.456073e+00 -1.501613e+01 -1.560000e+00
    endloop
  endfacet
  facet normal -9.337145e-01 3.580186e-01 0.000000e+00
    outer loop
      vertex   2.456073e+00 -1.501613e+01 3.300000e+00
      vertex   2.456073e+00 -1.501613e+01 -1.560000e+00
      vertex   2.346864e+00 -1.530095e+01 3.300000e+00
    endloop
  endfacet
  facet normal -9.337145e-01 3.580186e-01 0.000000e+00
    outer loop
      vertex   2.346864e+00 -1.530095e+01 3.300000e+00
      vertex   2.456073e+00 -1.501613e+01 -1.560000e+00
      vertex   2.346864e+00 -1.530095e+01 -1.560000e+00
    endloop
  endfacet
  facet normal -9.597234e-01 2.809466e-01 0.000000e+00
    outer loop
      vertex   2.346864e+00 -1.530095e+01 3.300000e+00
      vertex   2.346864e+00 -1.530095e+01 -1.560000e+00
      vertex   2.261165e+00 -1.559370e+01 3.300000e+00
    endloop
  endfacet
  facet normal -9.597234e-01 2.809466e-01 0.000000e+00
    outer loop
      vertex   2.261165e+00 -1.559370e+01 3.300000e+00
      vertex   2.346864e+00 -1.530095e+01 -1.560000e+00
      vertex   2.261165e+00 -1.559370e+01 -1.560000e+00
    endloop
  endfacet
  facet normal -9.793827e-01 2.020137e-01 0.000000e+00
    outer loop
      vertex   2.261165e+00 -1.559370e+01 3.300000e+00
      vertex   2.261165e+00 -1.559370e+01 -1.560000e+00
      vertex   2.199543e+00 -1.589245e+01 3.300000e+00
    endloop
  endfacet
  facet normal -9.793827e-01 2.020137e-01 0.000000e+00
    outer loop
      vertex   2.199543e+00 -1.589245e+01 3.300000e+00
      vertex   2.261165e+00 -1.559370e+01 -1.560000e+00
      vertex   2.199543e+00 -1.589245e+01 -1.560000e+00
    endloop
  endfacet
  facet normal -9.925614e-01 1.217454e-01 0.000000e+00
    outer loop
      vertex   2.199543e+00 -1.589245e+01 3.300000e+00
      vertex   2.199543e+00 -1.589245e+01 -1.560000e+00
      vertex   2.162406e+00 -1.619521e+01 3.300000e+00
    endloop
  endfacet
  facet normal -9.925614e-01 1.217454e-01 0.000000e+00
    outer loop
      vertex   2.162406e+00 -1.619521e+01 3.300000e+00
      vertex   2.199543e+00 -1.589245e+01 -1.560000e+00
      vertex   2.162406e+00 -1.619521e+01 -1.560000e+00
    endloop
  endfacet
  facet normal -9.991726e-01 4.067179e-02 0.000000e+00
    outer loop
      vertex   2.162406e+00 -1.619521e+01 3.300000e+00
      vertex   2.162406e+00 -1.619521e+01 -1.560000e+00
      vertex   2.150000e+00 -1.650000e+01 3.300000e+00
    endloop
  endfacet
  facet normal -9.991726e-01 4.067179e-02 0.000000e+00
    outer loop
      vertex   2.150000e+00 -1.650000e+01 3.300000e+00
      vertex   2.162406e+00 -1.619521e+01 -1.560000e+00
      vertex   2.150000e+00 -1.650000e+01 -1.560000e+00
    endloop
  endfacet
  facet normal -9.991726e-01 -4.067179e-02 -0.000000e+00
    outer loop
      vertex   2.150000e+00 -1.650000e+01 3.300000e+00
      vertex   2.150000e+00 -1.650000e+01 -1.560000e+00
      vertex   2.162406e+00 -1.680478e+01 3.300000e+00
    endloop
  endfacet
  facet normal -9.991726e-01 -4.067179e-02 -0.000000e+00
    outer loop
      vertex   2.162406e+00 -1.680478e+01 3.300000e+00
      vertex   2.150000e+00 -1.650000e+01 -1.560000e+00
      vertex   2.162406e+00 -1.680478e+01 -1.560000e+00
    endloop
  endfacet
  facet normal -9.925614e-01 -1.217449e-01 -0.000000e+00
    outer loop
      vertex   2.162406e+00 -1.680478e+01 3.300000e+00
      vertex   2.162406e+00 -1.680478e+01 -1.560000e+00
      vertex   2.199543e+00 -1.710755e+01 3.300000e+00
    endloop
  endfacet
  facet normal -9.925614e-01 -1.217449e-01 -0.000000e+00
    outer loop
      vertex   2.199543e+00 -1.710755e+01 3.300000e+00
      vertex   2.162406e+00 -1.680478e+01 -1.560000e+00
      vertex   2.199543e+00 -1.710755e+01 -1.560000e+00
    endloop
  endfacet
  facet normal -9.793827e-01 -2.020137e-01 -0.000000e+00
    outer loop
      vertex   2.199543e+00 -1.710755e+01 3.300000e+00
      vertex   2.199543e+00 -1.710755e+01 -1.560000e+00
      vertex   2.261165e+00 -1.740630e+01 3.300000e+00
    endloop
  endfacet
  facet normal -9.793827e-01 -2.020137e-01 -0.000000e+00
    outer loop
      vertex   2.261165e+00 -1.740630e+01 3.300000e+00
      vertex   2.199543e+00 -1.710755e+01 -1.560000e+00
      vertex   2.261165e+00 -1.740630e+01 -1.560000e+00
    endloop
  endfacet
  facet normal -9.597234e-01 -2.809466e-01 -0.000000e+00
    outer loop
      vertex   2.261165e+00 -1.740630e+01 3.300000e+00
      vertex   2.261165e+00 -1.740630e+01 -1.560000e+00
      vertex   2.346864e+00 -1.769905e+01 3.300000e+00
    endloop
  endfacet
  facet normal -9.597234e-01 -2.809466e-01 -0.000000e+00
    outer loop
      vertex   2.346864e+00 -1.769905e+01 3.300000e+00
      vertex   2.261165e+00 -1.740630e+01 -1.560000e+00
      vertex   2.346864e+00 -1.769905e+01 -1.560000e+00
    endloop
  endfacet
  facet normal -9.337145e-01 -3.580186e-01 -0.000000e+00
    outer loop
      vertex   2.346864e+00 -1.769905e+01 3.300000e+00
      vertex   2.346864e+00 -1.769905e+01 -1.560000e+00
      vertex   2.456073e+00 -1.798387e+01 3.300000e+00
    endloop
  endfacet
  facet normal -9.337145e-01 -3.580186e-01 -0.000000e+00
    outer loop
      vertex   2.456073e+00 -1.798387e+01 3.300000e+00
      vertex   2.346864e+00 -1.769905e+01 -1.560000e+00
      vertex   2.456073e+00 -1.798387e+01 -1.560000e+00
    endloop
  endfacet
  facet normal -9.015273e-01 -4.327222e-01 -0.000000e+00
    outer loop
      vertex   2.456073e+00 -1.798387e+01 3.300000e+00
      vertex   2.456073e+00 -1.798387e+01 -1.560000e+00
      vertex   2.588069e+00 -1.825887e+01 3.300000e+00
    endloop
  endfacet
  facet normal -9.015273e-01 -4.327222e-01 -0.000000e+00
    outer loop
      vertex   2.588069e+00 -1.825887e+01 3.300000e+00
      vertex   2.456073e+00 -1.798387e+01 -1.560000e+00
      vertex   2.588069e+00 -1.825887e+01 -1.560000e+00
    endloop
  endfacet
  facet normal -8.633742e-01 -5.045641e-01 -0.000000e+00
    outer loop
      vertex   2.588069e+00 -1.825887e+01 3.300000e+00
      vertex   2.588069e+00 -1.825887e+01 -1.560000e+00
      vertex   2.741979e+00 -1.852223e+01 3.300000e+00
    endloop
  endfacet
  facet normal -8.633742e-01 -5.045641e-01 -0.000000e+00
    outer loop
      vertex   2.741979e+00 -1.852223e+01 3.300000e+00
      vertex   2.588069e+00 -1.825887e+01 -1.560000e+00
      vertex   2.741979e+00 -1.852223e+01 -1.560000e+00
    endloop
  endfacet
  facet normal -8.195088e-01 -5.730666e-01 -0.000000e+00
    outer loop
      vertex   2.741979e+00 -1.852223e+01 3.300000e+00
      vertex   2.741979e+00 -1.852223e+01 -1.560000e+00
      vertex   2.916785e+00 -1.877221e+01 3.300000e+00
    endloop
  endfacet
  facet normal -8.195088e-01 -5.730666e-01 -0.000000e+00
    outer loop
      vertex   2.916785e+00 -1.877221e+01 3.300000e+00
      vertex   2.741979e+00 -1.852223e+01 -1.560000e+00
      vertex   2.916785e+00 -1.877221e+01 -1.560000e+00
    endloop
  endfacet
  facet normal -7.702236e-01 -6.377740e-01 -0.000000e+00
    outer loop
      vertex   2.916785e+00 -1.877221e+01 3.300000e+00
      vertex   2.916785e+00 -1.877221e+01 -1.560000e+00
      vertex   3.111330e+00 -1.900715e+01 3.300000e+00
    endloop
  endfacet
  facet normal -7.702236e-01 -6.377740e-01 -0.000000e+00
    outer loop
      vertex   3.111330e+00 -1.900715e+01 3.300000e+00
      vertex   2.916785e+00 -1.877221e+01 -1.560000e+00
      vertex   3.111330e+00 -1.900715e+01 -1.560000e+00
    endloop
  endfacet
  facet normal -7.158379e-01 -6.982665e-01 -0.000000e+00
    outer loop
      vertex   3.111330e+00 -1.900715e+01 3.300000e+00
      vertex   3.111330e+00 -1.900715e+01 -1.560000e+00
      vertex   3.324327e+00 -1.922551e+01 3.300000e+00
    endloop
  endfacet
  facet normal -7.158379e-01 -6.982665e-01 -0.000000e+00
    outer loop
      vertex   3.324327e+00 -1.922551e+01 3.300000e+00
      vertex   3.111330e+00 -1.900715e+01 -1.560000e+00
      vertex   3.324327e+00 -1.922551e+01 -1.560000e+00
    endloop
  endfacet
  facet normal -6.567174e-01 -7.541368e-01 -0.000000e+00
    outer loop
      vertex   3.324327e+00 -1.922551e+01 3.300000e+00
      vertex   3.324327e+00 -1.922551e+01 -1.560000e+00
      vertex   3.554366e+00 -1.942583e+01 3.300000e+00
    endloop
  endfacet
  facet normal -6.567174e-01 -7.541368e-01 -0.000000e+00
    outer loop
      vertex   3.554366e+00 -1.942583e+01 3.300000e+00
      vertex   3.324327e+00 -1.922551e+01 -1.560000e+00
      vertex   3.554366e+00 -1.942583e+01 -1.560000e+00
    endloop
  endfacet
  facet normal -5.932533e-01 -8.050158e-01 -0.000000e+00
    outer loop
      vertex   3.554366e+00 -1.942583e+01 3.300000e+00
      vertex   3.554366e+00 -1.942583e+01 -1.560000e+00
      vertex   3.799926e+00 -1.960680e+01 3.300000e+00
    endloop
  endfacet
  facet normal -5.932533e-01 -8.050158e-01 -0.000000e+00
    outer loop
      vertex   3.799926e+00 -1.960680e+01 3.300000e+00
      vertex   3.554366e+00 -1.942583e+01 -1.560000e+00
      vertex   3.799926e+00 -1.960680e+01 -1.560000e+00
    endloop
  endfacet
  facet normal -5.258581e-01 -8.505723e-01 -0.000000e+00
    outer loop
      vertex   3.799926e+00 -1.960680e+01 3.300000e+00
      vertex   3.799926e+00 -1.960680e+01 -1.560000e+00
      vertex   4.059382e+00 -1.976720e+01 3.300000e+00
    endloop
  endfacet
  facet normal -5.258581e-01 -8.505723e-01 -0.000000e+00
    outer loop
      vertex   4.059382e+00 -1.976720e+01 3.300000e+00
      vertex   3.799926e+00 -1.960680e+01 -1.560000e+00
      vertex   4.059382e+00 -1.976720e+01 -1.560000e+00
    endloop
  endfacet
  facet normal -4.549889e-01 -8.904971e-01 -0.000000e+00
    outer loop
      vertex   4.059382e+00 -1.976720e+01 3.300000e+00
      vertex   4.059382e+00 -1.976720e+01 -1.560000e+00
      vertex   4.331016e+00 -1.990599e+01 3.300000e+00
    endloop
  endfacet
  facet normal -4.549889e-01 -8.904971e-01 -0.000000e+00
    outer loop
      vertex   4.331016e+00 -1.990599e+01 3.300000e+00
      vertex   4.059382e+00 -1.976720e+01 -1.560000e+00
      vertex   4.331016e+00 -1.990599e+01 -1.560000e+00
    endloop
  endfacet
  facet normal -3.811143e-01 -9.245279e-01 -0.000000e+00
    outer loop
      vertex   4.331016e+00 -1.990599e+01 3.300000e+00
      vertex   4.331016e+00 -1.990599e+01 -1.560000e+00
      vertex   4.613031e+00 -2.002225e+01 3.300000e+00
    endloop
  endfacet
  facet normal -3.811143e-01 -9.245279e-01 -0.000000e+00
    outer loop
      vertex   4.613031e+00 -2.002225e+01 3.300000e+00
      vertex   4.331016e+00 -1.990599e+01 -1.560000e+00
      vertex   4.613031e+00 -2.002225e+01 -1.560000e+00
    endloop
  endfacet
  facet normal -3.047018e-01 -9.524478e-01 -0.000000e+00
    outer loop
      vertex   4.613031e+00 -2.002225e+01 3.300000e+00
      vertex   4.613031e+00 -2.002225e+01 -1.560000e+00
      vertex   4.903562e+00 -2.011519e+01 3.300000e+00
    endloop
  endfacet
  facet normal -3.047018e-01 -9.524478e-01 -0.000000e+00
    outer loop
      vertex   4.903562e+00 -2.011519e+01 3.300000e+00
      vertex   4.613031e+00 -2.002225e+01 -1.560000e+00
      vertex   4.903562e+00 -2.011519e+01 -1.560000e+00
    endloop
  endfacet
  facet normal -2.262904e-01 -9.740599e-01 -0.000000e+00
    outer loop
      vertex   4.903562e+00 -2.011519e+01 3.300000e+00
      vertex   4.903562e+00 -2.011519e+01 -1.560000e+00
      vertex   5.200687e+00 -2.018422e+01 3.300000e+00
    endloop
  endfacet
  facet normal -2.262904e-01 -9.740599e-01 -0.000000e+00
    outer loop
      vertex   5.200687e+00 -2.018422e+01 3.300000e+00
      vertex   4.903562e+00 -2.011519e+01 -1.560000e+00
      vertex   5.200687e+00 -2.018422e+01 -1.560000e+00
    endloop
  endfacet
  facet normal -1.463714e-01 -9.892297e-01 -0.000000e+00
    outer loop
      vertex   5.200687e+00 -2.018422e+01 3.300000e+00
      vertex   5.200687e+00 -2.018422e+01 -1.560000e+00
      vertex   5.502438e+00 -2.022887e+01 3.300000e+00
    endloop
  endfacet
  facet normal -1.463714e-01 -9.892297e-01 -0.000000e+00
    outer loop
      vertex   5.502438e+00 -2.022887e+01 3.300000e+00
      vertex   5.200687e+00 -2.018422e+01 -1.560000e+00
      vertex   5.502438e+00 -2.022887e+01 -1.560000e+00
    endloop
  endfacet
  facet normal -6.548298e-02 -9.978537e-01 -0.000000e+00
    outer loop
      vertex   5.502438e+00 -2.022887e+01 3.300000e+00
      vertex   5.502438e+00 -2.022887e+01 -1.560000e+00
      vertex   5.806820e+00 -2.024884e+01 3.300000e+00
    endloop
  endfacet
  facet normal -6.548298e-02 -9.978537e-01 -0.000000e+00
    outer loop
      vertex   5.806820e+00 -2.024884e+01 3.300000e+00
      vertex   5.502438e+00 -2.022887e+01 -1.560000e+00
      vertex   5.806820e+00 -2.024884e+01 -1.560000e+00
    endloop
  endfacet
  facet normal 1.582753e-02 -9.998747e-01 0.000000e+00
    outer loop
      vertex   5.806820e+00 -2.024884e+01 3.300000e+00
      vertex   5.806820e+00 -2.024884e+01 -1.560000e+00
      vertex   6.111819e+00 -2.024401e+01 3.300000e+00
    endloop
  endfacet
  facet normal 1.582753e-02 -9.998747e-01 0.000000e+00
    outer loop
      vertex   6.111819e+00 -2.024401e+01 3.300000e+00
      vertex   5.806820e+00 -2.024884e+01 -1.560000e+00
      vertex   6.111819e+00 -2.024401e+01 -1.560000e+00
    endloop
  endfacet
  facet normal 9.704423e-02 -9.952801e-01 0.000000e+00
    outer loop
      vertex   6.111819e+00 -2.024401e+01 3.300000e+00
      vertex   6.111819e+00 -2.024401e+01 -1.560000e+00
      vertex   6.415415e+00 -2.021441e+01 3.300000e+00
    endloop
  endfacet
  facet normal 9.704423e-02 -9.952801e-01 0.000000e+00
    outer loop
      vertex   6.415415e+00 -2.021441e+01 3.300000e+00
      vertex   6.111819e+00 -2.024401e+01 -1.560000e+00
      vertex   6.415415e+00 -2.021441e+01 -1.560000e+00
    endloop
  endfacet
  facet normal 1.776199e-01 -9.840992e-01 0.000000e+00
    outer loop
      vertex   6.415415e+00 -2.021441e+01 3.300000e+00
      vertex   6.415415e+00 -2.021441e+01 -1.560000e+00
      vertex   6.715602e+00 -2.016023e+01 3.300000e+00
    endloop
  endfacet
  facet normal 1.776199e-01 -9.840992e-01 0.000000e+00
    outer loop
      vertex   6.715602e+00 -2.016023e+01 3.300000e+00
      vertex   6.415415e+00 -2.021441e+01 -1.560000e+00
      vertex   6.715602e+00 -2.016023e+01 -1.560000e+00
    endloop
  endfacet
  facet normal 2.570153e-01 -9.664073e-01 0.000000e+00
    outer loop
      vertex   6.715602e+00 -2.016023e+01 3.300000e+00
      vertex   6.715602e+00 -2.016023e+01 -1.560000e+00
      vertex   7.010392e+00 -2.008183e+01 3.300000e+00
    endloop
  endfacet
  facet normal 2.570153e-01 -9.664073e-01 0.000000e+00
    outer loop
      vertex   7.010392e+00 -2.008183e+01 3.300000e+00
      vertex   6.715602e+00 -2.016023e+01 -1.560000e+00
      vertex   7.010392e+00 -2.008183e+01 -1.560000e+00
    endloop
  endfacet
  facet normal -6.639783e-01 7.477518e-01 2.767177e-04
    outer loop
      vertex   6.991816e+00 -1.786758e+01 7.000001e-01
      vertex   7.074760e+00 -1.779393e+01 7.000001e-01
      vertex   6.982396e+00 -1.787511e+01 -1.560000e+00
    endloop
  endfacet
  facet normal -6.639783e-01 7.477518e-01 2.767177e-04
    outer loop
      vertex   6.982396e+00 -1.787511e+01 -1.560000e+00
      vertex   7.074760e+00 -1.779393e+01 7.000001e-01
      vertex   7.137437e+00 -1.773744e+01 -1.560000e+00
    endloop
  endfacet
  facet normal -6.749873e-01 7.378293e-01 -2.766193e-04
    outer loop
      vertex   7.074760e+00 -1.779393e+01 7.000001e-01
      vertex   7.145901e+00 -1.772885e+01 7.000001e-01
      vertex   7.137437e+00 -1.773744e+01 -1.560000e+00
    endloop
  endfacet
  facet normal -7.477522e-01 6.639778e-01 2.765936e-04
    outer loop
      vertex   7.145901e+00 -1.772885e+01 7.000001e-01
      vertex   7.219551e+00 -1.764590e+01 7.000001e-01
      vertex   7.137437e+00 -1.773744e+01 -1.560000e+00
    endloop
  endfacet
  facet normal -7.477522e-01 6.639778e-01 2.765936e-04
    outer loop
      vertex   7.137437e+00 -1.773744e+01 -1.560000e+00
      vertex   7.219551e+00 -1.764590e+01 7.000001e-01
      vertex   7.275107e+00 -1.758240e+01 -1.560000e+00
    endloop
  endfacet
  facet normal -7.575067e-01 6.528273e-01 -2.765256e-04
    outer loop
      vertex   7.219551e+00 -1.764590e+01 7.000001e-01
      vertex   7.282495e+00 -1.757287e+01 7.000001e-01
      vertex   7.275107e+00 -1.758240e+01 -1.560000e+00
    endloop
  endfacet
  facet normal -8.210366e-01 5.708754e-01 2.767535e-04
    outer loop
      vertex   7.282495e+00 -1.757287e+01 7.000001e-01
      vertex   7.345819e+00 -1.748179e+01 7.000001e-01
      vertex   7.275107e+00 -1.758240e+01 -1.560000e+00
    endloop
  endfacet
  facet normal -8.210366e-01 5.708754e-01 2.767535e-04
    outer loop
      vertex   7.275107e+00 -1.758240e+01 -1.560000e+00
      vertex   7.345819e+00 -1.748179e+01 7.000001e-01
      vertex   7.393474e+00 -1.741216e+01 -1.560000e+00
    endloop
  endfacet
  facet normal -8.294082e-01 5.586429e-01 -2.766661e-04
    outer loop
      vertex   7.345819e+00 -1.748179e+01 7.000001e-01
      vertex   7.399683e+00 -1.740182e+01 7.000001e-01
      vertex   7.393474e+00 -1.741216e+01 -1.560000e+00
    endloop
  endfacet
  facet normal -8.827925e-01 4.697631e-01 2.765721e-04
    outer loop
      vertex   7.399683e+00 -1.740182e+01 7.000001e-01
      vertex   7.451791e+00 -1.730390e+01 7.000001e-01
      vertex   7.393474e+00 -1.741216e+01 -1.560000e+00
    endloop
  endfacet
  facet normal -8.827925e-01 4.697631e-01 2.765721e-04
    outer loop
      vertex   7.393474e+00 -1.741216e+01 -1.560000e+00
      vertex   7.451791e+00 -1.730390e+01 7.000001e-01
      vertex   7.490875e+00 -1.722912e+01 -1.560000e+00
    endloop
  endfacet
  facet normal -8.896568e-01 4.566298e-01 -2.766973e-04
    outer loop
      vertex   7.451791e+00 -1.730390e+01 7.000001e-01
      vertex   7.495818e+00 -1.721812e+01 7.000001e-01
      vertex   7.490875e+00 -1.722912e+01 -1.560000e+00
    endloop
  endfacet
  facet normal -9.321569e-01 3.620545e-01 2.765762e-04
    outer loop
      vertex   7.495818e+00 -1.721812e+01 7.000001e-01
      vertex   7.535979e+00 -1.711472e+01 7.000001e-01
      vertex   7.490875e+00 -1.722912e+01 -1.560000e+00
    endloop
  endfacet
  facet normal -9.321569e-01 3.620545e-01 2.765762e-04
    outer loop
      vertex   7.490875e+00 -1.722912e+01 -1.560000e+00
      vertex   7.535979e+00 -1.711472e+01 7.000001e-01
      vertex   7.565944e+00 -1.703585e+01 -1.560000e+00
    endloop
  endfacet
  facet normal -9.374197e-01 3.482013e-01 -2.766963e-04
    outer loop
      vertex   7.535979e+00 -1.711472e+01 7.000001e-01
      vertex   7.569552e+00 -1.702434e+01 7.000001e-01
      vertex   7.565944e+00 -1.703585e+01 -1.560000e+00
    endloop
  endfacet
  facet normal -9.684357e-01 2.492633e-01 2.765946e-04
    outer loop
      vertex   7.569552e+00 -1.702434e+01 7.000001e-01
      vertex   7.597201e+00 -1.691691e+01 7.000001e-01
      vertex   7.565944e+00 -1.703585e+01 -1.560000e+00
    endloop
  endfacet
  facet normal -9.684357e-01 2.492633e-01 2.765946e-04
    outer loop
      vertex   7.565944e+00 -1.703585e+01 -1.560000e+00
      vertex   7.597201e+00 -1.691691e+01 7.000001e-01
      vertex   7.617627e+00 -1.683505e+01 -1.560000e+00
    endloop
  endfacet
  facet normal -9.720225e-01 2.348874e-01 -2.765848e-04
    outer loop
      vertex   7.597201e+00 -1.691691e+01 7.000001e-01
      vertex   7.619848e+00 -1.682319e+01 7.000001e-01
      vertex   7.617627e+00 -1.683505e+01 -1.560000e+00
    endloop
  endfacet
  facet normal -9.911194e-01 1.329747e-01 2.766615e-04
    outer loop
      vertex   7.619848e+00 -1.682319e+01 7.000001e-01
      vertex   7.634598e+00 -1.671326e+01 7.000001e-01
      vertex   7.617627e+00 -1.683505e+01 -1.560000e+00
    endloop
  endfacet
  facet normal -9.911194e-01 1.329747e-01 2.766615e-04
    outer loop
      vertex   7.617627e+00 -1.683505e+01 -1.560000e+00
      vertex   7.634598e+00 -1.671326e+01 7.000001e-01
      vertex   7.645199e+00 -1.662955e+01 -1.560000e+00
    endloop
  endfacet
  facet normal -9.929810e-01 1.182733e-01 -2.766029e-04
    outer loop
      vertex   7.634598e+00 -1.671326e+01 7.000001e-01
      vertex   7.646002e+00 -1.661751e+01 7.000001e-01
      vertex   7.645199e+00 -1.662955e+01 -1.560000e+00
    endloop
  endfacet
  facet normal -9.998902e-01 1.481828e-02 2.766428e-04
    outer loop
      vertex   7.646002e+00 -1.661751e+01 7.000001e-01
      vertex   7.647646e+00 -1.650660e+01 7.000001e-01
      vertex   7.645199e+00 -1.662955e+01 -1.560000e+00
    endloop
  endfacet
  facet normal -9.998902e-01 1.481828e-02 2.766428e-04
    outer loop
      vertex   7.645199e+00 -1.662955e+01 -1.560000e+00
      vertex   7.647646e+00 -1.650660e+01 7.000001e-01
      vertex   7.648271e+00 -1.642223e+01 -1.560000e+00
    endloop
  endfacet
  facet normal -1.000000e+00 0.000000e+00 -2.766219e-04
    outer loop
      vertex   7.647646e+00 -1.650660e+01 7.000001e-01
      vertex   7.647646e+00 -1.641018e+01 7.000001e-01
      vertex   7.648271e+00 -1.642223e+01 -1.560000e+00
    endloop
  endfacet
  facet normal -9.946246e-01 -1.035467e-01 2.766501e-04
    outer loop
      vertex   7.647646e+00 -1.641018e+01 7.000001e-01
      vertex   7.636160e+00 -1.629986e+01 7.000001e-01
      vertex   7.648271e+00 -1.642223e+01 -1.560000e+00
    endloop
  endfacet
  facet normal -9.946246e-01 -1.035467e-01 2.766501e-04
    outer loop
      vertex   7.648271e+00 -1.642223e+01 -1.560000e+00
      vertex   7.636160e+00 -1.629986e+01 7.000001e-01
      vertex   7.626802e+00 -1.621600e+01 -1.560000e+00
    endloop
  endfacet
  facet normal -9.929810e-01 -1.182733e-01 -2.765791e-04
    outer loop
      vertex   7.636160e+00 -1.629986e+01 7.000001e-01
      vertex   7.624756e+00 -1.620412e+01 7.000001e-01
      vertex   7.626802e+00 -1.621600e+01 -1.560000e+00
    endloop
  endfacet
  facet normal -9.753971e-01 -2.204551e-01 2.767014e-04
    outer loop
      vertex   7.624756e+00 -1.620412e+01 7.000001e-01
      vertex   7.600303e+00 -1.609592e+01 7.000001e-01
      vertex   7.626802e+00 -1.621600e+01 -1.560000e+00
    endloop
  endfacet
  facet normal -9.753971e-01 -2.204551e-01 2.767014e-04
    outer loop
      vertex   7.626802e+00 -1.621600e+01 -1.560000e+00
      vertex   7.600303e+00 -1.609592e+01 7.000001e-01
      vertex   7.581092e+00 -1.601376e+01 -1.560000e+00
    endloop
  endfacet
  facet normal -9.720229e-01 -2.348861e-01 -2.766157e-04
    outer loop
      vertex   7.600303e+00 -1.609592e+01 7.000001e-01
      vertex   7.577655e+00 -1.600220e+01 7.000001e-01
      vertex   7.581092e+00 -1.601376e+01 -1.560000e+00
    endloop
  endfacet
  facet normal -9.424762e-01 -3.342730e-01 2.766467e-04
    outer loop
      vertex   7.577655e+00 -1.600220e+01 7.000001e-01
      vertex   7.540576e+00 -1.589766e+01 7.000001e-01
      vertex   7.581092e+00 -1.601376e+01 -1.560000e+00
    endloop
  endfacet
  facet normal -9.424762e-01 -3.342730e-01 2.766467e-04
    outer loop
      vertex   7.581092e+00 -1.601376e+01 -1.560000e+00
      vertex   7.540576e+00 -1.589766e+01 7.000001e-01
      vertex   7.511783e+00 -1.581834e+01 -1.560000e+00
    endloop
  endfacet
  facet normal -9.374197e-01 -3.482013e-01 -2.765785e-04
    outer loop
      vertex   7.540576e+00 -1.589766e+01 7.000001e-01
      vertex   7.507003e+00 -1.580727e+01 7.000001e-01
      vertex   7.511783e+00 -1.581834e+01 -1.560000e+00
    endloop
  endfacet
  facet normal -8.963258e-01 -4.433959e-01 2.766955e-04
    outer loop
      vertex   7.507003e+00 -1.580727e+01 7.000001e-01
      vertex   7.457820e+00 -1.570785e+01 7.000001e-01
      vertex   7.511783e+00 -1.581834e+01 -1.560000e+00
    endloop
  endfacet
  facet normal -8.963258e-01 -4.433959e-01 2.766955e-04
    outer loop
      vertex   7.511783e+00 -1.581834e+01 -1.560000e+00
      vertex   7.457820e+00 -1.570785e+01 7.000001e-01
      vertex   7.419848e+00 -1.563250e+01 -1.560000e+00
    endloop
  endfacet
  facet normal -8.896568e-01 -4.566298e-01 -2.765828e-04
    outer loop
      vertex   7.457820e+00 -1.570785e+01 7.000001e-01
      vertex   7.413793e+00 -1.562207e+01 7.000001e-01
      vertex   7.419848e+00 -1.563250e+01 -1.560000e+00
    endloop
  endfacet
  facet normal -8.375919e-01 -5.462964e-01 2.766928e-04
    outer loop
      vertex   7.413793e+00 -1.562207e+01 7.000001e-01
      vertex   7.353196e+00 -1.552916e+01 7.000001e-01
      vertex   7.419848e+00 -1.563250e+01 -1.560000e+00
    endloop
  endfacet
  facet normal -8.375919e-01 -5.462964e-01 2.766928e-04
    outer loop
      vertex   7.419848e+00 -1.563250e+01 -1.560000e+00
      vertex   7.353196e+00 -1.552916e+01 7.000001e-01
      vertex   7.306578e+00 -1.545883e+01 -1.560000e+00
    endloop
  endfacet
  facet normal -8.294046e-01 -5.586482e-01 -2.765704e-04
    outer loop
      vertex   7.353196e+00 -1.552916e+01 7.000001e-01
      vertex   7.299332e+00 -1.544919e+01 7.000001e-01
      vertex   7.306578e+00 -1.545883e+01 -1.560000e+00
    endloop
  endfacet
  facet normal -7.671017e-01 -6.415255e-01 2.766907e-04
    outer loop
      vertex   7.299332e+00 -1.544919e+01 7.000001e-01
      vertex   7.228171e+00 -1.536410e+01 7.000001e-01
      vertex   7.306578e+00 -1.545883e+01 -1.560000e+00
    endloop
  endfacet
  facet normal -7.671017e-01 -6.415255e-01 2.766907e-04
    outer loop
      vertex   7.306578e+00 -1.545883e+01 -1.560000e+00
      vertex   7.228171e+00 -1.536410e+01 7.000001e-01
      vertex   7.173563e+00 -1.529978e+01 -1.560000e+00
    endloop
  endfacet
  facet normal -7.575116e-01 -6.528216e-01 -2.765385e-04
    outer loop
      vertex   7.228171e+00 -1.536410e+01 7.000001e-01
      vertex   7.165227e+00 -1.529106e+01 7.000001e-01
      vertex   7.173563e+00 -1.529978e+01 -1.560000e+00
    endloop
  endfacet
  facet normal -6.858443e-01 -7.277483e-01 2.767196e-04
    outer loop
      vertex   7.165227e+00 -1.529106e+01 7.000001e-01
      vertex   7.084502e+00 -1.521499e+01 7.000001e-01
      vertex   7.173563e+00 -1.529978e+01 -1.560000e+00
    endloop
  endfacet
  facet normal -6.858443e-01 -7.277483e-01 2.767196e-04
    outer loop
      vertex   7.173563e+00 -1.529978e+01 -1.560000e+00
      vertex   7.084502e+00 -1.521499e+01 7.000001e-01
      vertex   7.022670e+00 -1.515757e+01 -1.560000e+00
    endloop
  endfacet
  facet normal -6.749842e-01 -7.378322e-01 -2.765814e-04
    outer loop
      vertex   7.084502e+00 -1.521499e+01 7.000001e-01
      vertex   7.013362e+00 -1.514990e+01 7.000001e-01
      vertex   7.022670e+00 -1.515757e+01 -1.560000e+00
    endloop
  endfacet
  facet normal -5.949579e-01 -8.037568e-01 2.766739e-04
    outer loop
      vertex   7.013362e+00 -1.514990e+01 7.000001e-01
      vertex   6.924206e+00 -1.508391e+01 7.000001e-01
      vertex   7.022670e+00 -1.515757e+01 -1.560000e+00
    endloop
  endfacet
  facet normal -5.949579e-01 -8.037568e-01 2.766739e-04
    outer loop
      vertex   7.022670e+00 -1.515757e+01 -1.560000e+00
      vertex   6.924206e+00 -1.508391e+01 7.000001e-01
      vertex   6.856016e+00 -1.503421e+01 -1.560000e+00
    endloop
  endfacet
  facet normal -5.829783e-01 -8.124877e-01 -2.767696e-04
    outer loop
      vertex   6.924206e+00 -1.508391e+01 7.000001e-01
      vertex   6.845867e+00 -1.502770e+01 7.000001e-01
      vertex   6.856016e+00 -1.503421e+01 -1.560000e+00
    endloop
  endfacet
  facet normal -4.957136e-01 -8.684860e-01 2.764871e-04
    outer loop
      vertex   6.845867e+00 -1.502770e+01 7.000001e-01
      vertex   6.749531e+00 -1.497271e+01 7.000001e-01
      vertex   6.856016e+00 -1.503421e+01 -1.560000e+00
    endloop
  endfacet
  facet normal -4.957136e-01 -8.684860e-01 2.764871e-04
    outer loop
      vertex   6.856016e+00 -1.503421e+01 -1.560000e+00
      vertex   6.749531e+00 -1.497271e+01 7.000001e-01
      vertex   6.675943e+00 -1.493143e+01 -1.560000e+00
    endloop
  endfacet
  facet normal -4.827891e-01 -8.757366e-01 -2.767996e-04
    outer loop
      vertex   6.749531e+00 -1.497271e+01 7.000001e-01
      vertex   6.665094e+00 -1.492616e+01 7.000001e-01
      vertex   6.675943e+00 -1.493143e+01 -1.560000e+00
    endloop
  endfacet
  facet normal -3.895164e-01 -9.210195e-01 2.764429e-04
    outer loop
      vertex   6.665094e+00 -1.492616e+01 7.000001e-01
      vertex   6.562932e+00 -1.488296e+01 7.000001e-01
      vertex   6.675943e+00 -1.493143e+01 -1.560000e+00
    endloop
  endfacet
  facet normal -3.895164e-01 -9.210195e-01 2.764429e-04
    outer loop
      vertex   6.675943e+00 -1.493143e+01 -1.560000e+00
      vertex   6.562932e+00 -1.488296e+01 7.000001e-01
      vertex   6.484977e+00 -1.485067e+01 -1.560000e+00
    endloop
  endfacet
  facet normal -3.758269e-01 -9.266898e-01 -2.767681e-04
    outer loop
      vertex   6.562932e+00 -1.488296e+01 7.000001e-01
      vertex   6.473582e+00 -1.484672e+01 7.000001e-01
      vertex   6.484977e+00 -1.485067e+01 -1.560000e+00
    endloop
  endfacet
  facet normal -2.778512e-01 -9.606241e-01 2.764889e-04
    outer loop
      vertex   6.473582e+00 -1.484672e+01 7.000001e-01
      vertex   6.367026e+00 -1.481590e+01 7.000001e-01
      vertex   6.484977e+00 -1.485067e+01 -1.560000e+00
    endloop
  endfacet
  facet normal -2.778512e-01 -9.606241e-01 2.764889e-04
    outer loop
      vertex   6.484977e+00 -1.485067e+01 -1.560000e+00
      vertex   6.367026e+00 -1.481590e+01 7.000001e-01
      vertex   6.285799e+00 -1.479306e+01 -1.560000e+00
    endloop
  endfacet
  facet normal -2.635923e-01 -9.646342e-01 -2.765266e-04
    outer loop
      vertex   6.367026e+00 -1.481590e+01 7.000001e-01
      vertex   6.274017e+00 -1.479048e+01 7.000001e-01
      vertex   6.285799e+00 -1.479306e+01 -1.560000e+00
    endloop
  endfacet
  facet normal -1.622882e-01 -9.867434e-01 2.767530e-04
    outer loop
      vertex   6.274017e+00 -1.479048e+01 7.000001e-01
      vertex   6.164564e+00 -1.477248e+01 7.000001e-01
      vertex   6.285799e+00 -1.479306e+01 -1.560000e+00
    endloop
  endfacet
  facet normal -1.622882e-01 -9.867434e-01 2.767530e-04
    outer loop
      vertex   6.285799e+00 -1.479306e+01 -1.560000e+00
      vertex   6.164564e+00 -1.477248e+01 7.000001e-01
      vertex   6.081205e+00 -1.475941e+01 -1.560000e+00
    endloop
  endfacet
  facet normal -1.476446e-01 -9.890404e-01 -2.766567e-04
    outer loop
      vertex   6.164564e+00 -1.477248e+01 7.000001e-01
      vertex   6.069202e+00 -1.475825e+01 7.000001e-01
      vertex   6.081205e+00 -1.475941e+01 -1.560000e+00
    endloop
  endfacet
  facet normal -4.444285e-02 -9.990119e-01 2.765869e-04
    outer loop
      vertex   6.069202e+00 -1.475825e+01 7.000001e-01
      vertex   5.958388e+00 -1.475332e+01 7.000001e-01
      vertex   6.081205e+00 -1.475941e+01 -1.560000e+00
    endloop
  endfacet
  facet normal -4.444285e-02 -9.990119e-01 2.765869e-04
    outer loop
      vertex   6.081205e+00 -1.475941e+01 -1.560000e+00
      vertex   5.958388e+00 -1.475332e+01 7.000001e-01
      vertex   5.874068e+00 -1.475019e+01 -1.560000e+00
    endloop
  endfacet
  facet normal -2.963240e-02 -9.995608e-01 -2.767446e-04
    outer loop
      vertex   5.958388e+00 -1.475332e+01 7.000001e-01
      vertex   5.862012e+00 -1.475046e+01 7.000001e-01
      vertex   5.874068e+00 -1.475019e+01 -1.560000e+00
    endloop
  endfacet
  facet normal 7.402923e-02 -9.972560e-01 2.765259e-04
    outer loop
      vertex   5.862012e+00 -1.475046e+01 7.000001e-01
      vertex   5.751392e+00 -1.475867e+01 7.000001e-01
      vertex   5.874068e+00 -1.475019e+01 -1.560000e+00
    endloop
  endfacet
  facet normal 7.402923e-02 -9.972560e-01 2.765259e-04
    outer loop
      vertex   5.874068e+00 -1.475019e+01 -1.560000e+00
      vertex   5.751392e+00 -1.475867e+01 7.000001e-01
      vertex   5.667295e+00 -1.476554e+01 -1.560000e+00
    endloop
  endfacet
  facet normal 8.879372e-02 -9.960500e-01 -2.765460e-04
    outer loop
      vertex   5.751392e+00 -1.475867e+01 7.000001e-01
      vertex   5.655355e+00 -1.476723e+01 7.000001e-01
      vertex   5.667295e+00 -1.476554e+01 -1.560000e+00
    endloop
  endfacet
  facet normal 1.914550e-01 -9.815014e-01 2.767216e-04
    outer loop
      vertex   5.655355e+00 -1.476723e+01 7.000001e-01
      vertex   5.546483e+00 -1.478847e+01 7.000001e-01
      vertex   5.667295e+00 -1.476554e+01 -1.560000e+00
    endloop
  endfacet
  facet normal 1.914550e-01 -9.815014e-01 2.767216e-04
    outer loop
      vertex   5.667295e+00 -1.476554e+01 -1.560000e+00
      vertex   5.546483e+00 -1.478847e+01 7.000001e-01
      vertex   5.463788e+00 -1.480524e+01 -1.560000e+00
    endloop
  endfacet
  facet normal 2.059780e-01 -9.785566e-01 -2.765312e-04
    outer loop
      vertex   5.546483e+00 -1.478847e+01 7.000001e-01
      vertex   5.452132e+00 -1.480833e+01 7.000001e-01
      vertex   5.463788e+00 -1.480524e+01 -1.560000e+00
    endloop
  endfacet
  facet normal 3.061958e-01 -9.519685e-01 2.767236e-04
    outer loop
      vertex   5.452132e+00 -1.480833e+01 7.000001e-01
      vertex   5.346536e+00 -1.484229e+01 7.000001e-01
      vertex   5.463788e+00 -1.480524e+01 -1.560000e+00
    endloop
  endfacet
  facet normal 3.061958e-01 -9.519685e-01 2.767236e-04
    outer loop
      vertex   5.463788e+00 -1.480524e+01 -1.560000e+00
      vertex   5.346536e+00 -1.484229e+01 7.000001e-01
      vertex   5.266405e+00 -1.486873e+01 -1.560000e+00
    endloop
  endfacet
  facet normal 3.202702e-01 -9.473262e-01 -2.765944e-04
    outer loop
      vertex   5.346536e+00 -1.484229e+01 7.000001e-01
      vertex   5.255196e+00 -1.487317e+01 7.000001e-01
      vertex   5.266405e+00 -1.486873e+01 -1.560000e+00
    endloop
  endfacet
  facet normal 4.166414e-01 -9.090709e-01 2.766703e-04
    outer loop
      vertex   5.255196e+00 -1.487317e+01 7.000001e-01
      vertex   5.154359e+00 -1.491939e+01 7.000001e-01
      vertex   5.266405e+00 -1.486873e+01 -1.560000e+00
    endloop
  endfacet
  facet normal 4.166414e-01 -9.090709e-01 2.766703e-04
    outer loop
      vertex   5.266405e+00 -1.486873e+01 -1.560000e+00
      vertex   5.154359e+00 -1.491939e+01 7.000001e-01
      vertex   5.077916e+00 -1.495511e+01 -1.560000e+00
    endloop
  endfacet
  facet normal 4.300662e-01 -9.027973e-01 -2.765792e-04
    outer loop
      vertex   5.154359e+00 -1.491939e+01 7.000001e-01
      vertex   5.067312e+00 -1.496086e+01 7.000001e-01
      vertex   5.077916e+00 -1.495511e+01 -1.560000e+00
    endloop
  endfacet
  facet normal 5.212345e-01 -8.534134e-01 2.766728e-04
    outer loop
      vertex   5.067312e+00 -1.496086e+01 7.000001e-01
      vertex   4.972649e+00 -1.501867e+01 7.000001e-01
      vertex   5.077916e+00 -1.495511e+01 -1.560000e+00
    endloop
  endfacet
  facet normal 5.212345e-01 -8.534134e-01 2.766728e-04
    outer loop
      vertex   5.077916e+00 -1.495511e+01 -1.560000e+00
      vertex   4.972649e+00 -1.501867e+01 7.000001e-01
      vertex   4.900967e+00 -1.506319e+01 -1.560000e+00
    endloop
  endfacet
  facet normal 5.338210e-01 -8.455974e-01 -2.764826e-04
    outer loop
      vertex   4.972649e+00 -1.501867e+01 7.000001e-01
      vertex   4.891118e+00 -1.507014e+01 7.000001e-01
      vertex   4.900967e+00 -1.506319e+01 -1.560000e+00
    endloop
  endfacet
  facet normal 6.185102e-01 -7.857767e-01 2.767680e-04
    outer loop
      vertex   4.891118e+00 -1.507014e+01 7.000001e-01
      vertex   4.803956e+00 -1.513875e+01 7.000001e-01
      vertex   4.900967e+00 -1.506319e+01 -1.560000e+00
    endloop
  endfacet
  facet normal 6.185102e-01 -7.857767e-01 2.767680e-04
    outer loop
      vertex   4.900967e+00 -1.506319e+01 -1.560000e+00
      vertex   4.803956e+00 -1.513875e+01 7.000001e-01
      vertex   4.738043e+00 -1.519143e+01 -1.560000e+00
    endloop
  endfacet
  facet normal -1.000000e+00 -0.000000e+00 -0.000000e+00
    outer loop
      vertex   8.700000e+00 -2.244684e+01 3.300000e+00
      vertex   8.700000e+00 -2.244684e+01 -1.560000e+00
      vertex   8.700000e+00 -3.690000e+01 3.300000e+00
    endloop
  endfacet
  facet normal -1.000000e+00 0.000000e+00 0.000000e+00
    outer loop
      vertex   8.700000e+00 -3.690000e+01 3.300000e+00
      vertex   8.700000e+00 -2.244684e+01 -1.560000e+00
      vertex   8.700000e+00 -3.690000e+01 -1.560000e+00
    endloop
  endfacet
  facet normal -1.000000e+00 0.000000e+00 0.000000e+00
    outer loop
      vertex   8.700000e+00 -1.055316e+01 -1.560000e+00
      vertex   8.700000e+00 -1.055316e+01 3.300000e+00
      vertex   8.700000e+00 -1.400001e+00 -1.560000e+00
    endloop
  endfacet
  facet normal -1.000000e+00 0.000000e+00 0.000000e+00
    outer loop
      vertex   8.700000e+00 -1.400001e+00 -1.560000e+00
      vertex   8.700000e+00 -1.055316e+01 3.300000e+00
      vertex   8.700000e+00 -1.400001e+00 3.300000e+00
    endloop
  endfacet
  facet normal -0.000000e+00 0.000000e+00 -1.000000e+00
    outer loop
      vertex   3.301760e+01 -1.787511e+01 -1.560000e+00
      vertex   3.267457e+01 -2.027992e+01 -1.560000e+00
      vertex   3.286256e+01 -1.773744e+01 -1.560000e+00
    endloop
  endfacet
  facet normal 0.000000e+00 0.000000e+00 -1.000000e+00
    outer loop
      vertex   3.286256e+01 -1.773744e+01 -1.560000e+00
      vertex   3.267457e+01 -2.027992e+01 -1.560000e+00
      vertex   3.247427e+01 -2.039274e+01 -1.560000e+00
    endloop
  endfacet
  facet normal -0.000000e+00 0.000000e+00 -1.000000e+00
    outer loop
      vertex   3.286256e+01 -1.773744e+01 -1.560000e+00
      vertex   3.247427e+01 -2.039274e+01 -1.560000e+00
      vertex   3.272489e+01 -1.758240e+01 -1.560000e+00
    endloop
  endfacet
  facet normal 0.000000e+00 0.000000e+00 -1.000000e+00
    outer loop
      vertex   3.272489e+01 -1.758240e+01 -1.560000e+00
      vertex   3.247427e+01 -2.039274e+01 -1.560000e+00
      vertex   3.228518e+01 -2.052347e+01 -1.560000e+00
    endloop
  endfacet
  facet normal -0.000000e+00 0.000000e+00 -1.000000e+00
    outer loop
      vertex   3.272489e+01 -1.758240e+01 -1.560000e+00
      vertex   3.228518e+01 -2.052347e+01 -1.560000e+00
      vertex   3.260653e+01 -1.741216e+01 -1.560000e+00
    endloop
  endfacet
  facet normal 0.000000e+00 0.000000e+00 -1.000000e+00
    outer loop
      vertex   3.260653e+01 -1.741216e+01 -1.560000e+00
      vertex   3.228518e+01 -2.052347e+01 -1.560000e+00
      vertex   3.210890e+01 -2.067103e+01 -1.560000e+00
    endloop
  endfacet
  facet normal -0.000000e+00 0.000000e+00 -1.000000e+00
    outer loop
      vertex   3.260653e+01 -1.741216e+01 -1.560000e+00
      vertex   3.210890e+01 -2.067103e+01 -1.560000e+00
      vertex   3.250913e+01 -1.722912e+01 -1.560000e+00
    endloop
  endfacet
  facet normal 0.000000e+00 0.000000e+00 -1.000000e+00
    outer loop
      vertex   3.250913e+01 -1.722912e+01 -1.560000e+00
      vertex   3.210890e+01 -2.067103e+01 -1.560000e+00
      vertex   3.194692e+01 -2.083415e+01 -1.560000e+00
    endloop
  endfacet
  facet normal -0.000000e+00 0.000000e+00 -1.000000e+00
    outer loop
      vertex   3.250913e+01 -1.722912e+01 -1.560000e+00
      vertex   3.194692e+01 -2.083415e+01 -1.560000e+00
      vertex   3.243406e+01 -1.703585e+01 -1.560000e+00
    endloop
  endfacet
  facet normal 0.000000e+00 0.000000e+00 -1.000000e+00
    outer loop
      vertex   3.243406e+01 -1.703585e+01 -1.560000e+00
      vertex   3.194692e+01 -2.083415e+01 -1.560000e+00
      vertex   3.180061e+01 -2.101146e+01 -1.560000e+00
    endloop
  endfacet
  facet normal 0.000000e+00 0.000000e+00 -1.000000e+00
    outer loop
      vertex   3.243406e+01 -1.703585e+01 -1.560000e+00
      vertex   3.180061e+01 -2.101146e+01 -1.560000e+00
      vertex   3.167120e+01 -2.120147e+01 -1.560000e+00
    endloop
  endfacet
  facet normal 0.000000e+00 0.000000e+00 -1.000000e+00
    outer loop
      vertex   3.267457e+01 -2.027992e+01 -1.560000e+00
      vertex   3.301760e+01 -1.787511e+01 -1.560000e+00
      vertex   3.288439e+01 -2.018598e+01 -1.560000e+00
    endloop
  endfacet
  facet normal 0.000000e+00 0.000000e+00 -1.000000e+00
    outer loop
      vertex   3.288439e+01 -2.018598e+01 -1.560000e+00
      vertex   3.301760e+01 -1.787511e+01 -1.560000e+00
      vertex   3.318784e+01 -1.799347e+01 -1.560000e+00
    endloop
  endfacet
  facet normal 0.000000e+00 0.000000e+00 -1.000000e+00
    outer loop
      vertex   3.288439e+01 -2.018598e+01 -1.560000e+00
      vertex   3.318784e+01 -1.799347e+01 -1.560000e+00
      vertex   3.310195e+01 -2.011171e+01 -1.560000e+00
    endloop
  endfacet
  facet normal 0.000000e+00 0.000000e+00 -1.000000e+00
    outer loop
      vertex   3.310195e+01 -2.011171e+01 -1.560000e+00
      vertex   3.318784e+01 -1.799347e+01 -1.560000e+00
      vertex   3.337088e+01 -1.809088e+01 -1.560000e+00
    endloop
  endfacet
  facet normal 0.000000e+00 0.000000e+00 -1.000000e+00
    outer loop
      vertex   3.310195e+01 -2.011171e+01 -1.560000e+00
      vertex   3.337088e+01 -1.809088e+01 -1.560000e+00
      vertex   3.356416e+01 -1.816594e+01 -1.560000e+00
    endloop
  endfacet
  facet normal 0.000000e+00 0.000000e+00 -1.000000e+00
    outer loop
      vertex   3.310195e+01 -2.011171e+01 -1.560000e+00
      vertex   3.356416e+01 -1.816594e+01 -1.560000e+00
      vertex   3.328440e+01 -2.016023e+01 -1.560000e+00
    endloop
  endfacet
  facet normal 0.000000e+00 0.000000e+00 -1.000000e+00
    outer loop
      vertex   3.328440e+01 -2.016023e+01 -1.560000e+00
      vertex   3.356416e+01 -1.816594e+01 -1.560000e+00
      vertex   3.376495e+01 -1.821763e+01 -1.560000e+00
    endloop
  endfacet
  facet normal 0.000000e+00 0.000000e+00 -1.000000e+00
    outer loop
      vertex   3.328440e+01 -2.016023e+01 -1.560000e+00
      vertex   3.376495e+01 -1.821763e+01 -1.560000e+00
      vertex   3.358458e+01 -2.021441e+01 -1.560000e+00
    endloop
  endfacet
  facet normal 0.000000e+00 0.000000e+00 -1.000000e+00
    outer loop
      vertex   3.358458e+01 -2.021441e+01 -1.560000e+00
      vertex   3.376495e+01 -1.821763e+01 -1.560000e+00
      vertex   3.397045e+01 -1.824520e+01 -1.560000e+00
    endloop
  endfacet
  facet normal 0.000000e+00 0.000000e+00 -1.000000e+00
    outer loop
      vertex   3.358458e+01 -2.021441e+01 -1.560000e+00
      vertex   3.397045e+01 -1.824520e+01 -1.560000e+00
      vertex   3.388818e+01 -2.024401e+01 -1.560000e+00
    endloop
  endfacet
  facet normal 0.000000e+00 0.000000e+00 -1.000000e+00
    outer loop
      vertex   3.388818e+01 -2.024401e+01 -1.560000e+00
      vertex   3.397045e+01 -1.824520e+01 -1.560000e+00
      vertex   3.419318e+01 -2.024884e+01 -1.560000e+00
    endloop
  endfacet
  facet normal 0.000000e+00 0.000000e+00 -1.000000e+00
    outer loop
      vertex   3.419318e+01 -2.024884e+01 -1.560000e+00
      vertex   3.397045e+01 -1.824520e+01 -1.560000e+00
      vertex   3.417778e+01 -1.824827e+01 -1.560000e+00
    endloop
  endfacet
  facet normal 0.000000e+00 0.000000e+00 -1.000000e+00
    outer loop
      vertex   3.419318e+01 -2.024884e+01 -1.560000e+00
      vertex   3.417778e+01 -1.824827e+01 -1.560000e+00
      vertex   3.449756e+01 -2.022887e+01 -1.560000e+00
    endloop
  endfacet
  facet normal 0.000000e+00 0.000000e+00 -1.000000e+00
    outer loop
      vertex   3.449756e+01 -2.022887e+01 -1.560000e+00
      vertex   3.417778e+01 -1.824827e+01 -1.560000e+00
      vertex   3.438400e+01 -1.822680e+01 -1.560000e+00
    endloop
  endfacet
  facet normal 0.000000e+00 0.000000e+00 -1.000000e+00
    outer loop
      vertex   3.449756e+01 -2.022887e+01 -1.560000e+00
      vertex   3.438400e+01 -1.822680e+01 -1.560000e+00
      vertex   3.479932e+01 -2.018422e+01 -1.560000e+00
    endloop
  endfacet
  facet normal 0.000000e+00 0.000000e+00 -1.000000e+00
    outer loop
      vertex   3.479932e+01 -2.018422e+01 -1.560000e+00
      vertex   3.438400e+01 -1.822680e+01 -1.560000e+00
      vertex   3.458624e+01 -1.818109e+01 -1.560000e+00
    endloop
  endfacet
  facet normal 0.000000e+00 0.000000e+00 -1.000000e+00
    outer loop
      vertex   3.479932e+01 -2.018422e+01 -1.560000e+00
      vertex   3.458624e+01 -1.818109e+01 -1.560000e+00
      vertex   3.509644e+01 -2.011519e+01 -1.560000e+00
    endloop
  endfacet
  facet normal 0.000000e+00 0.000000e+00 -1.000000e+00
    outer loop
      vertex   3.509644e+01 -2.011519e+01 -1.560000e+00
      vertex   3.458624e+01 -1.818109e+01 -1.560000e+00
      vertex   3.478166e+01 -1.811178e+01 -1.560000e+00
    endloop
  endfacet
  facet normal 0.000000e+00 0.000000e+00 -1.000000e+00
    outer loop
      vertex   3.509644e+01 -2.011519e+01 -1.560000e+00
      vertex   3.478166e+01 -1.811178e+01 -1.560000e+00
      vertex   3.538697e+01 -2.002225e+01 -1.560000e+00
    endloop
  endfacet
  facet normal 0.000000e+00 0.000000e+00 -1.000000e+00
    outer loop
      vertex   3.538697e+01 -2.002225e+01 -1.560000e+00
      vertex   3.478166e+01 -1.811178e+01 -1.560000e+00
      vertex   3.566898e+01 -1.990599e+01 -1.560000e+00
    endloop
  endfacet
  facet normal 0.000000e+00 0.000000e+00 -1.000000e+00
    outer loop
      vertex   3.566898e+01 -1.990599e+01 -1.560000e+00
      vertex   3.478166e+01 -1.811178e+01 -1.560000e+00
      vertex   3.496751e+01 -1.801985e+01 -1.560000e+00
    endloop
  endfacet
  facet normal 0.000000e+00 0.000000e+00 -1.000000e+00
    outer loop
      vertex   3.566898e+01 -1.990599e+01 -1.560000e+00
      vertex   3.496751e+01 -1.801985e+01 -1.560000e+00
      vertex   3.594062e+01 -1.976720e+01 -1.560000e+00
    endloop
  endfacet
  facet normal 0.000000e+00 0.000000e+00 -1.000000e+00
    outer loop
      vertex   3.594062e+01 -1.976720e+01 -1.560000e+00
      vertex   3.496751e+01 -1.801985e+01 -1.560000e+00
      vertex   3.514117e+01 -1.790658e+01 -1.560000e+00
    endloop
  endfacet
  facet normal 0.000000e+00 0.000000e+00 -1.000000e+00
    outer loop
      vertex   3.594062e+01 -1.976720e+01 -1.560000e+00
      vertex   3.514117e+01 -1.790658e+01 -1.560000e+00
      vertex   3.620008e+01 -1.960680e+01 -1.560000e+00
    endloop
  endfacet
  facet normal 0.000000e+00 0.000000e+00 -1.000000e+00
    outer loop
      vertex   3.620008e+01 -1.960680e+01 -1.560000e+00
      vertex   3.514117e+01 -1.790658e+01 -1.560000e+00
      vertex   3.530023e+01 -1.777356e+01 -1.560000e+00
    endloop
  endfacet
  facet normal 0.000000e+00 0.000000e+00 -1.000000e+00
    outer loop
      vertex   3.620008e+01 -1.960680e+01 -1.560000e+00
      vertex   3.530023e+01 -1.777356e+01 -1.560000e+00
      vertex   3.644563e+01 -1.942583e+01 -1.560000e+00
    endloop
  endfacet
  facet normal 0.000000e+00 0.000000e+00 -1.000000e+00
    outer loop
      vertex   3.644563e+01 -1.942583e+01 -1.560000e+00
      vertex   3.530023e+01 -1.777356e+01 -1.560000e+00
      vertex   3.667567e+01 -1.922551e+01 -1.560000e+00
    endloop
  endfacet
  facet normal 0.000000e+00 0.000000e+00 -1.000000e+00
    outer loop
      vertex   3.667567e+01 -1.922551e+01 -1.560000e+00
      vertex   3.530023e+01 -1.777356e+01 -1.560000e+00
      vertex   3.544243e+01 -1.762267e+01 -1.560000e+00
    endloop
  endfacet
  facet normal 0.000000e+00 0.000000e+00 -1.000000e+00
    outer loop
      vertex   3.667567e+01 -1.922551e+01 -1.560000e+00
      vertex   3.544243e+01 -1.762267e+01 -1.560000e+00
      vertex   3.688867e+01 -1.900715e+01 -1.560000e+00
    endloop
  endfacet
  facet normal 0.000000e+00 0.000000e+00 -1.000000e+00
    outer loop
      vertex   3.688867e+01 -1.900715e+01 -1.560000e+00
      vertex   3.544243e+01 -1.762267e+01 -1.560000e+00
      vertex   3.556579e+01 -1.745602e+01 -1.560000e+00
    endloop
  endfacet
  facet normal 0.000000e+00 0.000000e+00 -1.000000e+00
    outer loop
      vertex   3.688867e+01 -1.900715e+01 -1.560000e+00
      vertex   3.556579e+01 -1.745602e+01 -1.560000e+00
      vertex   3.708322e+01 -1.877221e+01 -1.560000e+00
    endloop
  endfacet
  facet normal 0.000000e+00 0.000000e+00 -1.000000e+00
    outer loop
      vertex   3.708322e+01 -1.877221e+01 -1.560000e+00
      vertex   3.556579e+01 -1.745602e+01 -1.560000e+00
      vertex   3.725802e+01 -1.852223e+01 -1.560000e+00
    endloop
  endfacet
  facet normal 0.000000e+00 0.000000e+00 -1.000000e+00
    outer loop
      vertex   3.725802e+01 -1.852223e+01 -1.560000e+00
      vertex   3.556579e+01 -1.745602e+01 -1.560000e+00
      vertex   3.566857e+01 -1.727594e+01 -1.560000e+00
    endloop
  endfacet
  facet normal 0.000000e+00 0.000000e+00 -1.000000e+00
    outer loop
      vertex   3.725802e+01 -1.852223e+01 -1.560000e+00
      vertex   3.566857e+01 -1.727594e+01 -1.560000e+00
      vertex   3.741193e+01 -1.825887e+01 -1.560000e+00
    endloop
  endfacet
  facet normal 0.000000e+00 0.000000e+00 -1.000000e+00
    outer loop
      vertex   3.741193e+01 -1.825887e+01 -1.560000e+00
      vertex   3.566857e+01 -1.727594e+01 -1.560000e+00
      vertex   3.574934e+01 -1.708498e+01 -1.560000e+00
    endloop
  endfacet
  facet normal 0.000000e+00 0.000000e+00 -1.000000e+00
    outer loop
      vertex   3.741193e+01 -1.825887e+01 -1.560000e+00
      vertex   3.574934e+01 -1.708498e+01 -1.560000e+00
      vertex   3.754393e+01 -1.798387e+01 -1.560000e+00
    endloop
  endfacet
  facet normal 0.000000e+00 0.000000e+00 -1.000000e+00
    outer loop
      vertex   3.754393e+01 -1.798387e+01 -1.560000e+00
      vertex   3.574934e+01 -1.708498e+01 -1.560000e+00
      vertex   3.765314e+01 -1.769905e+01 -1.560000e+00
    endloop
  endfacet
  facet normal 0.000000e+00 0.000000e+00 -1.000000e+00
    outer loop
      vertex   3.765314e+01 -1.769905e+01 -1.560000e+00
      vertex   3.574934e+01 -1.708498e+01 -1.560000e+00
      vertex   3.580694e+01 -1.688580e+01 -1.560000e+00
    endloop
  endfacet
  facet normal 0.000000e+00 0.000000e+00 -1.000000e+00
    outer loop
      vertex   3.765314e+01 -1.769905e+01 -1.560000e+00
      vertex   3.580694e+01 -1.688580e+01 -1.560000e+00
      vertex   3.773883e+01 -1.740630e+01 -1.560000e+00
    endloop
  endfacet
  facet normal 0.000000e+00 0.000000e+00 -1.000000e+00
    outer loop
      vertex   3.773883e+01 -1.740630e+01 -1.560000e+00
      vertex   3.580694e+01 -1.688580e+01 -1.560000e+00
      vertex   3.780046e+01 -1.710755e+01 -1.560000e+00
    endloop
  endfacet
  facet normal 0.000000e+00 0.000000e+00 -1.000000e+00
    outer loop
      vertex   3.780046e+01 -1.710755e+01 -1.560000e+00
      vertex   3.580694e+01 -1.688580e+01 -1.560000e+00
      vertex   3.584059e+01 -1.668121e+01 -1.560000e+00
    endloop
  endfacet
  facet normal 0.000000e+00 0.000000e+00 -1.000000e+00
    outer loop
      vertex   3.780046e+01 -1.710755e+01 -1.560000e+00
      vertex   3.584059e+01 -1.668121e+01 -1.560000e+00
      vertex   3.783760e+01 -1.680478e+01 -1.560000e+00
    endloop
  endfacet
  facet normal 0.000000e+00 0.000000e+00 -1.000000e+00
    outer loop
      vertex   3.783760e+01 -1.680478e+01 -1.560000e+00
      vertex   3.584059e+01 -1.668121e+01 -1.560000e+00
      vertex   3.584981e+01 -1.647407e+01 -1.560000e+00
    endloop
  endfacet
  facet normal 0.000000e+00 0.000000e+00 -1.000000e+00
    outer loop
      vertex   3.783760e+01 -1.680478e+01 -1.560000e+00
      vertex   3.584981e+01 -1.647407e+01 -1.560000e+00
      vertex   3.785000e+01 -1.650000e+01 -1.560000e+00
    endloop
  endfacet
  facet normal 0.000000e+00 0.000000e+00 -1.000000e+00
    outer loop
      vertex   3.785000e+01 -1.650000e+01 -1.560000e+00
      vertex   3.584981e+01 -1.647407e+01 -1.560000e+00
      vertex   3.783760e+01 -1.619521e+01 -1.560000e+00
    endloop
  endfacet
  facet normal 0.000000e+00 0.000000e+00 -1.000000e+00
    outer loop
      vertex   3.783760e+01 -1.619521e+01 -1.560000e+00
      vertex   3.584981e+01 -1.647407e+01 -1.560000e+00
      vertex   3.583446e+01 -1.626729e+01 -1.560000e+00
    endloop
  endfacet
  facet normal -0.000000e+00 0.000000e+00 -1.000000e+00
    outer loop
      vertex   3.783760e+01 -1.619521e+01 -1.560000e+00
      vertex   3.583446e+01 -1.626729e+01 -1.560000e+00
      vertex   3.780046e+01 -1.589245e+01 -1.560000e+00
    endloop
  endfacet
  facet normal -0.000000e+00 0.000000e+00 -1.000000e+00
    outer loop
      vertex   3.780046e+01 -1.589245e+01 -1.560000e+00
      vertex   3.583446e+01 -1.626729e+01 -1.560000e+00
      vertex   3.773883e+01 -1.559370e+01 -1.560000e+00
    endloop
  endfacet
  facet normal 0.000000e+00 0.000000e+00 -1.000000e+00
    outer loop
      vertex   3.773883e+01 -1.559370e+01 -1.560000e+00
      vertex   3.583446e+01 -1.626729e+01 -1.560000e+00
      vertex   3.579477e+01 -1.606379e+01 -1.560000e+00
    endloop
  endfacet
  facet normal -0.000000e+00 0.000000e+00 -1.000000e+00
    outer loop
      vertex   3.773883e+01 -1.559370e+01 -1.560000e+00
      vertex   3.579477e+01 -1.606379e+01 -1.560000e+00
      vertex   3.765314e+01 -1.530095e+01 -1.560000e+00
    endloop
  endfacet
  facet normal 0.000000e+00 0.000000e+00 -1.000000e+00
    outer loop
      vertex   3.765314e+01 -1.530095e+01 -1.560000e+00
      vertex   3.579477e+01 -1.606379e+01 -1.560000e+00
      vertex   3.573127e+01 -1.586640e+01 -1.560000e+00
    endloop
  endfacet
  facet normal -0.000000e+00 0.000000e+00 -1.000000e+00
    outer loop
      vertex   3.765314e+01 -1.530095e+01 -1.560000e+00
      vertex   3.573127e+01 -1.586640e+01 -1.560000e+00
      vertex   3.754393e+01 -1.501613e+01 -1.560000e+00
    endloop
  endfacet
  facet normal -0.000000e+00 0.000000e+00 -1.000000e+00
    outer loop
      vertex   3.754393e+01 -1.501613e+01 -1.560000e+00
      vertex   3.573127e+01 -1.586640e+01 -1.560000e+00
      vertex   3.741193e+01 -1.474113e+01 -1.560000e+00
    endloop
  endfacet
  facet normal 0.000000e+00 0.000000e+00 -1.000000e+00
    outer loop
      vertex   3.741193e+01 -1.474113e+01 -1.560000e+00
      vertex   3.573127e+01 -1.586640e+01 -1.560000e+00
      vertex   3.564489e+01 -1.567792e+01 -1.560000e+00
    endloop
  endfacet
  facet normal -0.000000e+00 0.000000e+00 -1.000000e+00
    outer loop
      vertex   3.741193e+01 -1.474113e+01 -1.560000e+00
      vertex   3.564489e+01 -1.567792e+01 -1.560000e+00
      vertex   3.725802e+01 -1.447777e+01 -1.560000e+00
    endloop
  endfacet
  facet normal -0.000000e+00 0.000000e+00 -1.000000e+00
    outer loop
      vertex   3.725802e+01 -1.447777e+01 -1.560000e+00
      vertex   3.564489e+01 -1.567792e+01 -1.560000e+00
      vertex   3.708322e+01 -1.422779e+01 -1.560000e+00
    endloop
  endfacet
  facet normal 0.000000e+00 0.000000e+00 -1.000000e+00
    outer loop
      vertex   3.708322e+01 -1.422779e+01 -1.560000e+00
      vertex   3.564489e+01 -1.567792e+01 -1.560000e+00
      vertex   3.553682e+01 -1.550097e+01 -1.560000e+00
    endloop
  endfacet
  facet normal -0.000000e+00 0.000000e+00 -1.000000e+00
    outer loop
      vertex   3.708322e+01 -1.422779e+01 -1.560000e+00
      vertex   3.553682e+01 -1.550097e+01 -1.560000e+00
      vertex   3.688867e+01 -1.399285e+01 -1.560000e+00
    endloop
  endfacet
  facet normal 0.000000e+00 0.000000e+00 -1.000000e+00
    outer loop
      vertex   3.688867e+01 -1.399285e+01 -1.560000e+00
      vertex   3.553682e+01 -1.550097e+01 -1.560000e+00
      vertex   3.540857e+01 -1.533804e+01 -1.560000e+00
    endloop
  endfacet
  facet normal -0.000000e+00 0.000000e+00 -1.000000e+00
    outer loop
      vertex   3.688867e+01 -1.399285e+01 -1.560000e+00
      vertex   3.540857e+01 -1.533804e+01 -1.560000e+00
      vertex   3.667567e+01 -1.377449e+01 -1.560000e+00
    endloop
  endfacet
  facet normal -0.000000e+00 0.000000e+00 -1.000000e+00
    outer loop
      vertex   3.667567e+01 -1.377449e+01 -1.560000e+00
      vertex   3.540857e+01 -1.533804e+01 -1.560000e+00
      vertex   3.644563e+01 -1.357417e+01 -1.560000e+00
    endloop
  endfacet
  facet normal 0.000000e+00 0.000000e+00 -1.000000e+00
    outer loop
      vertex   3.644563e+01 -1.357417e+01 -1.560000e+00
      vertex   3.540857e+01 -1.533804e+01 -1.560000e+00
      vertex   3.526196e+01 -1.519143e+01 -1.560000e+00
    endloop
  endfacet
  facet normal -0.000000e+00 0.000000e+00 -1.000000e+00
    outer loop
      vertex   3.644563e+01 -1.357417e+01 -1.560000e+00
      vertex   3.526196e+01 -1.519143e+01 -1.560000e+00
      vertex   3.620008e+01 -1.339320e+01 -1.560000e+00
    endloop
  endfacet
  facet normal 0.000000e+00 0.000000e+00 -1.000000e+00
    outer loop
      vertex   3.620008e+01 -1.339320e+01 -1.560000e+00
      vertex   3.526196e+01 -1.519143e+01 -1.560000e+00
      vertex   3.509903e+01 -1.506319e+01 -1.560000e+00
    endloop
  endfacet
  facet normal -0.000000e+00 0.000000e+00 -1.000000e+00
    outer loop
      vertex   3.620008e+01 -1.339320e+01 -1.560000e+00
      vertex   3.509903e+01 -1.506319e+01 -1.560000e+00
      vertex   3.594062e+01 -1.323280e+01 -1.560000e+00
    endloop
  endfacet
  facet normal 0.000000e+00 0.000000e+00 -1.000000e+00
    outer loop
      vertex   3.594062e+01 -1.323280e+01 -1.560000e+00
      vertex   3.509903e+01 -1.506319e+01 -1.560000e+00
      vertex   3.492208e+01 -1.495511e+01 -1.560000e+00
    endloop
  endfacet
  facet normal -0.000000e+00 0.000000e+00 -1.000000e+00
    outer loop
      vertex   3.594062e+01 -1.323280e+01 -1.560000e+00
      vertex   3.492208e+01 -1.495511e+01 -1.560000e+00
      vertex   3.566898e+01 -1.309401e+01 -1.560000e+00
    endloop
  endfacet
  facet normal -0.000000e+00 0.000000e+00 -1.000000e+00
    outer loop
      vertex   3.566898e+01 -1.309401e+01 -1.560000e+00
      vertex   3.492208e+01 -1.495511e+01 -1.560000e+00
      vertex   3.538697e+01 -1.297776e+01 -1.560000e+00
    endloop
  endfacet
  facet normal 0.000000e+00 0.000000e+00 -1.000000e+00
    outer loop
      vertex   3.538697e+01 -1.297776e+01 -1.560000e+00
      vertex   3.492208e+01 -1.495511e+01 -1.560000e+00
      vertex   3.473360e+01 -1.486873e+01 -1.560000e+00
    endloop
  endfacet
  facet normal -0.000000e+00 0.000000e+00 -1.000000e+00
    outer loop
      vertex   3.538697e+01 -1.297776e+01 -1.560000e+00
      vertex   3.473360e+01 -1.486873e+01 -1.560000e+00
      vertex   3.509644e+01 -1.288481e+01 -1.560000e+00
    endloop
  endfacet
  facet normal 0.000000e+00 0.000000e+00 -1.000000e+00
    outer loop
      vertex   3.509644e+01 -1.288481e+01 -1.560000e+00
      vertex   3.473360e+01 -1.486873e+01 -1.560000e+00
      vertex   3.453621e+01 -1.480524e+01 -1.560000e+00
    endloop
  endfacet
  facet normal -0.000000e+00 0.000000e+00 -1.000000e+00
    outer loop
      vertex   3.509644e+01 -1.288481e+01 -1.560000e+00
      vertex   3.453621e+01 -1.480524e+01 -1.560000e+00
      vertex   3.479932e+01 -1.281578e+01 -1.560000e+00
    endloop
  endfacet
  facet normal 0.000000e+00 0.000000e+00 -1.000000e+00
    outer loop
      vertex   3.479932e+01 -1.281578e+01 -1.560000e+00
      vertex   3.453621e+01 -1.480524e+01 -1.560000e+00
      vertex   3.433271e+01 -1.476554e+01 -1.560000e+00
    endloop
  endfacet
  facet normal -0.000000e+00 0.000000e+00 -1.000000e+00
    outer loop
      vertex   3.479932e+01 -1.281578e+01 -1.560000e+00
      vertex   3.433271e+01 -1.476554e+01 -1.560000e+00
      vertex   3.449756e+01 -1.277113e+01 -1.560000e+00
    endloop
  endfacet
  facet normal -0.000000e+00 0.000000e+00 -1.000000e+00
    outer loop
      vertex   3.449756e+01 -1.277113e+01 -1.560000e+00
      vertex   3.433271e+01 -1.476554e+01 -1.560000e+00
      vertex   3.419318e+01 -1.275116e+01 -1.560000e+00
    endloop
  endfacet
  facet normal 0.000000e+00 -0.000000e+00 -1.000000e+00
    outer loop
      vertex   3.419318e+01 -1.275116e+01 -1.560000e+00
      vertex   3.433271e+01 -1.476554e+01 -1.560000e+00
      vertex   3.412594e+01 -1.475019e+01 -1.560000e+00
    endloop
  endfacet
  facet normal 0.000000e+00 0.000000e+00 -1.000000e+00
    outer loop
      vertex   3.419318e+01 -1.275116e+01 -1.560000e+00
      vertex   3.412594e+01 -1.475019e+01 -1.560000e+00
      vertex   3.388818e+01 -1.275599e+01 -1.560000e+00
    endloop
  endfacet
  facet normal 0.000000e+00 0.000000e+00 -1.000000e+00
    outer loop
      vertex   3.388818e+01 -1.275599e+01 -1.560000e+00
      vertex   3.412594e+01 -1.475019e+01 -1.560000e+00
      vertex   3.391879e+01 -1.475941e+01 -1.560000e+00
    endloop
  endfacet
  facet normal 0.000000e+00 -0.000000e+00 -1.000000e+00
    outer loop
      vertex   3.388818e+01 -1.275599e+01 -1.560000e+00
      vertex   3.391879e+01 -1.475941e+01 -1.560000e+00
      vertex   3.358458e+01 -1.278559e+01 -1.560000e+00
    endloop
  endfacet
  facet normal 0.000000e+00 0.000000e+00 -1.000000e+00
    outer loop
      vertex   3.358458e+01 -1.278559e+01 -1.560000e+00
      vertex   3.391879e+01 -1.475941e+01 -1.560000e+00
      vertex   3.371420e+01 -1.479306e+01 -1.560000e+00
    endloop
  endfacet
  facet normal 0.000000e+00 -0.000000e+00 -1.000000e+00
    outer loop
      vertex   3.358458e+01 -1.278559e+01 -1.560000e+00
      vertex   3.371420e+01 -1.479306e+01 -1.560000e+00
      vertex   3.328440e+01 -1.283977e+01 -1.560000e+00
    endloop
  endfacet
  facet normal 0.000000e+00 0.000000e+00 -1.000000e+00
    outer loop
      vertex   3.328440e+01 -1.283977e+01 -1.560000e+00
      vertex   3.371420e+01 -1.479306e+01 -1.560000e+00
      vertex   3.351502e+01 -1.485067e+01 -1.560000e+00
    endloop
  endfacet
  facet normal 0.000000e+00 -0.000000e+00 -1.000000e+00
    outer loop
      vertex   3.328440e+01 -1.283977e+01 -1.560000e+00
      vertex   3.351502e+01 -1.485067e+01 -1.560000e+00
      vertex   3.298961e+01 -1.291817e+01 -1.560000e+00
    endloop
  endfacet
  facet normal 0.000000e+00 -0.000000e+00 -1.000000e+00
    outer loop
      vertex   3.298961e+01 -1.291817e+01 -1.560000e+00
      vertex   3.351502e+01 -1.485067e+01 -1.560000e+00
      vertex   3.295769e+01 -1.292599e+01 -1.560000e+00
    endloop
  endfacet
  facet normal 0.000000e+00 0.000000e+00 -1.000000e+00
    outer loop
      vertex   3.295769e+01 -1.292599e+01 -1.560000e+00
      vertex   3.351502e+01 -1.485067e+01 -1.560000e+00
      vertex   3.332406e+01 -1.493143e+01 -1.560000e+00
    endloop
  endfacet
  facet normal 0.000000e+00 0.000000e+00 -1.000000e+00
    outer loop
      vertex   3.295769e+01 -1.292599e+01 -1.560000e+00
      vertex   3.332406e+01 -1.493143e+01 -1.560000e+00
      vertex   3.314398e+01 -1.503421e+01 -1.560000e+00
    endloop
  endfacet
  facet normal -0.000000e+00 -0.000000e+00 -1.000000e+00
    outer loop
      vertex   3.295769e+01 -1.292599e+01 -1.560000e+00
      vertex   3.314398e+01 -1.503421e+01 -1.560000e+00
      vertex   3.275486e+01 -1.284321e+01 -1.560000e+00
    endloop
  endfacet
  facet normal 0.000000e+00 0.000000e+00 -1.000000e+00
    outer loop
      vertex   3.275486e+01 -1.284321e+01 -1.560000e+00
      vertex   3.314398e+01 -1.503421e+01 -1.560000e+00
      vertex   3.297733e+01 -1.515757e+01 -1.560000e+00
    endloop
  endfacet
  facet normal -0.000000e+00 -0.000000e+00 -1.000000e+00
    outer loop
      vertex   3.275486e+01 -1.284321e+01 -1.560000e+00
      vertex   3.297733e+01 -1.515757e+01 -1.560000e+00
      vertex   3.256006e+01 -1.274300e+01 -1.560000e+00
    endloop
  endfacet
  facet normal 0.000000e+00 0.000000e+00 -1.000000e+00
    outer loop
      vertex   3.256006e+01 -1.274300e+01 -1.560000e+00
      vertex   3.297733e+01 -1.515757e+01 -1.560000e+00
      vertex   3.282644e+01 -1.529978e+01 -1.560000e+00
    endloop
  endfacet
  facet normal -0.000000e+00 -0.000000e+00 -1.000000e+00
    outer loop
      vertex   3.256006e+01 -1.274300e+01 -1.560000e+00
      vertex   3.282644e+01 -1.529978e+01 -1.560000e+00
      vertex   3.237479e+01 -1.262612e+01 -1.560000e+00
    endloop
  endfacet
  facet normal 0.000000e+00 0.000000e+00 -1.000000e+00
    outer loop
      vertex   3.237479e+01 -1.262612e+01 -1.560000e+00
      vertex   3.282644e+01 -1.529978e+01 -1.560000e+00
      vertex   3.269342e+01 -1.545883e+01 -1.560000e+00
    endloop
  endfacet
  facet normal -0.000000e+00 -0.000000e+00 -1.000000e+00
    outer loop
      vertex   3.237479e+01 -1.262612e+01 -1.560000e+00
      vertex   3.269342e+01 -1.545883e+01 -1.560000e+00
      vertex   3.220045e+01 -1.249347e+01 -1.560000e+00
    endloop
  endfacet
  facet normal 0.000000e+00 0.000000e+00 -1.000000e+00
    outer loop
      vertex   3.220045e+01 -1.249347e+01 -1.560000e+00
      vertex   3.269342e+01 -1.545883e+01 -1.560000e+00
      vertex   3.258015e+01 -1.563250e+01 -1.560000e+00
    endloop
  endfacet
  facet normal -0.000000e+00 -0.000000e+00 -1.000000e+00
    outer loop
      vertex   3.220045e+01 -1.249347e+01 -1.560000e+00
      vertex   3.258015e+01 -1.563250e+01 -1.560000e+00
      vertex   3.203840e+01 -1.234607e+01 -1.560000e+00
    endloop
  endfacet
  facet normal 0.000000e+00 -0.000000e+00 -1.000000e+00
    outer loop
      vertex   3.203840e+01 -1.234607e+01 -1.560000e+00
      vertex   3.258015e+01 -1.563250e+01 -1.560000e+00
      vertex   2.840000e+01 -1.264359e+01 -1.560000e+00
    endloop
  endfacet
  facet normal -0.000000e+00 0.000000e+00 -1.000000e+00
    outer loop
      vertex   3.203840e+01 -1.234607e+01 -1.560000e+00
      vertex   2.840000e+01 -1.264359e+01 -1.560000e+00
      vertex   3.188987e+01 -1.218505e+01 -1.560000e+00
    endloop
  endfacet
  facet normal -0.000000e+00 0.000000e+00 -1.000000e+00
    outer loop
      vertex   3.188987e+01 -1.218505e+01 -1.560000e+00
      vertex   2.840000e+01 -1.264359e+01 -1.560000e+00
      vertex   3.175601e+01 -1.201164e+01 -1.560000e+00
    endloop
  endfacet
  facet normal -0.000000e+00 0.000000e+00 -1.000000e+00
    outer loop
      vertex   3.175601e+01 -1.201164e+01 -1.560000e+00
      vertex   2.840000e+01 -1.264359e+01 -1.560000e+00
      vertex   3.163784e+01 -1.182718e+01 -1.560000e+00
    endloop
  endfacet
  facet normal -0.000000e+00 0.000000e+00 -1.000000e+00
    outer loop
      vertex   3.163784e+01 -1.182718e+01 -1.560000e+00
      vertex   2.840000e+01 -1.264359e+01 -1.560000e+00
      vertex   3.153628e+01 -1.163309e+01 -1.560000e+00
    endloop
  endfacet
  facet normal 0.000000e+00 0.000000e+00 -1.000000e+00
    outer loop
      vertex   3.153628e+01 -1.163309e+01 -1.560000e+00
      vertex   2.840000e+01 -1.264359e+01 -1.560000e+00
      vertex   2.839392e+01 -1.257413e+01 -1.560000e+00
    endloop
  endfacet
  facet normal -0.000000e+00 0.000000e+00 -1.000000e+00
    outer loop
      vertex   3.153628e+01 -1.163309e+01 -1.560000e+00
      vertex   2.839392e+01 -1.257413e+01 -1.560000e+00
      vertex   3.145209e+01 -1.143084e+01 -1.560000e+00
    endloop
  endfacet
  facet normal 0.000000e+00 0.000000e+00 -1.000000e+00
    outer loop
      vertex   3.145209e+01 -1.143084e+01 -1.560000e+00
      vertex   2.839392e+01 -1.257413e+01 -1.560000e+00
      vertex   2.837588e+01 -1.250679e+01 -1.560000e+00
    endloop
  endfacet
  facet normal -0.000000e+00 0.000000e+00 -1.000000e+00
    outer loop
      vertex   3.145209e+01 -1.143084e+01 -1.560000e+00
      vertex   2.837588e+01 -1.250679e+01 -1.560000e+00
      vertex   3.138594e+01 -1.122201e+01 -1.560000e+00
    endloop
  endfacet
  facet normal 0.000000e+00 0.000000e+00 -1.000000e+00
    outer loop
      vertex   3.138594e+01 -1.122201e+01 -1.560000e+00
      vertex   2.837588e+01 -1.250679e+01 -1.560000e+00
      vertex   2.834641e+01 -1.244359e+01 -1.560000e+00
    endloop
  endfacet
  facet normal -0.000000e+00 0.000000e+00 -1.000000e+00
    outer loop
      vertex   3.138594e+01 -1.122201e+01 -1.560000e+00
      vertex   2.834641e+01 -1.244359e+01 -1.560000e+00
      vertex   3.133832e+01 -1.100818e+01 -1.560000e+00
    endloop
  endfacet
  facet normal 0.000000e+00 0.000000e+00 -1.000000e+00
    outer loop
      vertex   3.133832e+01 -1.100818e+01 -1.560000e+00
      vertex   2.834641e+01 -1.244359e+01 -1.560000e+00
      vertex   2.830642e+01 -1.238648e+01 -1.560000e+00
    endloop
  endfacet
  facet normal -0.000000e+00 0.000000e+00 -1.000000e+00
    outer loop
      vertex   3.133832e+01 -1.100818e+01 -1.560000e+00
      vertex   2.830642e+01 -1.238648e+01 -1.560000e+00
      vertex   3.130960e+01 -1.079101e+01 -1.560000e+00
    endloop
  endfacet
  facet normal 0.000000e+00 0.000000e+00 -1.000000e+00
    outer loop
      vertex   3.130960e+01 -1.079101e+01 -1.560000e+00
      vertex   2.830642e+01 -1.238648e+01 -1.560000e+00
      vertex   2.825711e+01 -1.233718e+01 -1.560000e+00
    endloop
  endfacet
  facet normal -0.000000e+00 0.000000e+00 -1.000000e+00
    outer loop
      vertex   3.130960e+01 -1.079101e+01 -1.560000e+00
      vertex   2.825711e+01 -1.233718e+01 -1.560000e+00
      vertex   3.130000e+01 -1.057216e+01 -1.560000e+00
    endloop
  endfacet
  facet normal 0.000000e+00 0.000000e+00 -1.000000e+00
    outer loop
      vertex   3.130000e+01 -1.057216e+01 -1.560000e+00
      vertex   2.825711e+01 -1.233718e+01 -1.560000e+00
      vertex   2.820000e+01 -1.229718e+01 -1.560000e+00
    endloop
  endfacet
  facet normal 0.000000e+00 0.000000e+00 -1.000000e+00
    outer loop
      vertex   3.130000e+01 -1.057216e+01 -1.560000e+00
      vertex   2.820000e+01 -1.229718e+01 -1.560000e+00
      vertex   2.813681e+01 -1.226772e+01 -1.560000e+00
    endloop
  endfacet
  facet normal -0.000000e+00 0.000000e+00 -1.000000e+00
    outer loop
      vertex   3.258015e+01 -1.563250e+01 -1.560000e+00
      vertex   3.248822e+01 -1.581834e+01 -1.560000e+00
      vertex   2.840000e+01 -1.264359e+01 -1.560000e+00
    endloop
  endfacet
  facet normal 0.000000e+00 0.000000e+00 -1.000000e+00
    outer loop
      vertex   2.840000e+01 -1.264359e+01 -1.560000e+00
      vertex   3.248822e+01 -1.581834e+01 -1.560000e+00
      vertex   3.241891e+01 -1.601376e+01 -1.560000e+00
    endloop
  endfacet
  facet normal 0.000000e+00 0.000000e+00 -1.000000e+00
    outer loop
      vertex   2.840000e+01 -1.264359e+01 -1.560000e+00
      vertex   3.241891e+01 -1.601376e+01 -1.560000e+00
      vertex   3.237320e+01 -1.621600e+01 -1.560000e+00
    endloop
  endfacet
  facet normal -0.000000e+00 0.000000e+00 -1.000000e+00
    outer loop
      vertex   3.237320e+01 -1.621600e+01 -1.560000e+00
      vertex   3.235173e+01 -1.642223e+01 -1.560000e+00
      vertex   2.840000e+01 -1.264359e+01 -1.560000e+00
    endloop
  endfacet
  facet normal 0.000000e+00 0.000000e+00 -1.000000e+00
    outer loop
      vertex   2.840000e+01 -1.264359e+01 -1.560000e+00
      vertex   3.235173e+01 -1.642223e+01 -1.560000e+00
      vertex   3.235480e+01 -1.662955e+01 -1.560000e+00
    endloop
  endfacet
  facet normal 0.000000e+00 0.000000e+00 -1.000000e+00
    outer loop
      vertex   2.840000e+01 -1.264359e+01 -1.560000e+00
      vertex   3.235480e+01 -1.662955e+01 -1.560000e+00
      vertex   3.238237e+01 -1.683505e+01 -1.560000e+00
    endloop
  endfacet
  facet normal 0.000000e+00 0.000000e+00 -1.000000e+00
    outer loop
      vertex   2.840000e+01 -1.264359e+01 -1.560000e+00
      vertex   3.238237e+01 -1.683505e+01 -1.560000e+00
      vertex   3.167120e+01 -2.120147e+01 -1.560000e+00
    endloop
  endfacet
  facet normal 0.000000e+00 0.000000e+00 -1.000000e+00
    outer loop
      vertex   3.167120e+01 -2.120147e+01 -1.560000e+00
      vertex   3.238237e+01 -1.683505e+01 -1.560000e+00
      vertex   3.243406e+01 -1.703585e+01 -1.560000e+00
    endloop
  endfacet
  facet normal 0.000000e+00 0.000000e+00 -1.000000e+00
    outer loop
      vertex   3.130000e+01 -3.690000e+01 -1.560000e+00
      vertex   2.840000e+01 -3.500000e+01 -1.560000e+00
      vertex   3.130000e+01 -2.251228e+01 -1.560000e+00
    endloop
  endfacet
  facet normal -0.000000e+00 0.000000e+00 -1.000000e+00
    outer loop
      vertex   3.130000e+01 -2.251228e+01 -1.560000e+00
      vertex   2.840000e+01 -3.500000e+01 -1.560000e+00
      vertex   2.840000e+01 -1.264359e+01 -1.560000e+00
    endloop
  endfacet
  facet normal 0.000000e+00 0.000000e+00 -1.000000e+00
    outer loop
      vertex   3.130000e+01 -2.251228e+01 -1.560000e+00
      vertex   2.840000e+01 -1.264359e+01 -1.560000e+00
      vertex   3.131057e+01 -2.228263e+01 -1.560000e+00
    endloop
  endfacet
  facet normal 0.000000e+00 0.000000e+00 -1.000000e+00
    outer loop
      vertex   3.131057e+01 -2.228263e+01 -1.560000e+00
      vertex   2.840000e+01 -1.264359e+01 -1.560000e+00
      vertex   3.134219e+01 -2.205493e+01 -1.560000e+00
    endloop
  endfacet
  facet normal 0.000000e+00 0.000000e+00 -1.000000e+00
    outer loop
      vertex   3.134219e+01 -2.205493e+01 -1.560000e+00
      vertex   2.840000e+01 -1.264359e+01 -1.560000e+00
      vertex   3.139459e+01 -2.183110e+01 -1.560000e+00
    endloop
  endfacet
  facet normal 0.000000e+00 0.000000e+00 -1.000000e+00
    outer loop
      vertex   3.139459e+01 -2.183110e+01 -1.560000e+00
      vertex   2.840000e+01 -1.264359e+01 -1.560000e+00
      vertex   3.146733e+01 -2.161303e+01 -1.560000e+00
    endloop
  endfacet
  facet normal 0.000000e+00 0.000000e+00 -1.000000e+00
    outer loop
      vertex   3.146733e+01 -2.161303e+01 -1.560000e+00
      vertex   2.840000e+01 -1.264359e+01 -1.560000e+00
      vertex   3.155979e+01 -2.140255e+01 -1.560000e+00
    endloop
  endfacet
  facet normal 0.000000e+00 0.000000e+00 -1.000000e+00
    outer loop
      vertex   3.155979e+01 -2.140255e+01 -1.560000e+00
      vertex   2.840000e+01 -1.264359e+01 -1.560000e+00
      vertex   3.167120e+01 -2.120147e+01 -1.560000e+00
    endloop
  endfacet
  facet normal -0.000000e+00 0.000000e+00 -1.000000e+00
    outer loop
      vertex   3.128802e+01 -3.708274e+01 -1.560000e+00
      vertex   3.125230e+01 -3.726235e+01 -1.560000e+00
      vertex   3.130000e+01 -3.690000e+01 -1.560000e+00
    endloop
  endfacet
  facet normal 0.000000e+00 0.000000e+00 -1.000000e+00
    outer loop
      vertex   3.130000e+01 -3.690000e+01 -1.560000e+00
      vertex   3.125230e+01 -3.726235e+01 -1.560000e+00
      vertex   3.119343e+01 -3.743576e+01 -1.560000e+00
    endloop
  endfacet
  facet normal 0.000000e+00 0.000000e+00 -1.000000e+00
    outer loop
      vertex   3.130000e+01 -3.690000e+01 -1.560000e+00
      vertex   3.119343e+01 -3.743576e+01 -1.560000e+00
      vertex   3.111244e+01 -3.760000e+01 -1.560000e+00
    endloop
  endfacet
  facet normal -0.000000e+00 0.000000e+00 -1.000000e+00
    outer loop
      vertex   3.111244e+01 -3.760000e+01 -1.560000e+00
      vertex   3.101069e+01 -3.775227e+01 -1.560000e+00
      vertex   3.130000e+01 -3.690000e+01 -1.560000e+00
    endloop
  endfacet
  facet normal 0.000000e+00 0.000000e+00 -1.000000e+00
    outer loop
      vertex   3.130000e+01 -3.690000e+01 -1.560000e+00
      vertex   3.101069e+01 -3.775227e+01 -1.560000e+00
      vertex   3.088995e+01 -3.788995e+01 -1.560000e+00
    endloop
  endfacet
  facet normal 0.000000e+00 0.000000e+00 -1.000000e+00
    outer loop
      vertex   3.130000e+01 -3.690000e+01 -1.560000e+00
      vertex   3.088995e+01 -3.788995e+01 -1.560000e+00
      vertex   3.075227e+01 -3.801070e+01 -1.560000e+00
    endloop
  endfacet
  facet normal -0.000000e+00 0.000000e+00 -1.000000e+00
    outer loop
      vertex   3.075227e+01 -3.801070e+01 -1.560000e+00
      vertex   3.060000e+01 -3.811244e+01 -1.560000e+00
      vertex   3.130000e+01 -3.690000e+01 -1.560000e+00
    endloop
  endfacet
  facet normal 0.000000e+00 0.000000e+00 -1.000000e+00
    outer loop
      vertex   3.130000e+01 -3.690000e+01 -1.560000e+00
      vertex   3.060000e+01 -3.811244e+01 -1.560000e+00
      vertex   3.043576e+01 -3.819343e+01 -1.560000e+00
    endloop
  endfacet
  facet normal 0.000000e+00 0.000000e+00 -1.000000e+00
    outer loop
      vertex   3.130000e+01 -3.690000e+01 -1.560000e+00
      vertex   3.043576e+01 -3.819343e+01 -1.560000e+00
      vertex   3.026235e+01 -3.825230e+01 -1.560000e+00
    endloop
  endfacet
  facet normal -0.000000e+00 0.000000e+00 -1.000000e+00
    outer loop
      vertex   3.026235e+01 -3.825230e+01 -1.560000e+00
      vertex   3.008274e+01 -3.828802e+01 -1.560000e+00
      vertex   3.130000e+01 -3.690000e+01 -1.560000e+00
    endloop
  endfacet
  facet normal 0.000000e+00 0.000000e+00 -1.000000e+00
    outer loop
      vertex   3.130000e+01 -3.690000e+01 -1.560000e+00
      vertex   3.008274e+01 -3.828802e+01 -1.560000e+00
      vertex   2.990000e+01 -3.830000e+01 -1.560000e+00
    endloop
  endfacet
  facet normal -0.000000e+00 0.000000e+00 -1.000000e+00
    outer loop
      vertex   3.130000e+01 -3.690000e+01 -1.560000e+00
      vertex   2.990000e+01 -3.830000e+01 -1.560000e+00
      vertex   2.830642e+01 -3.525712e+01 -1.560000e+00
    endloop
  endfacet
  facet normal 0.000000e+00 -0.000000e+00 -1.000000e+00
    outer loop
      vertex   2.830642e+01 -3.525712e+01 -1.560000e+00
      vertex   2.990000e+01 -3.830000e+01 -1.560000e+00
      vertex   2.825711e+01 -3.530642e+01 -1.560000e+00
    endloop
  endfacet
  facet normal 0.000000e+00 -0.000000e+00 -1.000000e+00
    outer loop
      vertex   2.825711e+01 -3.530642e+01 -1.560000e+00
      vertex   2.990000e+01 -3.830000e+01 -1.560000e+00
      vertex   2.820000e+01 -3.534641e+01 -1.560000e+00
    endloop
  endfacet
  facet normal 0.000000e+00 -0.000000e+00 -1.000000e+00
    outer loop
      vertex   2.820000e+01 -3.534641e+01 -1.560000e+00
      vertex   2.990000e+01 -3.830000e+01 -1.560000e+00
      vertex   2.813681e+01 -3.537588e+01 -1.560000e+00
    endloop
  endfacet
  facet normal 0.000000e+00 -0.000000e+00 -1.000000e+00
    outer loop
      vertex   2.813681e+01 -3.537588e+01 -1.560000e+00
      vertex   2.990000e+01 -3.830000e+01 -1.560000e+00
      vertex   2.806946e+01 -3.539392e+01 -1.560000e+00
    endloop
  endfacet
  facet normal 0.000000e+00 -0.000000e+00 -1.000000e+00
    outer loop
      vertex   2.806946e+01 -3.539392e+01 -1.560000e+00
      vertex   2.990000e+01 -3.830000e+01 -1.560000e+00
      vertex   2.800000e+01 -3.540000e+01 -1.560000e+00
    endloop
  endfacet
  facet normal 0.000000e+00 -0.000000e+00 -1.000000e+00
    outer loop
      vertex   2.800000e+01 -3.540000e+01 -1.560000e+00
      vertex   2.990000e+01 -3.830000e+01 -1.560000e+00
      vertex   1.010000e+01 -3.830000e+01 -1.560000e+00
    endloop
  endfacet
  facet normal -0.000000e+00 0.000000e+00 -1.000000e+00
    outer loop
      vertex   2.800000e+01 -3.540000e+01 -1.560000e+00
      vertex   1.010000e+01 -3.830000e+01 -1.560000e+00
      vertex   1.200000e+01 -3.540000e+01 -1.560000e+00
    endloop
  endfacet
  facet normal -0.000000e+00 0.000000e+00 -1.000000e+00
    outer loop
      vertex   1.200000e+01 -3.540000e+01 -1.560000e+00
      vertex   1.010000e+01 -3.830000e+01 -1.560000e+00
      vertex   1.193054e+01 -3.539392e+01 -1.560000e+00
    endloop
  endfacet
  facet normal -0.000000e+00 0.000000e+00 -1.000000e+00
    outer loop
      vertex   1.193054e+01 -3.539392e+01 -1.560000e+00
      vertex   1.010000e+01 -3.830000e+01 -1.560000e+00
      vertex   1.186319e+01 -3.537588e+01 -1.560000e+00
    endloop
  endfacet
  facet normal -0.000000e+00 0.000000e+00 -1.000000e+00
    outer loop
      vertex   1.186319e+01 -3.537588e+01 -1.560000e+00
      vertex   1.010000e+01 -3.830000e+01 -1.560000e+00
      vertex   1.180000e+01 -3.534641e+01 -1.560000e+00
    endloop
  endfacet
  facet normal -0.000000e+00 0.000000e+00 -1.000000e+00
    outer loop
      vertex   1.180000e+01 -3.534641e+01 -1.560000e+00
      vertex   1.010000e+01 -3.830000e+01 -1.560000e+00
      vertex   1.174289e+01 -3.530642e+01 -1.560000e+00
    endloop
  endfacet
  facet normal -0.000000e+00 0.000000e+00 -1.000000e+00
    outer loop
      vertex   1.174289e+01 -3.530642e+01 -1.560000e+00
      vertex   1.010000e+01 -3.830000e+01 -1.560000e+00
      vertex   1.169358e+01 -3.525712e+01 -1.560000e+00
    endloop
  endfacet
  facet normal 0.000000e+00 0.000000e+00 -1.000000e+00
    outer loop
      vertex   1.169358e+01 -3.525712e+01 -1.560000e+00
      vertex   1.010000e+01 -3.830000e+01 -1.560000e+00
      vertex   8.700000e+00 -3.690000e+01 -1.560000e+00
    endloop
  endfacet
  facet normal -0.000000e+00 0.000000e+00 -1.000000e+00
    outer loop
      vertex   1.169358e+01 -3.525712e+01 -1.560000e+00
      vertex   8.700000e+00 -3.690000e+01 -1.560000e+00
      vertex   1.165359e+01 -3.520000e+01 -1.560000e+00
    endloop
  endfacet
  facet normal -0.000000e+00 0.000000e+00 -1.000000e+00
    outer loop
      vertex   1.165359e+01 -3.520000e+01 -1.560000e+00
      vertex   8.700000e+00 -3.690000e+01 -1.560000e+00
      vertex   1.162412e+01 -3.513681e+01 -1.560000e+00
    endloop
  endfacet
  facet normal -0.000000e+00 0.000000e+00 -1.000000e+00
    outer loop
      vertex   1.162412e+01 -3.513681e+01 -1.560000e+00
      vertex   8.700000e+00 -3.690000e+01 -1.560000e+00
      vertex   1.160608e+01 -3.506946e+01 -1.560000e+00
    endloop
  endfacet
  facet normal -0.000000e+00 0.000000e+00 -1.000000e+00
    outer loop
      vertex   1.160608e+01 -3.506946e+01 -1.560000e+00
      vertex   8.700000e+00 -3.690000e+01 -1.560000e+00
      vertex   1.160000e+01 -3.500000e+01 -1.560000e+00
    endloop
  endfacet
  facet normal -0.000000e+00 0.000000e+00 -1.000000e+00
    outer loop
      vertex   1.160000e+01 -3.500000e+01 -1.560000e+00
      vertex   8.700000e+00 -3.690000e+01 -1.560000e+00
      vertex   8.700000e+00 -2.244684e+01 -1.560000e+00
    endloop
  endfacet
  facet normal 0.000000e+00 0.000000e+00 -1.000000e+00
    outer loop
      vertex   1.160000e+01 -3.500000e+01 -1.560000e+00
      vertex   8.700000e+00 -2.244684e+01 -1.560000e+00
      vertex   1.160000e+01 -1.264359e+01 -1.560000e+00
    endloop
  endfacet
  facet normal 0.000000e+00 0.000000e+00 -1.000000e+00
    outer loop
      vertex   1.160000e+01 -1.264359e+01 -1.560000e+00
      vertex   8.700000e+00 -2.244684e+01 -1.560000e+00
      vertex   8.690190e+00 -2.222558e+01 -1.560000e+00
    endloop
  endfacet
  facet normal 0.000000e+00 0.000000e+00 -1.000000e+00
    outer loop
      vertex   1.160000e+01 -1.264359e+01 -1.560000e+00
      vertex   8.690190e+00 -2.222558e+01 -1.560000e+00
      vertex   8.660835e+00 -2.200606e+01 -1.560000e+00
    endloop
  endfacet
  facet normal 0.000000e+00 0.000000e+00 -1.000000e+00
    outer loop
      vertex   1.010000e+01 -3.830000e+01 -1.560000e+00
      vertex   9.917263e+00 -3.828802e+01 -1.560000e+00
      vertex   8.700000e+00 -3.690000e+01 -1.560000e+00
    endloop
  endfacet
  facet normal 0.000000e+00 0.000000e+00 -1.000000e+00
    outer loop
      vertex   8.700000e+00 -3.690000e+01 -1.560000e+00
      vertex   9.917263e+00 -3.828802e+01 -1.560000e+00
      vertex   9.737654e+00 -3.825230e+01 -1.560000e+00
    endloop
  endfacet
  facet normal 0.000000e+00 0.000000e+00 -1.000000e+00
    outer loop
      vertex   8.700000e+00 -3.690000e+01 -1.560000e+00
      vertex   9.737654e+00 -3.825230e+01 -1.560000e+00
      vertex   9.564244e+00 -3.819343e+01 -1.560000e+00
    endloop
  endfacet
  facet normal 0.000000e+00 0.000000e+00 -1.000000e+00
    outer loop
      vertex   9.564244e+00 -3.819343e+01 -1.560000e+00
      vertex   9.400000e+00 -3.811244e+01 -1.560000e+00
      vertex   8.700000e+00 -3.690000e+01 -1.560000e+00
    endloop
  endfacet
  facet normal 0.000000e+00 0.000000e+00 -1.000000e+00
    outer loop
      vertex   8.700000e+00 -3.690000e+01 -1.560000e+00
      vertex   9.400000e+00 -3.811244e+01 -1.560000e+00
      vertex   9.247734e+00 -3.801070e+01 -1.560000e+00
    endloop
  endfacet
  facet normal 0.000000e+00 0.000000e+00 -1.000000e+00
    outer loop
      vertex   8.700000e+00 -3.690000e+01 -1.560000e+00
      vertex   9.247734e+00 -3.801070e+01 -1.560000e+00
      vertex   9.110050e+00 -3.788995e+01 -1.560000e+00
    endloop
  endfacet
  facet normal 0.000000e+00 0.000000e+00 -1.000000e+00
    outer loop
      vertex   9.110050e+00 -3.788995e+01 -1.560000e+00
      vertex   8.989305e+00 -3.775227e+01 -1.560000e+00
      vertex   8.700000e+00 -3.690000e+01 -1.560000e+00
    endloop
  endfacet
  facet normal 0.000000e+00 0.000000e+00 -1.000000e+00
    outer loop
      vertex   8.700000e+00 -3.690000e+01 -1.560000e+00
      vertex   8.989305e+00 -3.775227e+01 -1.560000e+00
      vertex   8.887565e+00 -3.760000e+01 -1.560000e+00
    endloop
  endfacet
  facet normal 0.000000e+00 0.000000e+00 -1.000000e+00
    outer loop
      vertex   8.700000e+00 -3.690000e+01 -1.560000e+00
      vertex   8.887565e+00 -3.760000e+01 -1.560000e+00
      vertex   8.806569e+00 -3.743576e+01 -1.560000e+00
    endloop
  endfacet
  facet normal 0.000000e+00 0.000000e+00 -1.000000e+00
    outer loop
      vertex   8.806569e+00 -3.743576e+01 -1.560000e+00
      vertex   8.747703e+00 -3.726235e+01 -1.560000e+00
      vertex   8.700000e+00 -3.690000e+01 -1.560000e+00
    endloop
  endfacet
  facet normal 0.000000e+00 0.000000e+00 -1.000000e+00
    outer loop
      vertex   8.700000e+00 -3.690000e+01 -1.560000e+00
      vertex   8.747703e+00 -3.726235e+01 -1.560000e+00
      vertex   8.711977e+00 -3.708274e+01 -1.560000e+00
    endloop
  endfacet
  facet normal 0.000000e+00 0.000000e+00 -1.000000e+00
    outer loop
      vertex   8.660835e+00 -2.200606e+01 -1.560000e+00
      vertex   8.612168e+00 -2.178999e+01 -1.560000e+00
      vertex   1.160000e+01 -1.264359e+01 -1.560000e+00
    endloop
  endfacet
  facet normal 0.000000e+00 0.000000e+00 -1.000000e+00
    outer loop
      vertex   1.160000e+01 -1.264359e+01 -1.560000e+00
      vertex   8.612168e+00 -2.178999e+01 -1.560000e+00
      vertex   8.544569e+00 -2.157909e+01 -1.560000e+00
    endloop
  endfacet
  facet normal 0.000000e+00 0.000000e+00 -1.000000e+00
    outer loop
      vertex   1.160000e+01 -1.264359e+01 -1.560000e+00
      vertex   8.544569e+00 -2.157909e+01 -1.560000e+00
      vertex   8.458569e+00 -2.137499e+01 -1.560000e+00
    endloop
  endfacet
  facet normal 0.000000e+00 0.000000e+00 -1.000000e+00
    outer loop
      vertex   8.458569e+00 -2.137499e+01 -1.560000e+00
      vertex   8.354843e+00 -2.117930e+01 -1.560000e+00
      vertex   1.160000e+01 -1.264359e+01 -1.560000e+00
    endloop
  endfacet
  facet normal 0.000000e+00 0.000000e+00 -1.000000e+00
    outer loop
      vertex   1.160000e+01 -1.264359e+01 -1.560000e+00
      vertex   8.354843e+00 -2.117930e+01 -1.560000e+00
      vertex   7.617627e+00 -1.683505e+01 -1.560000e+00
    endloop
  endfacet
  facet normal 0.000000e+00 0.000000e+00 -1.000000e+00
    outer loop
      vertex   1.160000e+01 -1.264359e+01 -1.560000e+00
      vertex   7.617627e+00 -1.683505e+01 -1.560000e+00
      vertex   7.645199e+00 -1.662955e+01 -1.560000e+00
    endloop
  endfacet
  facet normal 0.000000e+00 0.000000e+00 -1.000000e+00
    outer loop
      vertex   8.354843e+00 -2.117930e+01 -1.560000e+00
      vertex   8.234205e+00 -2.099357e+01 -1.560000e+00
      vertex   7.617627e+00 -1.683505e+01 -1.560000e+00
    endloop
  endfacet
  facet normal 0.000000e+00 -0.000000e+00 -1.000000e+00
    outer loop
      vertex   7.617627e+00 -1.683505e+01 -1.560000e+00
      vertex   8.234205e+00 -2.099357e+01 -1.560000e+00
      vertex   7.565944e+00 -1.703585e+01 -1.560000e+00
    endloop
  endfacet
  facet normal 0.000000e+00 0.000000e+00 -1.000000e+00
    outer loop
      vertex   7.565944e+00 -1.703585e+01 -1.560000e+00
      vertex   8.234205e+00 -2.099357e+01 -1.560000e+00
      vertex   8.097602e+00 -2.081923e+01 -1.560000e+00
    endloop
  endfacet
  facet normal 0.000000e+00 -0.000000e+00 -1.000000e+00
    outer loop
      vertex   7.565944e+00 -1.703585e+01 -1.560000e+00
      vertex   8.097602e+00 -2.081923e+01 -1.560000e+00
      vertex   7.490875e+00 -1.722912e+01 -1.560000e+00
    endloop
  endfacet
  facet normal 0.000000e+00 0.000000e+00 -1.000000e+00
    outer loop
      vertex   7.490875e+00 -1.722912e+01 -1.560000e+00
      vertex   8.097602e+00 -2.081923e+01 -1.560000e+00
      vertex   7.946106e+00 -2.065768e+01 -1.560000e+00
    endloop
  endfacet
  facet normal 0.000000e+00 -0.000000e+00 -1.000000e+00
    outer loop
      vertex   7.490875e+00 -1.722912e+01 -1.560000e+00
      vertex   7.946106e+00 -2.065768e+01 -1.560000e+00
      vertex   7.393474e+00 -1.741216e+01 -1.560000e+00
    endloop
  endfacet
  facet normal 0.000000e+00 0.000000e+00 -1.000000e+00
    outer loop
      vertex   7.393474e+00 -1.741216e+01 -1.560000e+00
      vertex   7.946106e+00 -2.065768e+01 -1.560000e+00
      vertex   7.780906e+00 -2.051016e+01 -1.560000e+00
    endloop
  endfacet
  facet normal 0.000000e+00 -0.000000e+00 -1.000000e+00
    outer loop
      vertex   7.393474e+00 -1.741216e+01 -1.560000e+00
      vertex   7.780906e+00 -2.051016e+01 -1.560000e+00
      vertex   7.275107e+00 -1.758240e+01 -1.560000e+00
    endloop
  endfacet
  facet normal 0.000000e+00 0.000000e+00 -1.000000e+00
    outer loop
      vertex   7.275107e+00 -1.758240e+01 -1.560000e+00
      vertex   7.780906e+00 -2.051016e+01 -1.560000e+00
      vertex   7.603299e+00 -2.037784e+01 -1.560000e+00
    endloop
  endfacet
  facet normal 0.000000e+00 -0.000000e+00 -1.000000e+00
    outer loop
      vertex   7.275107e+00 -1.758240e+01 -1.560000e+00
      vertex   7.603299e+00 -2.037784e+01 -1.560000e+00
      vertex   7.137437e+00 -1.773744e+01 -1.560000e+00
    endloop
  endfacet
  facet normal 0.000000e+00 0.000000e+00 -1.000000e+00
    outer loop
      vertex   7.137437e+00 -1.773744e+01 -1.560000e+00
      vertex   7.603299e+00 -2.037784e+01 -1.560000e+00
      vertex   7.414678e+00 -2.026176e+01 -1.560000e+00
    endloop
  endfacet
  facet normal 0.000000e+00 -0.000000e+00 -1.000000e+00
    outer loop
      vertex   7.137437e+00 -1.773744e+01 -1.560000e+00
      vertex   7.414678e+00 -2.026176e+01 -1.560000e+00
      vertex   6.982396e+00 -1.787511e+01 -1.560000e+00
    endloop
  endfacet
  facet normal 0.000000e+00 0.000000e+00 -1.000000e+00
    outer loop
      vertex   6.982396e+00 -1.787511e+01 -1.560000e+00
      vertex   7.414678e+00 -2.026176e+01 -1.560000e+00
      vertex   7.216524e+00 -2.016284e+01 -1.560000e+00
    endloop
  endfacet
  facet normal 0.000000e+00 -0.000000e+00 -1.000000e+00
    outer loop
      vertex   6.982396e+00 -1.787511e+01 -1.560000e+00
      vertex   7.216524e+00 -2.016284e+01 -1.560000e+00
      vertex   6.812160e+00 -1.799347e+01 -1.560000e+00
    endloop
  endfacet
  facet normal 0.000000e+00 0.000000e+00 -1.000000e+00
    outer loop
      vertex   6.812160e+00 -1.799347e+01 -1.560000e+00
      vertex   7.216524e+00 -2.016284e+01 -1.560000e+00
      vertex   7.010392e+00 -2.008183e+01 -1.560000e+00
    endloop
  endfacet
  facet normal 0.000000e+00 -0.000000e+00 -1.000000e+00
    outer loop
      vertex   6.812160e+00 -1.799347e+01 -1.560000e+00
      vertex   7.010392e+00 -2.008183e+01 -1.560000e+00
      vertex   6.629120e+00 -1.809088e+01 -1.560000e+00
    endloop
  endfacet
  facet normal 0.000000e+00 -0.000000e+00 -1.000000e+00
    outer loop
      vertex   6.629120e+00 -1.809088e+01 -1.560000e+00
      vertex   7.010392e+00 -2.008183e+01 -1.560000e+00
      vertex   6.435845e+00 -1.816594e+01 -1.560000e+00
    endloop
  endfacet
  facet normal 0.000000e+00 0.000000e+00 -1.000000e+00
    outer loop
      vertex   6.435845e+00 -1.816594e+01 -1.560000e+00
      vertex   7.010392e+00 -2.008183e+01 -1.560000e+00
      vertex   6.715602e+00 -2.016023e+01 -1.560000e+00
    endloop
  endfacet
  facet normal 0.000000e+00 -0.000000e+00 -1.000000e+00
    outer loop
      vertex   6.435845e+00 -1.816594e+01 -1.560000e+00
      vertex   6.715602e+00 -2.016023e+01 -1.560000e+00
      vertex   6.235047e+00 -1.821763e+01 -1.560000e+00
    endloop
  endfacet
  facet normal 0.000000e+00 0.000000e+00 -1.000000e+00
    outer loop
      vertex   6.235047e+00 -1.821763e+01 -1.560000e+00
      vertex   6.715602e+00 -2.016023e+01 -1.560000e+00
      vertex   6.415415e+00 -2.021441e+01 -1.560000e+00
    endloop
  endfacet
  facet normal 0.000000e+00 -0.000000e+00 -1.000000e+00
    outer loop
      vertex   6.235047e+00 -1.821763e+01 -1.560000e+00
      vertex   6.415415e+00 -2.021441e+01 -1.560000e+00
      vertex   6.029546e+00 -1.824520e+01 -1.560000e+00
    endloop
  endfacet
  facet normal 0.000000e+00 0.000000e+00 -1.000000e+00
    outer loop
      vertex   6.029546e+00 -1.824520e+01 -1.560000e+00
      vertex   6.415415e+00 -2.021441e+01 -1.560000e+00
      vertex   6.111819e+00 -2.024401e+01 -1.560000e+00
    endloop
  endfacet
  facet normal 0.000000e+00 -0.000000e+00 -1.000000e+00
    outer loop
      vertex   6.029546e+00 -1.824520e+01 -1.560000e+00
      vertex   6.111819e+00 -2.024401e+01 -1.560000e+00
      vertex   5.806820e+00 -2.024884e+01 -1.560000e+00
    endloop
  endfacet
  facet normal 0.000000e+00 0.000000e+00 -1.000000e+00
    outer loop
      vertex   6.029546e+00 -1.824520e+01 -1.560000e+00
      vertex   5.806820e+00 -2.024884e+01 -1.560000e+00
      vertex   5.822227e+00 -1.824827e+01 -1.560000e+00
    endloop
  endfacet
  facet normal 0.000000e+00 0.000000e+00 -1.000000e+00
    outer loop
      vertex   5.822227e+00 -1.824827e+01 -1.560000e+00
      vertex   5.806820e+00 -2.024884e+01 -1.560000e+00
      vertex   5.502438e+00 -2.022887e+01 -1.560000e+00
    endloop
  endfacet
  facet normal -0.000000e+00 0.000000e+00 -1.000000e+00
    outer loop
      vertex   5.822227e+00 -1.824827e+01 -1.560000e+00
      vertex   5.502438e+00 -2.022887e+01 -1.560000e+00
      vertex   5.615999e+00 -1.822680e+01 -1.560000e+00
    endloop
  endfacet
  facet normal 0.000000e+00 0.000000e+00 -1.000000e+00
    outer loop
      vertex   5.615999e+00 -1.822680e+01 -1.560000e+00
      vertex   5.502438e+00 -2.022887e+01 -1.560000e+00
      vertex   5.200687e+00 -2.018422e+01 -1.560000e+00
    endloop
  endfacet
  facet normal -0.000000e+00 0.000000e+00 -1.000000e+00
    outer loop
      vertex   5.615999e+00 -1.822680e+01 -1.560000e+00
      vertex   5.200687e+00 -2.018422e+01 -1.560000e+00
      vertex   5.413758e+00 -1.818109e+01 -1.560000e+00
    endloop
  endfacet
  facet normal 0.000000e+00 0.000000e+00 -1.000000e+00
    outer loop
      vertex   5.413758e+00 -1.818109e+01 -1.560000e+00
      vertex   5.200687e+00 -2.018422e+01 -1.560000e+00
      vertex   4.903562e+00 -2.011519e+01 -1.560000e+00
    endloop
  endfacet
  facet normal -0.000000e+00 0.000000e+00 -1.000000e+00
    outer loop
      vertex   5.413758e+00 -1.818109e+01 -1.560000e+00
      vertex   4.903562e+00 -2.011519e+01 -1.560000e+00
      vertex   5.218343e+00 -1.811178e+01 -1.560000e+00
    endloop
  endfacet
  facet normal 0.000000e+00 0.000000e+00 -1.000000e+00
    outer loop
      vertex   5.218343e+00 -1.811178e+01 -1.560000e+00
      vertex   4.903562e+00 -2.011519e+01 -1.560000e+00
      vertex   4.613031e+00 -2.002225e+01 -1.560000e+00
    endloop
  endfacet
  facet normal 0.000000e+00 0.000000e+00 -1.000000e+00
    outer loop
      vertex   5.218343e+00 -1.811178e+01 -1.560000e+00
      vertex   4.613031e+00 -2.002225e+01 -1.560000e+00
      vertex   4.331016e+00 -1.990599e+01 -1.560000e+00
    endloop
  endfacet
  facet normal -0.000000e+00 0.000000e+00 -1.000000e+00
    outer loop
      vertex   5.218343e+00 -1.811178e+01 -1.560000e+00
      vertex   4.331016e+00 -1.990599e+01 -1.560000e+00
      vertex   5.032497e+00 -1.801985e+01 -1.560000e+00
    endloop
  endfacet
  facet normal 0.000000e+00 0.000000e+00 -1.000000e+00
    outer loop
      vertex   5.032497e+00 -1.801985e+01 -1.560000e+00
      vertex   4.331016e+00 -1.990599e+01 -1.560000e+00
      vertex   4.059382e+00 -1.976720e+01 -1.560000e+00
    endloop
  endfacet
  facet normal -0.000000e+00 0.000000e+00 -1.000000e+00
    outer loop
      vertex   5.032497e+00 -1.801985e+01 -1.560000e+00
      vertex   4.059382e+00 -1.976720e+01 -1.560000e+00
      vertex   4.858829e+00 -1.790658e+01 -1.560000e+00
    endloop
  endfacet
  facet normal 0.000000e+00 0.000000e+00 -1.000000e+00
    outer loop
      vertex   4.858829e+00 -1.790658e+01 -1.560000e+00
      vertex   4.059382e+00 -1.976720e+01 -1.560000e+00
      vertex   3.799926e+00 -1.960680e+01 -1.560000e+00
    endloop
  endfacet
  facet normal -0.000000e+00 0.000000e+00 -1.000000e+00
    outer loop
      vertex   4.858829e+00 -1.790658e+01 -1.560000e+00
      vertex   3.799926e+00 -1.960680e+01 -1.560000e+00
      vertex   4.699776e+00 -1.777356e+01 -1.560000e+00
    endloop
  endfacet
  facet normal 0.000000e+00 0.000000e+00 -1.000000e+00
    outer loop
      vertex   4.699776e+00 -1.777356e+01 -1.560000e+00
      vertex   3.799926e+00 -1.960680e+01 -1.560000e+00
      vertex   3.554366e+00 -1.942583e+01 -1.560000e+00
    endloop
  endfacet
  facet normal 0.000000e+00 0.000000e+00 -1.000000e+00
    outer loop
      vertex   4.699776e+00 -1.777356e+01 -1.560000e+00
      vertex   3.554366e+00 -1.942583e+01 -1.560000e+00
      vertex   3.324327e+00 -1.922551e+01 -1.560000e+00
    endloop
  endfacet
  facet normal -0.000000e+00 0.000000e+00 -1.000000e+00
    outer loop
      vertex   4.699776e+00 -1.777356e+01 -1.560000e+00
      vertex   3.324327e+00 -1.922551e+01 -1.560000e+00
      vertex   4.557572e+00 -1.762267e+01 -1.560000e+00
    endloop
  endfacet
  facet normal 0.000000e+00 0.000000e+00 -1.000000e+00
    outer loop
      vertex   4.557572e+00 -1.762267e+01 -1.560000e+00
      vertex   3.324327e+00 -1.922551e+01 -1.560000e+00
      vertex   3.111330e+00 -1.900715e+01 -1.560000e+00
    endloop
  endfacet
  facet normal -0.000000e+00 0.000000e+00 -1.000000e+00
    outer loop
      vertex   4.557572e+00 -1.762267e+01 -1.560000e+00
      vertex   3.111330e+00 -1.900715e+01 -1.560000e+00
      vertex   4.434213e+00 -1.745602e+01 -1.560000e+00
    endloop
  endfacet
  facet normal 0.000000e+00 0.000000e+00 -1.000000e+00
    outer loop
      vertex   4.434213e+00 -1.745602e+01 -1.560000e+00
      vertex   3.111330e+00 -1.900715e+01 -1.560000e+00
      vertex   2.916785e+00 -1.877221e+01 -1.560000e+00
    endloop
  endfacet
  facet normal 0.000000e+00 0.000000e+00 -1.000000e+00
    outer loop
      vertex   4.434213e+00 -1.745602e+01 -1.560000e+00
      vertex   2.916785e+00 -1.877221e+01 -1.560000e+00
      vertex   2.741979e+00 -1.852223e+01 -1.560000e+00
    endloop
  endfacet
  facet normal -0.000000e+00 0.000000e+00 -1.000000e+00
    outer loop
      vertex   4.434213e+00 -1.745602e+01 -1.560000e+00
      vertex   2.741979e+00 -1.852223e+01 -1.560000e+00
      vertex   4.331430e+00 -1.727594e+01 -1.560000e+00
    endloop
  endfacet
  facet normal 0.000000e+00 0.000000e+00 -1.000000e+00
    outer loop
      vertex   4.331430e+00 -1.727594e+01 -1.560000e+00
      vertex   2.741979e+00 -1.852223e+01 -1.560000e+00
      vertex   2.588069e+00 -1.825887e+01 -1.560000e+00
    endloop
  endfacet
  facet normal -0.000000e+00 0.000000e+00 -1.000000e+00
    outer loop
      vertex   4.331430e+00 -1.727594e+01 -1.560000e+00
      vertex   2.588069e+00 -1.825887e+01 -1.560000e+00
      vertex   4.250666e+00 -1.708498e+01 -1.560000e+00
    endloop
  endfacet
  facet normal 0.000000e+00 0.000000e+00 -1.000000e+00
    outer loop
      vertex   4.250666e+00 -1.708498e+01 -1.560000e+00
      vertex   2.588069e+00 -1.825887e+01 -1.560000e+00
      vertex   2.456073e+00 -1.798387e+01 -1.560000e+00
    endloop
  endfacet
  facet normal 0.000000e+00 0.000000e+00 -1.000000e+00
    outer loop
      vertex   4.250666e+00 -1.708498e+01 -1.560000e+00
      vertex   2.456073e+00 -1.798387e+01 -1.560000e+00
      vertex   2.346864e+00 -1.769905e+01 -1.560000e+00
    endloop
  endfacet
  facet normal -0.000000e+00 0.000000e+00 -1.000000e+00
    outer loop
      vertex   4.250666e+00 -1.708498e+01 -1.560000e+00
      vertex   2.346864e+00 -1.769905e+01 -1.560000e+00
      vertex   4.193056e+00 -1.688580e+01 -1.560000e+00
    endloop
  endfacet
  facet normal 0.000000e+00 0.000000e+00 -1.000000e+00
    outer loop
      vertex   4.193056e+00 -1.688580e+01 -1.560000e+00
      vertex   2.346864e+00 -1.769905e+01 -1.560000e+00
      vertex   2.261165e+00 -1.740630e+01 -1.560000e+00
    endloop
  endfacet
  facet normal 0.000000e+00 0.000000e+00 -1.000000e+00
    outer loop
      vertex   4.193056e+00 -1.688580e+01 -1.560000e+00
      vertex   2.261165e+00 -1.740630e+01 -1.560000e+00
      vertex   2.199543e+00 -1.710755e+01 -1.560000e+00
    endloop
  endfacet
  facet normal -0.000000e+00 0.000000e+00 -1.000000e+00
    outer loop
      vertex   4.193056e+00 -1.688580e+01 -1.560000e+00
      vertex   2.199543e+00 -1.710755e+01 -1.560000e+00
      vertex   4.159407e+00 -1.668121e+01 -1.560000e+00
    endloop
  endfacet
  facet normal 0.000000e+00 0.000000e+00 -1.000000e+00
    outer loop
      vertex   4.159407e+00 -1.668121e+01 -1.560000e+00
      vertex   2.199543e+00 -1.710755e+01 -1.560000e+00
      vertex   2.162406e+00 -1.680478e+01 -1.560000e+00
    endloop
  endfacet
  facet normal -0.000000e+00 0.000000e+00 -1.000000e+00
    outer loop
      vertex   4.159407e+00 -1.668121e+01 -1.560000e+00
      vertex   2.162406e+00 -1.680478e+01 -1.560000e+00
      vertex   4.150192e+00 -1.647407e+01 -1.560000e+00
    endloop
  endfacet
  facet normal 0.000000e+00 0.000000e+00 -1.000000e+00
    outer loop
      vertex   4.150192e+00 -1.647407e+01 -1.560000e+00
      vertex   2.162406e+00 -1.680478e+01 -1.560000e+00
      vertex   2.150000e+00 -1.650000e+01 -1.560000e+00
    endloop
  endfacet
  facet normal -0.000000e+00 0.000000e+00 -1.000000e+00
    outer loop
      vertex   4.150192e+00 -1.647407e+01 -1.560000e+00
      vertex   2.150000e+00 -1.650000e+01 -1.560000e+00
      vertex   2.162406e+00 -1.619521e+01 -1.560000e+00
    endloop
  endfacet
  facet normal 0.000000e+00 0.000000e+00 -1.000000e+00
    outer loop
      vertex   4.150192e+00 -1.647407e+01 -1.560000e+00
      vertex   2.162406e+00 -1.619521e+01 -1.560000e+00
      vertex   4.165541e+00 -1.626729e+01 -1.560000e+00
    endloop
  endfacet
  facet normal 0.000000e+00 0.000000e+00 -1.000000e+00
    outer loop
      vertex   4.165541e+00 -1.626729e+01 -1.560000e+00
      vertex   2.162406e+00 -1.619521e+01 -1.560000e+00
      vertex   2.199543e+00 -1.589245e+01 -1.560000e+00
    endloop
  endfacet
  facet normal 0.000000e+00 0.000000e+00 -1.000000e+00
    outer loop
      vertex   4.165541e+00 -1.626729e+01 -1.560000e+00
      vertex   2.199543e+00 -1.589245e+01 -1.560000e+00
      vertex   2.261165e+00 -1.559370e+01 -1.560000e+00
    endloop
  endfacet
  facet normal 0.000000e+00 0.000000e+00 -1.000000e+00
    outer loop
      vertex   4.165541e+00 -1.626729e+01 -1.560000e+00
      vertex   2.261165e+00 -1.559370e+01 -1.560000e+00
      vertex   4.205238e+00 -1.606379e+01 -1.560000e+00
    endloop
  endfacet
  facet normal 0.000000e+00 0.000000e+00 -1.000000e+00
    outer loop
      vertex   4.205238e+00 -1.606379e+01 -1.560000e+00
      vertex   2.261165e+00 -1.559370e+01 -1.560000e+00
      vertex   2.346864e+00 -1.530095e+01 -1.560000e+00
    endloop
  endfacet
  facet normal 0.000000e+00 0.000000e+00 -1.000000e+00
    outer loop
      vertex   4.205238e+00 -1.606379e+01 -1.560000e+00
      vertex   2.346864e+00 -1.530095e+01 -1.560000e+00
      vertex   4.268725e+00 -1.586640e+01 -1.560000e+00
    endloop
  endfacet
  facet normal 0.000000e+00 0.000000e+00 -1.000000e+00
    outer loop
      vertex   4.268725e+00 -1.586640e+01 -1.560000e+00
      vertex   2.346864e+00 -1.530095e+01 -1.560000e+00
      vertex   2.456073e+00 -1.501613e+01 -1.560000e+00
    endloop
  endfacet
  facet normal 0.000000e+00 0.000000e+00 -1.000000e+00
    outer loop
      vertex   4.268725e+00 -1.586640e+01 -1.560000e+00
      vertex   2.456073e+00 -1.501613e+01 -1.560000e+00
      vertex   2.588069e+00 -1.474113e+01 -1.560000e+00
    endloop
  endfacet
  facet normal 0.000000e+00 0.000000e+00 -1.000000e+00
    outer loop
      vertex   4.268725e+00 -1.586640e+01 -1.560000e+00
      vertex   2.588069e+00 -1.474113e+01 -1.560000e+00
      vertex   4.355112e+00 -1.567792e+01 -1.560000e+00
    endloop
  endfacet
  facet normal 0.000000e+00 0.000000e+00 -1.000000e+00
    outer loop
      vertex   4.355112e+00 -1.567792e+01 -1.560000e+00
      vertex   2.588069e+00 -1.474113e+01 -1.560000e+00
      vertex   2.741979e+00 -1.447777e+01 -1.560000e+00
    endloop
  endfacet
  facet normal 0.000000e+00 0.000000e+00 -1.000000e+00
    outer loop
      vertex   4.355112e+00 -1.567792e+01 -1.560000e+00
      vertex   2.741979e+00 -1.447777e+01 -1.560000e+00
      vertex   2.916785e+00 -1.422779e+01 -1.560000e+00
    endloop
  endfacet
  facet normal 0.000000e+00 0.000000e+00 -1.000000e+00
    outer loop
      vertex   4.355112e+00 -1.567792e+01 -1.560000e+00
      vertex   2.916785e+00 -1.422779e+01 -1.560000e+00
      vertex   4.463186e+00 -1.550097e+01 -1.560000e+00
    endloop
  endfacet
  facet normal 0.000000e+00 0.000000e+00 -1.000000e+00
    outer loop
      vertex   4.463186e+00 -1.550097e+01 -1.560000e+00
      vertex   2.916785e+00 -1.422779e+01 -1.560000e+00
      vertex   3.111330e+00 -1.399285e+01 -1.560000e+00
    endloop
  endfacet
  facet normal 0.000000e+00 0.000000e+00 -1.000000e+00
    outer loop
      vertex   4.463186e+00 -1.550097e+01 -1.560000e+00
      vertex   3.111330e+00 -1.399285e+01 -1.560000e+00
      vertex   4.591430e+00 -1.533804e+01 -1.560000e+00
    endloop
  endfacet
  facet normal 0.000000e+00 0.000000e+00 -1.000000e+00
    outer loop
      vertex   4.591430e+00 -1.533804e+01 -1.560000e+00
      vertex   3.111330e+00 -1.399285e+01 -1.560000e+00
      vertex   3.324327e+00 -1.377449e+01 -1.560000e+00
    endloop
  endfacet
  facet normal 0.000000e+00 0.000000e+00 -1.000000e+00
    outer loop
      vertex   4.591430e+00 -1.533804e+01 -1.560000e+00
      vertex   3.324327e+00 -1.377449e+01 -1.560000e+00
      vertex   3.554366e+00 -1.357417e+01 -1.560000e+00
    endloop
  endfacet
  facet normal 0.000000e+00 0.000000e+00 -1.000000e+00
    outer loop
      vertex   4.591430e+00 -1.533804e+01 -1.560000e+00
      vertex   3.554366e+00 -1.357417e+01 -1.560000e+00
      vertex   4.738043e+00 -1.519143e+01 -1.560000e+00
    endloop
  endfacet
  facet normal 0.000000e+00 0.000000e+00 -1.000000e+00
    outer loop
      vertex   4.738043e+00 -1.519143e+01 -1.560000e+00
      vertex   3.554366e+00 -1.357417e+01 -1.560000e+00
      vertex   3.799926e+00 -1.339320e+01 -1.560000e+00
    endloop
  endfacet
  facet normal 0.000000e+00 0.000000e+00 -1.000000e+00
    outer loop
      vertex   4.738043e+00 -1.519143e+01 -1.560000e+00
      vertex   3.799926e+00 -1.339320e+01 -1.560000e+00
      vertex   4.900967e+00 -1.506319e+01 -1.560000e+00
    endloop
  endfacet
  facet normal 0.000000e+00 0.000000e+00 -1.000000e+00
    outer loop
      vertex   4.900967e+00 -1.506319e+01 -1.560000e+00
      vertex   3.799926e+00 -1.339320e+01 -1.560000e+00
      vertex   4.059382e+00 -1.323280e+01 -1.560000e+00
    endloop
  endfacet
  facet normal 0.000000e+00 0.000000e+00 -1.000000e+00
    outer loop
      vertex   4.900967e+00 -1.506319e+01 -1.560000e+00
      vertex   4.059382e+00 -1.323280e+01 -1.560000e+00
      vertex   5.077916e+00 -1.495511e+01 -1.560000e+00
    endloop
  endfacet
  facet normal 0.000000e+00 0.000000e+00 -1.000000e+00
    outer loop
      vertex   5.077916e+00 -1.495511e+01 -1.560000e+00
      vertex   4.059382e+00 -1.323280e+01 -1.560000e+00
      vertex   4.331016e+00 -1.309401e+01 -1.560000e+00
    endloop
  endfacet
  facet normal 0.000000e+00 0.000000e+00 -1.000000e+00
    outer loop
      vertex   5.077916e+00 -1.495511e+01 -1.560000e+00
      vertex   4.331016e+00 -1.309401e+01 -1.560000e+00
      vertex   4.613031e+00 -1.297776e+01 -1.560000e+00
    endloop
  endfacet
  facet normal 0.000000e+00 0.000000e+00 -1.000000e+00
    outer loop
      vertex   5.077916e+00 -1.495511e+01 -1.560000e+00
      vertex   4.613031e+00 -1.297776e+01 -1.560000e+00
      vertex   5.266405e+00 -1.486873e+01 -1.560000e+00
    endloop
  endfacet
  facet normal 0.000000e+00 0.000000e+00 -1.000000e+00
    outer loop
      vertex   5.266405e+00 -1.486873e+01 -1.560000e+00
      vertex   4.613031e+00 -1.297776e+01 -1.560000e+00
      vertex   4.903562e+00 -1.288481e+01 -1.560000e+00
    endloop
  endfacet
  facet normal 0.000000e+00 0.000000e+00 -1.000000e+00
    outer loop
      vertex   5.266405e+00 -1.486873e+01 -1.560000e+00
      vertex   4.903562e+00 -1.288481e+01 -1.560000e+00
      vertex   5.463788e+00 -1.480524e+01 -1.560000e+00
    endloop
  endfacet
  facet normal 0.000000e+00 0.000000e+00 -1.000000e+00
    outer loop
      vertex   5.463788e+00 -1.480524e+01 -1.560000e+00
      vertex   4.903562e+00 -1.288481e+01 -1.560000e+00
      vertex   5.200687e+00 -1.281578e+01 -1.560000e+00
    endloop
  endfacet
  facet normal 0.000000e+00 0.000000e+00 -1.000000e+00
    outer loop
      vertex   5.463788e+00 -1.480524e+01 -1.560000e+00
      vertex   5.200687e+00 -1.281578e+01 -1.560000e+00
      vertex   5.667295e+00 -1.476554e+01 -1.560000e+00
    endloop
  endfacet
  facet normal 0.000000e+00 0.000000e+00 -1.000000e+00
    outer loop
      vertex   5.667295e+00 -1.476554e+01 -1.560000e+00
      vertex   5.200687e+00 -1.281578e+01 -1.560000e+00
      vertex   5.502438e+00 -1.277113e+01 -1.560000e+00
    endloop
  endfacet
  facet normal 0.000000e+00 0.000000e+00 -1.000000e+00
    outer loop
      vertex   5.667295e+00 -1.476554e+01 -1.560000e+00
      vertex   5.502438e+00 -1.277113e+01 -1.560000e+00
      vertex   5.806820e+00 -1.275116e+01 -1.560000e+00
    endloop
  endfacet
  facet normal 0.000000e+00 0.000000e+00 -1.000000e+00
    outer loop
      vertex   5.667295e+00 -1.476554e+01 -1.560000e+00
      vertex   5.806820e+00 -1.275116e+01 -1.560000e+00
      vertex   5.874068e+00 -1.475019e+01 -1.560000e+00
    endloop
  endfacet
  facet normal 0.000000e+00 0.000000e+00 -1.000000e+00
    outer loop
      vertex   5.874068e+00 -1.475019e+01 -1.560000e+00
      vertex   5.806820e+00 -1.275116e+01 -1.560000e+00
      vertex   6.111819e+00 -1.275599e+01 -1.560000e+00
    endloop
  endfacet
  facet normal 0.000000e+00 0.000000e+00 -1.000000e+00
    outer loop
      vertex   5.874068e+00 -1.475019e+01 -1.560000e+00
      vertex   6.111819e+00 -1.275599e+01 -1.560000e+00
      vertex   6.081205e+00 -1.475941e+01 -1.560000e+00
    endloop
  endfacet
  facet normal 0.000000e+00 0.000000e+00 -1.000000e+00
    outer loop
      vertex   6.081205e+00 -1.475941e+01 -1.560000e+00
      vertex   6.111819e+00 -1.275599e+01 -1.560000e+00
      vertex   6.415415e+00 -1.278559e+01 -1.560000e+00
    endloop
  endfacet
  facet normal 0.000000e+00 0.000000e+00 -1.000000e+00
    outer loop
      vertex   6.081205e+00 -1.475941e+01 -1.560000e+00
      vertex   6.415415e+00 -1.278559e+01 -1.560000e+00
      vertex   6.285799e+00 -1.479306e+01 -1.560000e+00
    endloop
  endfacet
  facet normal 0.000000e+00 0.000000e+00 -1.000000e+00
    outer loop
      vertex   6.285799e+00 -1.479306e+01 -1.560000e+00
      vertex   6.415415e+00 -1.278559e+01 -1.560000e+00
      vertex   6.715602e+00 -1.283977e+01 -1.560000e+00
    endloop
  endfacet
  facet normal 0.000000e+00 0.000000e+00 -1.000000e+00
    outer loop
      vertex   6.285799e+00 -1.479306e+01 -1.560000e+00
      vertex   6.715602e+00 -1.283977e+01 -1.560000e+00
      vertex   6.484977e+00 -1.485067e+01 -1.560000e+00
    endloop
  endfacet
  facet normal 0.000000e+00 0.000000e+00 -1.000000e+00
    outer loop
      vertex   6.484977e+00 -1.485067e+01 -1.560000e+00
      vertex   6.715602e+00 -1.283977e+01 -1.560000e+00
      vertex   7.010392e+00 -1.291817e+01 -1.560000e+00
    endloop
  endfacet
  facet normal 0.000000e+00 0.000000e+00 -1.000000e+00
    outer loop
      vertex   6.484977e+00 -1.485067e+01 -1.560000e+00
      vertex   7.010392e+00 -1.291817e+01 -1.560000e+00
      vertex   6.675943e+00 -1.493143e+01 -1.560000e+00
    endloop
  endfacet
  facet normal 0.000000e+00 0.000000e+00 -1.000000e+00
    outer loop
      vertex   6.675943e+00 -1.493143e+01 -1.560000e+00
      vertex   7.010392e+00 -1.291817e+01 -1.560000e+00
      vertex   6.856016e+00 -1.503421e+01 -1.560000e+00
    endloop
  endfacet
  facet normal 0.000000e+00 0.000000e+00 -1.000000e+00
    outer loop
      vertex   6.856016e+00 -1.503421e+01 -1.560000e+00
      vertex   7.010392e+00 -1.291817e+01 -1.560000e+00
      vertex   7.216524e+00 -1.283716e+01 -1.560000e+00
    endloop
  endfacet
  facet normal 0.000000e+00 0.000000e+00 -1.000000e+00
    outer loop
      vertex   6.856016e+00 -1.503421e+01 -1.560000e+00
      vertex   7.216524e+00 -1.283716e+01 -1.560000e+00
      vertex   7.022670e+00 -1.515757e+01 -1.560000e+00
    endloop
  endfacet
  facet normal 0.000000e+00 0.000000e+00 -1.000000e+00
    outer loop
      vertex   7.022670e+00 -1.515757e+01 -1.560000e+00
      vertex   7.216524e+00 -1.283716e+01 -1.560000e+00
      vertex   7.414678e+00 -1.273823e+01 -1.560000e+00
    endloop
  endfacet
  facet normal 0.000000e+00 0.000000e+00 -1.000000e+00
    outer loop
      vertex   7.022670e+00 -1.515757e+01 -1.560000e+00
      vertex   7.414678e+00 -1.273823e+01 -1.560000e+00
      vertex   7.173563e+00 -1.529978e+01 -1.560000e+00
    endloop
  endfacet
  facet normal 0.000000e+00 0.000000e+00 -1.000000e+00
    outer loop
      vertex   7.173563e+00 -1.529978e+01 -1.560000e+00
      vertex   7.414678e+00 -1.273823e+01 -1.560000e+00
      vertex   7.603299e+00 -1.262216e+01 -1.560000e+00
    endloop
  endfacet
  facet normal 0.000000e+00 0.000000e+00 -1.000000e+00
    outer loop
      vertex   7.173563e+00 -1.529978e+01 -1.560000e+00
      vertex   7.603299e+00 -1.262216e+01 -1.560000e+00
      vertex   7.306578e+00 -1.545883e+01 -1.560000e+00
    endloop
  endfacet
  facet normal 0.000000e+00 0.000000e+00 -1.000000e+00
    outer loop
      vertex   7.306578e+00 -1.545883e+01 -1.560000e+00
      vertex   7.603299e+00 -1.262216e+01 -1.560000e+00
      vertex   7.780906e+00 -1.248984e+01 -1.560000e+00
    endloop
  endfacet
  facet normal 0.000000e+00 0.000000e+00 -1.000000e+00
    outer loop
      vertex   7.306578e+00 -1.545883e+01 -1.560000e+00
      vertex   7.780906e+00 -1.248984e+01 -1.560000e+00
      vertex   7.419848e+00 -1.563250e+01 -1.560000e+00
    endloop
  endfacet
  facet normal 0.000000e+00 0.000000e+00 -1.000000e+00
    outer loop
      vertex   7.419848e+00 -1.563250e+01 -1.560000e+00
      vertex   7.780906e+00 -1.248984e+01 -1.560000e+00
      vertex   7.946106e+00 -1.234232e+01 -1.560000e+00
    endloop
  endfacet
  facet normal 0.000000e+00 0.000000e+00 -1.000000e+00
    outer loop
      vertex   7.419848e+00 -1.563250e+01 -1.560000e+00
      vertex   7.946106e+00 -1.234232e+01 -1.560000e+00
      vertex   1.160000e+01 -1.264359e+01 -1.560000e+00
    endloop
  endfacet
  facet normal 0.000000e+00 0.000000e+00 -1.000000e+00
    outer loop
      vertex   1.160000e+01 -1.264359e+01 -1.560000e+00
      vertex   7.946106e+00 -1.234232e+01 -1.560000e+00
      vertex   8.097602e+00 -1.218077e+01 -1.560000e+00
    endloop
  endfacet
  facet normal 0.000000e+00 0.000000e+00 -1.000000e+00
    outer loop
      vertex   1.160000e+01 -1.264359e+01 -1.560000e+00
      vertex   8.097602e+00 -1.218077e+01 -1.560000e+00
      vertex   8.234205e+00 -1.200643e+01 -1.560000e+00
    endloop
  endfacet
  facet normal 0.000000e+00 0.000000e+00 -1.000000e+00
    outer loop
      vertex   8.234205e+00 -1.200643e+01 -1.560000e+00
      vertex   8.354843e+00 -1.182070e+01 -1.560000e+00
      vertex   1.160000e+01 -1.264359e+01 -1.560000e+00
    endloop
  endfacet
  facet normal 0.000000e+00 0.000000e+00 -1.000000e+00
    outer loop
      vertex   1.160000e+01 -1.264359e+01 -1.560000e+00
      vertex   8.354843e+00 -1.182070e+01 -1.560000e+00
      vertex   8.458569e+00 -1.162501e+01 -1.560000e+00
    endloop
  endfacet
  facet normal 0.000000e+00 0.000000e+00 -1.000000e+00
    outer loop
      vertex   1.160000e+01 -1.264359e+01 -1.560000e+00
      vertex   8.458569e+00 -1.162501e+01 -1.560000e+00
      vertex   1.160608e+01 -1.257413e+01 -1.560000e+00
    endloop
  endfacet
  facet normal 0.000000e+00 0.000000e+00 -1.000000e+00
    outer loop
      vertex   1.160608e+01 -1.257413e+01 -1.560000e+00
      vertex   8.458569e+00 -1.162501e+01 -1.560000e+00
      vertex   8.544569e+00 -1.142091e+01 -1.560000e+00
    endloop
  endfacet
  facet normal 0.000000e+00 0.000000e+00 -1.000000e+00
    outer loop
      vertex   1.160608e+01 -1.257413e+01 -1.560000e+00
      vertex   8.544569e+00 -1.142091e+01 -1.560000e+00
      vertex   1.162412e+01 -1.250679e+01 -1.560000e+00
    endloop
  endfacet
  facet normal 0.000000e+00 0.000000e+00 -1.000000e+00
    outer loop
      vertex   1.162412e+01 -1.250679e+01 -1.560000e+00
      vertex   8.544569e+00 -1.142091e+01 -1.560000e+00
      vertex   8.612168e+00 -1.121000e+01 -1.560000e+00
    endloop
  endfacet
  facet normal 0.000000e+00 0.000000e+00 -1.000000e+00
    outer loop
      vertex   1.162412e+01 -1.250679e+01 -1.560000e+00
      vertex   8.612168e+00 -1.121000e+01 -1.560000e+00
      vertex   1.165359e+01 -1.244359e+01 -1.560000e+00
    endloop
  endfacet
  facet normal 0.000000e+00 0.000000e+00 -1.000000e+00
    outer loop
      vertex   1.165359e+01 -1.244359e+01 -1.560000e+00
      vertex   8.612168e+00 -1.121000e+01 -1.560000e+00
      vertex   8.660835e+00 -1.099394e+01 -1.560000e+00
    endloop
  endfacet
  facet normal 0.000000e+00 0.000000e+00 -1.000000e+00
    outer loop
      vertex   1.165359e+01 -1.244359e+01 -1.560000e+00
      vertex   8.660835e+00 -1.099394e+01 -1.560000e+00
      vertex   1.169358e+01 -1.238648e+01 -1.560000e+00
    endloop
  endfacet
  facet normal 0.000000e+00 0.000000e+00 -1.000000e+00
    outer loop
      vertex   1.169358e+01 -1.238648e+01 -1.560000e+00
      vertex   8.660835e+00 -1.099394e+01 -1.560000e+00
      vertex   8.690190e+00 -1.077442e+01 -1.560000e+00
    endloop
  endfacet
  facet normal 0.000000e+00 0.000000e+00 -1.000000e+00
    outer loop
      vertex   1.169358e+01 -1.238648e+01 -1.560000e+00
      vertex   8.690190e+00 -1.077442e+01 -1.560000e+00
      vertex   1.174289e+01 -1.233718e+01 -1.560000e+00
    endloop
  endfacet
  facet normal 0.000000e+00 0.000000e+00 -1.000000e+00
    outer loop
      vertex   1.174289e+01 -1.233718e+01 -1.560000e+00
      vertex   8.690190e+00 -1.077442e+01 -1.560000e+00
      vertex   8.700000e+00 -1.055316e+01 -1.560000e+00
    endloop
  endfacet
  facet normal 0.000000e+00 0.000000e+00 -1.000000e+00
    outer loop
      vertex   1.174289e+01 -1.233718e+01 -1.560000e+00
      vertex   8.700000e+00 -1.055316e+01 -1.560000e+00
      vertex   1.180000e+01 -1.229718e+01 -1.560000e+00
    endloop
  endfacet
  facet normal 0.000000e+00 0.000000e+00 -1.000000e+00
    outer loop
      vertex   1.180000e+01 -1.229718e+01 -1.560000e+00
      vertex   8.700000e+00 -1.055316e+01 -1.560000e+00
      vertex   1.186319e+01 -1.226772e+01 -1.560000e+00
    endloop
  endfacet
  facet normal 0.000000e+00 0.000000e+00 -1.000000e+00
    outer loop
      vertex   1.186319e+01 -1.226772e+01 -1.560000e+00
      vertex   8.700000e+00 -1.055316e+01 -1.560000e+00
      vertex   1.336462e+01 -1.010000e+01 -1.560000e+00
    endloop
  endfacet
  facet normal 0.000000e+00 0.000000e+00 -1.000000e+00
    outer loop
      vertex   1.186319e+01 -1.226772e+01 -1.560000e+00
      vertex   1.336462e+01 -1.010000e+01 -1.560000e+00
      vertex   1.193054e+01 -1.224967e+01 -1.560000e+00
    endloop
  endfacet
  facet normal 0.000000e+00 0.000000e+00 -1.000000e+00
    outer loop
      vertex   1.193054e+01 -1.224967e+01 -1.560000e+00
      vertex   1.336462e+01 -1.010000e+01 -1.560000e+00
      vertex   1.337069e+01 -1.016946e+01 -1.560000e+00
    endloop
  endfacet
  facet normal 0.000000e+00 0.000000e+00 -1.000000e+00
    outer loop
      vertex   1.193054e+01 -1.224967e+01 -1.560000e+00
      vertex   1.337069e+01 -1.016946e+01 -1.560000e+00
      vertex   1.200000e+01 -1.224359e+01 -1.560000e+00
    endloop
  endfacet
  facet normal 0.000000e+00 0.000000e+00 -1.000000e+00
    outer loop
      vertex   1.200000e+01 -1.224359e+01 -1.560000e+00
      vertex   1.337069e+01 -1.016946e+01 -1.560000e+00
      vertex   1.338874e+01 -1.023681e+01 -1.560000e+00
    endloop
  endfacet
  facet normal 0.000000e+00 0.000000e+00 -1.000000e+00
    outer loop
      vertex   1.200000e+01 -1.224359e+01 -1.560000e+00
      vertex   1.338874e+01 -1.023681e+01 -1.560000e+00
      vertex   1.206946e+01 -1.224967e+01 -1.560000e+00
    endloop
  endfacet
  facet normal 0.000000e+00 0.000000e+00 -1.000000e+00
    outer loop
      vertex   1.206946e+01 -1.224967e+01 -1.560000e+00
      vertex   1.338874e+01 -1.023681e+01 -1.560000e+00
      vertex   1.341821e+01 -1.030000e+01 -1.560000e+00
    endloop
  endfacet
  facet normal 0.000000e+00 0.000000e+00 -1.000000e+00
    outer loop
      vertex   1.206946e+01 -1.224967e+01 -1.560000e+00
      vertex   1.341821e+01 -1.030000e+01 -1.560000e+00
      vertex   1.213681e+01 -1.226772e+01 -1.560000e+00
    endloop
  endfacet
  facet normal 0.000000e+00 0.000000e+00 -1.000000e+00
    outer loop
      vertex   1.213681e+01 -1.226772e+01 -1.560000e+00
      vertex   1.341821e+01 -1.030000e+01 -1.560000e+00
      vertex   1.220000e+01 -1.229718e+01 -1.560000e+00
    endloop
  endfacet
  facet normal 0.000000e+00 0.000000e+00 -1.000000e+00
    outer loop
      vertex   1.220000e+01 -1.229718e+01 -1.560000e+00
      vertex   1.341821e+01 -1.030000e+01 -1.560000e+00
      vertex   1.225712e+01 -1.233718e+01 -1.560000e+00
    endloop
  endfacet
  facet normal 0.000000e+00 0.000000e+00 -1.000000e+00
    outer loop
      vertex   1.225712e+01 -1.233718e+01 -1.560000e+00
      vertex   1.341821e+01 -1.030000e+01 -1.560000e+00
      vertex   1.230642e+01 -1.238648e+01 -1.560000e+00
    endloop
  endfacet
  facet normal 0.000000e+00 0.000000e+00 -1.000000e+00
    outer loop
      vertex   1.230642e+01 -1.238648e+01 -1.560000e+00
      vertex   1.341821e+01 -1.030000e+01 -1.560000e+00
      vertex   1.234641e+01 -1.244359e+01 -1.560000e+00
    endloop
  endfacet
  facet normal 0.000000e+00 0.000000e+00 -1.000000e+00
    outer loop
      vertex   1.234641e+01 -1.244359e+01 -1.560000e+00
      vertex   1.341821e+01 -1.030000e+01 -1.560000e+00
      vertex   1.965359e+01 -2.110000e+01 -1.560000e+00
    endloop
  endfacet
  facet normal 0.000000e+00 0.000000e+00 -1.000000e+00
    outer loop
      vertex   1.234641e+01 -1.244359e+01 -1.560000e+00
      vertex   1.965359e+01 -2.110000e+01 -1.560000e+00
      vertex   1.965359e+01 -2.510000e+01 -1.560000e+00
    endloop
  endfacet
  facet normal 0.000000e+00 0.000000e+00 -1.000000e+00
    outer loop
      vertex   1.965359e+01 -2.510000e+01 -1.560000e+00
      vertex   1.965359e+01 -2.110000e+01 -1.560000e+00
      vertex   1.969358e+01 -2.115712e+01 -1.560000e+00
    endloop
  endfacet
  facet normal 0.000000e+00 0.000000e+00 -1.000000e+00
    outer loop
      vertex   1.965359e+01 -2.510000e+01 -1.560000e+00
      vertex   1.969358e+01 -2.115712e+01 -1.560000e+00
      vertex   1.974289e+01 -2.120642e+01 -1.560000e+00
    endloop
  endfacet
  facet normal 0.000000e+00 0.000000e+00 -1.000000e+00
    outer loop
      vertex   8.700000e+00 -1.400001e+00 -1.560000e+00
      vertex   1.160000e+01 -6.100000e+00 -1.560000e+00
      vertex   8.700000e+00 -1.055316e+01 -1.560000e+00
    endloop
  endfacet
  facet normal 0.000000e+00 0.000000e+00 -1.000000e+00
    outer loop
      vertex   8.700000e+00 -1.055316e+01 -1.560000e+00
      vertex   1.160000e+01 -6.100000e+00 -1.560000e+00
      vertex   1.160000e+01 -7.300000e+00 -1.560000e+00
    endloop
  endfacet
  facet normal 0.000000e+00 0.000000e+00 -1.000000e+00
    outer loop
      vertex   8.700000e+00 -1.055316e+01 -1.560000e+00
      vertex   1.160000e+01 -7.300000e+00 -1.560000e+00
      vertex   1.160608e+01 -7.369459e+00 -1.560000e+00
    endloop
  endfacet
  facet normal 0.000000e+00 -0.000000e+00 -1.000000e+00
    outer loop
      vertex   8.711977e+00 -1.217264e+00 -1.560000e+00
      vertex   8.747703e+00 -1.037654e+00 -1.560000e+00
      vertex   8.700000e+00 -1.400001e+00 -1.560000e+00
    endloop
  endfacet
  facet normal 0.000000e+00 0.000000e+00 -1.000000e+00
    outer loop
      vertex   8.700000e+00 -1.400001e+00 -1.560000e+00
      vertex   8.747703e+00 -1.037654e+00 -1.560000e+00
      vertex   8.806569e+00 -8.642443e-01 -1.560000e+00
    endloop
  endfacet
  facet normal 0.000000e+00 0.000000e+00 -1.000000e+00
    outer loop
      vertex   8.700000e+00 -1.400001e+00 -1.560000e+00
      vertex   8.806569e+00 -8.642443e-01 -1.560000e+00
      vertex   8.887565e+00 -7.000010e-01 -1.560000e+00
    endloop
  endfacet
  facet normal 0.000000e+00 -0.000000e+00 -1.000000e+00
    outer loop
      vertex   8.887565e+00 -7.000010e-01 -1.560000e+00
      vertex   8.989305e+00 -5.477351e-01 -1.560000e+00
      vertex   8.700000e+00 -1.400001e+00 -1.560000e+00
    endloop
  endfacet
  facet normal 0.000000e+00 0.000000e+00 -1.000000e+00
    outer loop
      vertex   8.700000e+00 -1.400001e+00 -1.560000e+00
      vertex   8.989305e+00 -5.477351e-01 -1.560000e+00
      vertex   9.110050e+00 -4.100516e-01 -1.560000e+00
    endloop
  endfacet
  facet normal 0.000000e+00 0.000000e+00 -1.000000e+00
    outer loop
      vertex   8.700000e+00 -1.400001e+00 -1.560000e+00
      vertex   9.110050e+00 -4.100516e-01 -1.560000e+00
      vertex   9.247734e+00 -2.893064e-01 -1.560000e+00
    endloop
  endfacet
  facet normal 0.000000e+00 -0.000000e+00 -1.000000e+00
    outer loop
      vertex   9.247734e+00 -2.893064e-01 -1.560000e+00
      vertex   9.400000e+00 -1.875655e-01 -1.560000e+00
      vertex   8.700000e+00 -1.400001e+00 -1.560000e+00
    endloop
  endfacet
  facet normal 0.000000e+00 0.000000e+00 -1.000000e+00
    outer loop
      vertex   8.700000e+00 -1.400001e+00 -1.560000e+00
      vertex   9.400000e+00 -1.875655e-01 -1.560000e+00
      vertex   9.564244e+00 -1.065697e-01 -1.560000e+00
    endloop
  endfacet
  facet normal 0.000000e+00 0.000000e+00 -1.000000e+00
    outer loop
      vertex   8.700000e+00 -1.400001e+00 -1.560000e+00
      vertex   9.564244e+00 -1.065697e-01 -1.560000e+00
      vertex   9.737654e+00 -4.770493e-02 -1.560000e+00
    endloop
  endfacet
  facet normal 0.000000e+00 -0.000000e+00 -1.000000e+00
    outer loop
      vertex   9.737654e+00 -4.770493e-02 -1.560000e+00
      vertex   9.917263e+00 -1.197827e-02 -1.560000e+00
      vertex   8.700000e+00 -1.400001e+00 -1.560000e+00
    endloop
  endfacet
  facet normal 0.000000e+00 0.000000e+00 -1.000000e+00
    outer loop
      vertex   8.700000e+00 -1.400001e+00 -1.560000e+00
      vertex   9.917263e+00 -1.197827e-02 -1.560000e+00
      vertex   1.010000e+01 -1.080510e-06 -1.560000e+00
    endloop
  endfacet
  facet normal 0.000000e+00 0.000000e+00 -1.000000e+00
    outer loop
      vertex   8.700000e+00 -1.400001e+00 -1.560000e+00
      vertex   1.010000e+01 -1.080510e-06 -1.560000e+00
      vertex   1.120000e+01 -1.080509e-06 -1.560000e+00
    endloop
  endfacet
  facet normal 0.000000e+00 0.000000e+00 -1.000000e+00
    outer loop
      vertex   1.120000e+01 9.999990e-01 -1.560000e+00
      vertex   1.160000e+01 1.399999e+00 -1.560000e+00
      vertex   1.120000e+01 -1.080509e-06 -1.560000e+00
    endloop
  endfacet
  facet normal 0.000000e+00 0.000000e+00 -1.000000e+00
    outer loop
      vertex   1.120000e+01 -1.080509e-06 -1.560000e+00
      vertex   1.160000e+01 1.399999e+00 -1.560000e+00
      vertex   1.200000e+01 -5.700000e+00 -1.560000e+00
    endloop
  endfacet
  facet normal 0.000000e+00 0.000000e+00 -1.000000e+00
    outer loop
      vertex   1.120000e+01 -1.080509e-06 -1.560000e+00
      vertex   1.200000e+01 -5.700000e+00 -1.560000e+00
      vertex   1.193054e+01 -5.706077e+00 -1.560000e+00
    endloop
  endfacet
  facet normal 0.000000e+00 -0.000000e+00 -1.000000e+00
    outer loop
      vertex   1.120608e+01 1.069458e+00 -1.560000e+00
      vertex   1.122412e+01 1.136807e+00 -1.560000e+00
      vertex   1.120000e+01 9.999990e-01 -1.560000e+00
    endloop
  endfacet
  facet normal 0.000000e+00 0.000000e+00 -1.000000e+00
    outer loop
      vertex   1.120000e+01 9.999990e-01 -1.560000e+00
      vertex   1.122412e+01 1.136807e+00 -1.560000e+00
      vertex   1.125359e+01 1.199999e+00 -1.560000e+00
    endloop
  endfacet
  facet normal 0.000000e+00 0.000000e+00 -1.000000e+00
    outer loop
      vertex   1.120000e+01 9.999990e-01 -1.560000e+00
      vertex   1.125359e+01 1.199999e+00 -1.560000e+00
      vertex   1.129358e+01 1.257114e+00 -1.560000e+00
    endloop
  endfacet
  facet normal 0.000000e+00 -0.000000e+00 -1.000000e+00
    outer loop
      vertex   1.129358e+01 1.257114e+00 -1.560000e+00
      vertex   1.134289e+01 1.306417e+00 -1.560000e+00
      vertex   1.120000e+01 9.999990e-01 -1.560000e+00
    endloop
  endfacet
  facet normal 0.000000e+00 0.000000e+00 -1.000000e+00
    outer loop
      vertex   1.120000e+01 9.999990e-01 -1.560000e+00
      vertex   1.134289e+01 1.306417e+00 -1.560000e+00
      vertex   1.140000e+01 1.346409e+00 -1.560000e+00
    endloop
  endfacet
  facet normal 0.000000e+00 0.000000e+00 -1.000000e+00
    outer loop
      vertex   1.120000e+01 9.999990e-01 -1.560000e+00
      vertex   1.140000e+01 1.346409e+00 -1.560000e+00
      vertex   1.146319e+01 1.375876e+00 -1.560000e+00
    endloop
  endfacet
  facet normal 0.000000e+00 -0.000000e+00 -1.000000e+00
    outer loop
      vertex   1.146319e+01 1.375876e+00 -1.560000e+00
      vertex   1.153054e+01 1.393922e+00 -1.560000e+00
      vertex   1.120000e+01 9.999990e-01 -1.560000e+00
    endloop
  endfacet
  facet normal 0.000000e+00 0.000000e+00 -1.000000e+00
    outer loop
      vertex   1.120000e+01 9.999990e-01 -1.560000e+00
      vertex   1.153054e+01 1.393922e+00 -1.560000e+00
      vertex   1.160000e+01 1.399999e+00 -1.560000e+00
    endloop
  endfacet
  facet normal 0.000000e+00 0.000000e+00 -1.000000e+00
    outer loop
      vertex   1.160000e+01 1.399999e+00 -1.560000e+00
      vertex   2.840000e+01 1.399999e+00 -1.560000e+00
      vertex   1.200000e+01 -5.700000e+00 -1.560000e+00
    endloop
  endfacet
  facet normal 0.000000e+00 0.000000e+00 -1.000000e+00
    outer loop
      vertex   1.200000e+01 -5.700000e+00 -1.560000e+00
      vertex   2.840000e+01 1.399999e+00 -1.560000e+00
      vertex   2.800000e+01 -5.700000e+00 -1.560000e+00
    endloop
  endfacet
  facet normal 0.000000e+00 0.000000e+00 -1.000000e+00
    outer loop
      vertex   2.800000e+01 -5.700000e+00 -1.560000e+00
      vertex   2.840000e+01 1.399999e+00 -1.560000e+00
      vertex   2.880000e+01 -1.080509e-06 -1.560000e+00
    endloop
  endfacet
  facet normal 0.000000e+00 0.000000e+00 -1.000000e+00
    outer loop
      vertex   2.800000e+01 -5.700000e+00 -1.560000e+00
      vertex   2.880000e+01 -1.080509e-06 -1.560000e+00
      vertex   2.806946e+01 -5.706077e+00 -1.560000e+00
    endloop
  endfacet
  facet normal 0.000000e+00 0.000000e+00 -1.000000e+00
    outer loop
      vertex   2.806946e+01 -5.706077e+00 -1.560000e+00
      vertex   2.880000e+01 -1.080509e-06 -1.560000e+00
      vertex   2.813681e+01 -5.724123e+00 -1.560000e+00
    endloop
  endfacet
  facet normal 0.000000e+00 0.000000e+00 -1.000000e+00
    outer loop
      vertex   2.813681e+01 -5.724123e+00 -1.560000e+00
      vertex   2.880000e+01 -1.080509e-06 -1.560000e+00
      vertex   3.130000e+01 -1.400001e+00 -1.560000e+00
    endloop
  endfacet
  facet normal 0.000000e+00 0.000000e+00 -1.000000e+00
    outer loop
      vertex   2.813681e+01 -5.724123e+00 -1.560000e+00
      vertex   3.130000e+01 -1.400001e+00 -1.560000e+00
      vertex   2.820000e+01 -5.753590e+00 -1.560000e+00
    endloop
  endfacet
  facet normal 0.000000e+00 0.000000e+00 -1.000000e+00
    outer loop
      vertex   2.820000e+01 -5.753590e+00 -1.560000e+00
      vertex   3.130000e+01 -1.400001e+00 -1.560000e+00
      vertex   2.825711e+01 -5.793583e+00 -1.560000e+00
    endloop
  endfacet
  facet normal 0.000000e+00 0.000000e+00 -1.000000e+00
    outer loop
      vertex   2.825711e+01 -5.793583e+00 -1.560000e+00
      vertex   3.130000e+01 -1.400001e+00 -1.560000e+00
      vertex   2.830642e+01 -5.842885e+00 -1.560000e+00
    endloop
  endfacet
  facet normal 0.000000e+00 0.000000e+00 -1.000000e+00
    outer loop
      vertex   2.830642e+01 -5.842885e+00 -1.560000e+00
      vertex   3.130000e+01 -1.400001e+00 -1.560000e+00
      vertex   2.834641e+01 -5.900000e+00 -1.560000e+00
    endloop
  endfacet
  facet normal 0.000000e+00 0.000000e+00 -1.000000e+00
    outer loop
      vertex   2.834641e+01 -5.900000e+00 -1.560000e+00
      vertex   3.130000e+01 -1.400001e+00 -1.560000e+00
      vertex   2.837588e+01 -5.963192e+00 -1.560000e+00
    endloop
  endfacet
  facet normal 0.000000e+00 0.000000e+00 -1.000000e+00
    outer loop
      vertex   2.837588e+01 -5.963192e+00 -1.560000e+00
      vertex   3.130000e+01 -1.400001e+00 -1.560000e+00
      vertex   2.839392e+01 -6.030541e+00 -1.560000e+00
    endloop
  endfacet
  facet normal 0.000000e+00 0.000000e+00 -1.000000e+00
    outer loop
      vertex   2.839392e+01 -6.030541e+00 -1.560000e+00
      vertex   3.130000e+01 -1.400001e+00 -1.560000e+00
      vertex   2.840000e+01 -6.100000e+00 -1.560000e+00
    endloop
  endfacet
  facet normal 0.000000e+00 0.000000e+00 -1.000000e+00
    outer loop
      vertex   2.840000e+01 -6.100000e+00 -1.560000e+00
      vertex   3.130000e+01 -1.400001e+00 -1.560000e+00
      vertex   3.130000e+01 -1.057216e+01 -1.560000e+00
    endloop
  endfacet
  facet normal 0.000000e+00 0.000000e+00 -1.000000e+00
    outer loop
      vertex   2.840000e+01 -6.100000e+00 -1.560000e+00
      vertex   3.130000e+01 -1.057216e+01 -1.560000e+00
      vertex   2.840000e+01 -7.300000e+00 -1.560000e+00
    endloop
  endfacet
  facet normal 0.000000e+00 -0.000000e+00 -1.000000e+00
    outer loop
      vertex   2.840000e+01 -7.300000e+00 -1.560000e+00
      vertex   3.130000e+01 -1.057216e+01 -1.560000e+00
      vertex   2.839392e+01 -7.369459e+00 -1.560000e+00
    endloop
  endfacet
  facet normal 0.000000e+00 -0.000000e+00 -1.000000e+00
    outer loop
      vertex   2.839392e+01 -7.369459e+00 -1.560000e+00
      vertex   3.130000e+01 -1.057216e+01 -1.560000e+00
      vertex   2.837588e+01 -7.436808e+00 -1.560000e+00
    endloop
  endfacet
  facet normal 0.000000e+00 -0.000000e+00 -1.000000e+00
    outer loop
      vertex   2.837588e+01 -7.436808e+00 -1.560000e+00
      vertex   3.130000e+01 -1.057216e+01 -1.560000e+00
      vertex   2.834641e+01 -7.500000e+00 -1.560000e+00
    endloop
  endfacet
  facet normal 0.000000e+00 -0.000000e+00 -1.000000e+00
    outer loop
      vertex   2.834641e+01 -7.500000e+00 -1.560000e+00
      vertex   3.130000e+01 -1.057216e+01 -1.560000e+00
      vertex   2.830642e+01 -7.557115e+00 -1.560000e+00
    endloop
  endfacet
  facet normal 0.000000e+00 -0.000000e+00 -1.000000e+00
    outer loop
      vertex   2.830642e+01 -7.557115e+00 -1.560000e+00
      vertex   3.130000e+01 -1.057216e+01 -1.560000e+00
      vertex   2.825711e+01 -7.606418e+00 -1.560000e+00
    endloop
  endfacet
  facet normal 0.000000e+00 -0.000000e+00 -1.000000e+00
    outer loop
      vertex   2.825711e+01 -7.606418e+00 -1.560000e+00
      vertex   3.130000e+01 -1.057216e+01 -1.560000e+00
      vertex   2.820000e+01 -7.646410e+00 -1.560000e+00
    endloop
  endfacet
  facet normal 0.000000e+00 -0.000000e+00 -1.000000e+00
    outer loop
      vertex   2.820000e+01 -7.646410e+00 -1.560000e+00
      vertex   3.130000e+01 -1.057216e+01 -1.560000e+00
      vertex   2.813681e+01 -7.675877e+00 -1.560000e+00
    endloop
  endfacet
  facet normal 0.000000e+00 -0.000000e+00 -1.000000e+00
    outer loop
      vertex   2.813681e+01 -7.675877e+00 -1.560000e+00
      vertex   3.130000e+01 -1.057216e+01 -1.560000e+00
      vertex   2.663538e+01 -1.010000e+01 -1.560000e+00
    endloop
  endfacet
  facet normal 0.000000e+00 0.000000e+00 -1.000000e+00
    outer loop
      vertex   2.813681e+01 -7.675877e+00 -1.560000e+00
      vertex   2.663538e+01 -1.010000e+01 -1.560000e+00
      vertex   2.662931e+01 -1.003054e+01 -1.560000e+00
    endloop
  endfacet
  facet normal 0.000000e+00 0.000000e+00 -1.000000e+00
    outer loop
      vertex   2.880000e+01 -1.080509e-06 -1.560000e+00
      vertex   2.840000e+01 1.399999e+00 -1.560000e+00
      vertex   2.880000e+01 9.999990e-01 -1.560000e+00
    endloop
  endfacet
  facet normal 0.000000e+00 0.000000e+00 -1.000000e+00
    outer loop
      vertex   2.880000e+01 9.999990e-01 -1.560000e+00
      vertex   2.840000e+01 1.399999e+00 -1.560000e+00
      vertex   2.846946e+01 1.393922e+00 -1.560000e+00
    endloop
  endfacet
  facet normal 0.000000e+00 0.000000e+00 -1.000000e+00
    outer loop
      vertex   2.880000e+01 9.999990e-01 -1.560000e+00
      vertex   2.846946e+01 1.393922e+00 -1.560000e+00
      vertex   2.853681e+01 1.375876e+00 -1.560000e+00
    endloop
  endfacet
  facet normal 0.000000e+00 0.000000e+00 -1.000000e+00
    outer loop
      vertex   2.853681e+01 1.375876e+00 -1.560000e+00
      vertex   2.860000e+01 1.346409e+00 -1.560000e+00
      vertex   2.880000e+01 9.999990e-01 -1.560000e+00
    endloop
  endfacet
  facet normal 0.000000e+00 0.000000e+00 -1.000000e+00
    outer loop
      vertex   2.880000e+01 9.999990e-01 -1.560000e+00
      vertex   2.860000e+01 1.346409e+00 -1.560000e+00
      vertex   2.865712e+01 1.306417e+00 -1.560000e+00
    endloop
  endfacet
  facet normal 0.000000e+00 0.000000e+00 -1.000000e+00
    outer loop
      vertex   2.880000e+01 9.999990e-01 -1.560000e+00
      vertex   2.865712e+01 1.306417e+00 -1.560000e+00
      vertex   2.870642e+01 1.257114e+00 -1.560000e+00
    endloop
  endfacet
  facet normal 0.000000e+00 0.000000e+00 -1.000000e+00
    outer loop
      vertex   2.870642e+01 1.257114e+00 -1.560000e+00
      vertex   2.874641e+01 1.199999e+00 -1.560000e+00
      vertex   2.880000e+01 9.999990e-01 -1.560000e+00
    endloop
  endfacet
  facet normal 0.000000e+00 0.000000e+00 -1.000000e+00
    outer loop
      vertex   2.880000e+01 9.999990e-01 -1.560000e+00
      vertex   2.874641e+01 1.199999e+00 -1.560000e+00
      vertex   2.877588e+01 1.136807e+00 -1.560000e+00
    endloop
  endfacet
  facet normal 0.000000e+00 0.000000e+00 -1.000000e+00
    outer loop
      vertex   2.880000e+01 9.999990e-01 -1.560000e+00
      vertex   2.877588e+01 1.136807e+00 -1.560000e+00
      vertex   2.879392e+01 1.069458e+00 -1.560000e+00
    endloop
  endfacet
  facet normal 0.000000e+00 0.000000e+00 -1.000000e+00
    outer loop
      vertex   2.880000e+01 -1.080509e-06 -1.560000e+00
      vertex   2.990000e+01 -1.080509e-06 -1.560000e+00
      vertex   3.130000e+01 -1.400001e+00 -1.560000e+00
    endloop
  endfacet
  facet normal 0.000000e+00 0.000000e+00 -1.000000e+00
    outer loop
      vertex   3.130000e+01 -1.400001e+00 -1.560000e+00
      vertex   2.990000e+01 -1.080509e-06 -1.560000e+00
      vertex   3.008274e+01 -1.197827e-02 -1.560000e+00
    endloop
  endfacet
  facet normal 0.000000e+00 0.000000e+00 -1.000000e+00
    outer loop
      vertex   3.130000e+01 -1.400001e+00 -1.560000e+00
      vertex   3.008274e+01 -1.197827e-02 -1.560000e+00
      vertex   3.026235e+01 -4.770493e-02 -1.560000e+00
    endloop
  endfacet
  facet normal 0.000000e+00 0.000000e+00 -1.000000e+00
    outer loop
      vertex   3.026235e+01 -4.770493e-02 -1.560000e+00
      vertex   3.043576e+01 -1.065697e-01 -1.560000e+00
      vertex   3.130000e+01 -1.400001e+00 -1.560000e+00
    endloop
  endfacet
  facet normal 0.000000e+00 0.000000e+00 -1.000000e+00
    outer loop
      vertex   3.130000e+01 -1.400001e+00 -1.560000e+00
      vertex   3.043576e+01 -1.065697e-01 -1.560000e+00
      vertex   3.060000e+01 -1.875655e-01 -1.560000e+00
    endloop
  endfacet
  facet normal 0.000000e+00 0.000000e+00 -1.000000e+00
    outer loop
      vertex   3.130000e+01 -1.400001e+00 -1.560000e+00
      vertex   3.060000e+01 -1.875655e-01 -1.560000e+00
      vertex   3.075227e+01 -2.893064e-01 -1.560000e+00
    endloop
  endfacet
  facet normal 0.000000e+00 0.000000e+00 -1.000000e+00
    outer loop
      vertex   3.075227e+01 -2.893064e-01 -1.560000e+00
      vertex   3.088995e+01 -4.100516e-01 -1.560000e+00
      vertex   3.130000e+01 -1.400001e+00 -1.560000e+00
    endloop
  endfacet
  facet normal 0.000000e+00 0.000000e+00 -1.000000e+00
    outer loop
      vertex   3.130000e+01 -1.400001e+00 -1.560000e+00
      vertex   3.088995e+01 -4.100516e-01 -1.560000e+00
      vertex   3.101069e+01 -5.477351e-01 -1.560000e+00
    endloop
  endfacet
  facet normal 0.000000e+00 0.000000e+00 -1.000000e+00
    outer loop
      vertex   3.130000e+01 -1.400001e+00 -1.560000e+00
      vertex   3.101069e+01 -5.477351e-01 -1.560000e+00
      vertex   3.111244e+01 -7.000010e-01 -1.560000e+00
    endloop
  endfacet
  facet normal 0.000000e+00 0.000000e+00 -1.000000e+00
    outer loop
      vertex   3.111244e+01 -7.000010e-01 -1.560000e+00
      vertex   3.119343e+01 -8.642443e-01 -1.560000e+00
      vertex   3.130000e+01 -1.400001e+00 -1.560000e+00
    endloop
  endfacet
  facet normal 0.000000e+00 0.000000e+00 -1.000000e+00
    outer loop
      vertex   3.130000e+01 -1.400001e+00 -1.560000e+00
      vertex   3.119343e+01 -8.642443e-01 -1.560000e+00
      vertex   3.125230e+01 -1.037654e+00 -1.560000e+00
    endloop
  endfacet
  facet normal 0.000000e+00 0.000000e+00 -1.000000e+00
    outer loop
      vertex   3.130000e+01 -1.400001e+00 -1.560000e+00
      vertex   3.125230e+01 -1.037654e+00 -1.560000e+00
      vertex   3.128802e+01 -1.217264e+00 -1.560000e+00
    endloop
  endfacet
  facet normal 0.000000e+00 0.000000e+00 -1.000000e+00
    outer loop
      vertex   7.645199e+00 -1.662955e+01 -1.560000e+00
      vertex   7.648271e+00 -1.642223e+01 -1.560000e+00
      vertex   1.160000e+01 -1.264359e+01 -1.560000e+00
    endloop
  endfacet
  facet normal 0.000000e+00 0.000000e+00 -1.000000e+00
    outer loop
      vertex   1.160000e+01 -1.264359e+01 -1.560000e+00
      vertex   7.648271e+00 -1.642223e+01 -1.560000e+00
      vertex   7.626802e+00 -1.621600e+01 -1.560000e+00
    endloop
  endfacet
  facet normal 0.000000e+00 0.000000e+00 -1.000000e+00
    outer loop
      vertex   1.160000e+01 -1.264359e+01 -1.560000e+00
      vertex   7.626802e+00 -1.621600e+01 -1.560000e+00
      vertex   7.581092e+00 -1.601376e+01 -1.560000e+00
    endloop
  endfacet
  facet normal 0.000000e+00 0.000000e+00 -1.000000e+00
    outer loop
      vertex   7.581092e+00 -1.601376e+01 -1.560000e+00
      vertex   7.511783e+00 -1.581834e+01 -1.560000e+00
      vertex   1.160000e+01 -1.264359e+01 -1.560000e+00
    endloop
  endfacet
  facet normal 0.000000e+00 0.000000e+00 -1.000000e+00
    outer loop
      vertex   1.160000e+01 -1.264359e+01 -1.560000e+00
      vertex   7.511783e+00 -1.581834e+01 -1.560000e+00
      vertex   7.419848e+00 -1.563250e+01 -1.560000e+00
    endloop
  endfacet
  facet normal 0.000000e+00 0.000000e+00 -1.000000e+00
    outer loop
      vertex   2.830642e+01 -3.525712e+01 -1.560000e+00
      vertex   2.834641e+01 -3.520000e+01 -1.560000e+00
      vertex   3.130000e+01 -3.690000e+01 -1.560000e+00
    endloop
  endfacet
  facet normal 0.000000e+00 0.000000e+00 -1.000000e+00
    outer loop
      vertex   3.130000e+01 -3.690000e+01 -1.560000e+00
      vertex   2.834641e+01 -3.520000e+01 -1.560000e+00
      vertex   2.837588e+01 -3.513681e+01 -1.560000e+00
    endloop
  endfacet
  facet normal 0.000000e+00 0.000000e+00 -1.000000e+00
    outer loop
      vertex   3.130000e+01 -3.690000e+01 -1.560000e+00
      vertex   2.837588e+01 -3.513681e+01 -1.560000e+00
      vertex   2.839392e+01 -3.506946e+01 -1.560000e+00
    endloop
  endfacet
  facet normal 0.000000e+00 0.000000e+00 -1.000000e+00
    outer loop
      vertex   2.839392e+01 -3.506946e+01 -1.560000e+00
      vertex   2.840000e+01 -3.500000e+01 -1.560000e+00
      vertex   3.130000e+01 -3.690000e+01 -1.560000e+00
    endloop
  endfacet
  facet normal -0.000000e+00 0.000000e+00 -1.000000e+00
    outer loop
      vertex   3.130000e+01 -1.057216e+01 -1.560000e+00
      vertex   2.813681e+01 -1.226772e+01 -1.560000e+00
      vertex   2.663538e+01 -1.010000e+01 -1.560000e+00
    endloop
  endfacet
  facet normal 0.000000e+00 0.000000e+00 -1.000000e+00
    outer loop
      vertex   2.663538e+01 -1.010000e+01 -1.560000e+00
      vertex   2.813681e+01 -1.226772e+01 -1.560000e+00
      vertex   2.806946e+01 -1.224967e+01 -1.560000e+00
    endloop
  endfacet
  facet normal 0.000000e+00 -0.000000e+00 -1.000000e+00
    outer loop
      vertex   2.663538e+01 -1.010000e+01 -1.560000e+00
      vertex   2.806946e+01 -1.224967e+01 -1.560000e+00
      vertex   2.662931e+01 -1.016946e+01 -1.560000e+00
    endloop
  endfacet
  facet normal 0.000000e+00 0.000000e+00 -1.000000e+00
    outer loop
      vertex   2.662931e+01 -1.016946e+01 -1.560000e+00
      vertex   2.806946e+01 -1.224967e+01 -1.560000e+00
      vertex   2.800000e+01 -1.224359e+01 -1.560000e+00
    endloop
  endfacet
  facet normal 0.000000e+00 -0.000000e+00 -1.000000e+00
    outer loop
      vertex   2.662931e+01 -1.016946e+01 -1.560000e+00
      vertex   2.800000e+01 -1.224359e+01 -1.560000e+00
      vertex   2.661126e+01 -1.023681e+01 -1.560000e+00
    endloop
  endfacet
  facet normal 0.000000e+00 0.000000e+00 -1.000000e+00
    outer loop
      vertex   2.661126e+01 -1.023681e+01 -1.560000e+00
      vertex   2.800000e+01 -1.224359e+01 -1.560000e+00
      vertex   2.793054e+01 -1.224967e+01 -1.560000e+00
    endloop
  endfacet
  facet normal 0.000000e+00 -0.000000e+00 -1.000000e+00
    outer loop
      vertex   2.661126e+01 -1.023681e+01 -1.560000e+00
      vertex   2.793054e+01 -1.224967e+01 -1.560000e+00
      vertex   2.658179e+01 -1.030000e+01 -1.560000e+00
    endloop
  endfacet
  facet normal 0.000000e+00 0.000000e+00 -1.000000e+00
    outer loop
      vertex   2.658179e+01 -1.030000e+01 -1.560000e+00
      vertex   2.793054e+01 -1.224967e+01 -1.560000e+00
      vertex   2.786319e+01 -1.226772e+01 -1.560000e+00
    endloop
  endfacet
  facet normal 0.000000e+00 0.000000e+00 -1.000000e+00
    outer loop
      vertex   2.658179e+01 -1.030000e+01 -1.560000e+00
      vertex   2.786319e+01 -1.226772e+01 -1.560000e+00
      vertex   2.780000e+01 -1.229718e+01 -1.560000e+00
    endloop
  endfacet
  facet normal -0.000000e+00 0.000000e+00 -1.000000e+00
    outer loop
      vertex   2.780000e+01 -1.229718e+01 -1.560000e+00
      vertex   2.774289e+01 -1.233718e+01 -1.560000e+00
      vertex   2.658179e+01 -1.030000e+01 -1.560000e+00
    endloop
  endfacet
  facet normal 0.000000e+00 0.000000e+00 -1.000000e+00
    outer loop
      vertex   2.658179e+01 -1.030000e+01 -1.560000e+00
      vertex   2.774289e+01 -1.233718e+01 -1.560000e+00
      vertex   2.769358e+01 -1.238648e+01 -1.560000e+00
    endloop
  endfacet
  facet normal 0.000000e+00 0.000000e+00 -1.000000e+00
    outer loop
      vertex   2.658179e+01 -1.030000e+01 -1.560000e+00
      vertex   2.769358e+01 -1.238648e+01 -1.560000e+00
      vertex   2.765359e+01 -1.244359e+01 -1.560000e+00
    endloop
  endfacet
  facet normal 0.000000e+00 -0.000000e+00 -1.000000e+00
    outer loop
      vertex   2.658179e+01 -1.030000e+01 -1.560000e+00
      vertex   2.765359e+01 -1.244359e+01 -1.560000e+00
      vertex   2.034641e+01 -2.110000e+01 -1.560000e+00
    endloop
  endfacet
  facet normal 0.000000e+00 0.000000e+00 -1.000000e+00
    outer loop
      vertex   2.034641e+01 -2.110000e+01 -1.560000e+00
      vertex   2.765359e+01 -1.244359e+01 -1.560000e+00
      vertex   2.034641e+01 -2.510000e+01 -1.560000e+00
    endloop
  endfacet
  facet normal 0.000000e+00 -0.000000e+00 -1.000000e+00
    outer loop
      vertex   2.034641e+01 -2.110000e+01 -1.560000e+00
      vertex   2.034641e+01 -2.510000e+01 -1.560000e+00
      vertex   2.030642e+01 -2.115712e+01 -1.560000e+00
    endloop
  endfacet
  facet normal 0.000000e+00 -0.000000e+00 -1.000000e+00
    outer loop
      vertex   2.030642e+01 -2.115712e+01 -1.560000e+00
      vertex   2.034641e+01 -2.510000e+01 -1.560000e+00
      vertex   2.025712e+01 -2.120642e+01 -1.560000e+00
    endloop
  endfacet
  facet normal 0.000000e+00 -0.000000e+00 -1.000000e+00
    outer loop
      vertex   2.025712e+01 -2.120642e+01 -1.560000e+00
      vertex   2.034641e+01 -2.510000e+01 -1.560000e+00
      vertex   2.020000e+01 -2.124641e+01 -1.560000e+00
    endloop
  endfacet
  facet normal 0.000000e+00 -0.000000e+00 -1.000000e+00
    outer loop
      vertex   2.020000e+01 -2.124641e+01 -1.560000e+00
      vertex   2.034641e+01 -2.510000e+01 -1.560000e+00
      vertex   2.013681e+01 -2.127588e+01 -1.560000e+00
    endloop
  endfacet
  facet normal 0.000000e+00 -0.000000e+00 -1.000000e+00
    outer loop
      vertex   2.013681e+01 -2.127588e+01 -1.560000e+00
      vertex   2.034641e+01 -2.510000e+01 -1.560000e+00
      vertex   2.006946e+01 -2.129392e+01 -1.560000e+00
    endloop
  endfacet
  facet normal 0.000000e+00 -0.000000e+00 -1.000000e+00
    outer loop
      vertex   2.006946e+01 -2.129392e+01 -1.560000e+00
      vertex   2.034641e+01 -2.510000e+01 -1.560000e+00
      vertex   2.000000e+01 -2.130000e+01 -1.560000e+00
    endloop
  endfacet
  facet normal 0.000000e+00 -0.000000e+00 -1.000000e+00
    outer loop
      vertex   2.000000e+01 -2.130000e+01 -1.560000e+00
      vertex   2.034641e+01 -2.510000e+01 -1.560000e+00
      vertex   1.965359e+01 -2.510000e+01 -1.560000e+00
    endloop
  endfacet
  facet normal -0.000000e+00 0.000000e+00 -1.000000e+00
    outer loop
      vertex   2.000000e+01 -2.130000e+01 -1.560000e+00
      vertex   1.965359e+01 -2.510000e+01 -1.560000e+00
      vertex   1.993054e+01 -2.129392e+01 -1.560000e+00
    endloop
  endfacet
  facet normal -0.000000e+00 0.000000e+00 -1.000000e+00
    outer loop
      vertex   1.993054e+01 -2.129392e+01 -1.560000e+00
      vertex   1.965359e+01 -2.510000e+01 -1.560000e+00
      vertex   1.986319e+01 -2.127588e+01 -1.560000e+00
    endloop
  endfacet
  facet normal -0.000000e+00 0.000000e+00 -1.000000e+00
    outer loop
      vertex   1.986319e+01 -2.127588e+01 -1.560000e+00
      vertex   1.965359e+01 -2.510000e+01 -1.560000e+00
      vertex   1.980000e+01 -2.124641e+01 -1.560000e+00
    endloop
  endfacet
  facet normal -0.000000e+00 0.000000e+00 -1.000000e+00
    outer loop
      vertex   1.980000e+01 -2.124641e+01 -1.560000e+00
      vertex   1.965359e+01 -2.510000e+01 -1.560000e+00
      vertex   1.974289e+01 -2.120642e+01 -1.560000e+00
    endloop
  endfacet
  facet normal -0.000000e+00 0.000000e+00 -1.000000e+00
    outer loop
      vertex   2.030642e+01 -2.515712e+01 -1.560000e+00
      vertex   2.025712e+01 -2.520642e+01 -1.560000e+00
      vertex   2.034641e+01 -2.510000e+01 -1.560000e+00
    endloop
  endfacet
  facet normal 0.000000e+00 0.000000e+00 -1.000000e+00
    outer loop
      vertex   2.034641e+01 -2.510000e+01 -1.560000e+00
      vertex   2.025712e+01 -2.520642e+01 -1.560000e+00
      vertex   2.020000e+01 -2.524641e+01 -1.560000e+00
    endloop
  endfacet
  facet normal 0.000000e+00 0.000000e+00 -1.000000e+00
    outer loop
      vertex   2.034641e+01 -2.510000e+01 -1.560000e+00
      vertex   2.020000e+01 -2.524641e+01 -1.560000e+00
      vertex   2.013681e+01 -2.527588e+01 -1.560000e+00
    endloop
  endfacet
  facet normal -0.000000e+00 0.000000e+00 -1.000000e+00
    outer loop
      vertex   2.013681e+01 -2.527588e+01 -1.560000e+00
      vertex   2.006946e+01 -2.529392e+01 -1.560000e+00
      vertex   2.034641e+01 -2.510000e+01 -1.560000e+00
    endloop
  endfacet
  facet normal 0.000000e+00 0.000000e+00 -1.000000e+00
    outer loop
      vertex   2.034641e+01 -2.510000e+01 -1.560000e+00
      vertex   2.006946e+01 -2.529392e+01 -1.560000e+00
      vertex   2.000000e+01 -2.530000e+01 -1.560000e+00
    endloop
  endfacet
  facet normal 0.000000e+00 0.000000e+00 -1.000000e+00
    outer loop
      vertex   2.034641e+01 -2.510000e+01 -1.560000e+00
      vertex   2.000000e+01 -2.530000e+01 -1.560000e+00
      vertex   1.993054e+01 -2.529392e+01 -1.560000e+00
    endloop
  endfacet
  facet normal 0.000000e+00 0.000000e+00 -1.000000e+00
    outer loop
      vertex   1.993054e+01 -2.529392e+01 -1.560000e+00
      vertex   1.986319e+01 -2.527588e+01 -1.560000e+00
      vertex   2.034641e+01 -2.510000e+01 -1.560000e+00
    endloop
  endfacet
  facet normal 0.000000e+00 0.000000e+00 -1.000000e+00
    outer loop
      vertex   2.034641e+01 -2.510000e+01 -1.560000e+00
      vertex   1.986319e+01 -2.527588e+01 -1.560000e+00
      vertex   1.980000e+01 -2.524641e+01 -1.560000e+00
    endloop
  endfacet
  facet normal 0.000000e+00 0.000000e+00 -1.000000e+00
    outer loop
      vertex   2.034641e+01 -2.510000e+01 -1.560000e+00
      vertex   1.980000e+01 -2.524641e+01 -1.560000e+00
      vertex   1.974289e+01 -2.520642e+01 -1.560000e+00
    endloop
  endfacet
  facet normal 0.000000e+00 0.000000e+00 -1.000000e+00
    outer loop
      vertex   1.974289e+01 -2.520642e+01 -1.560000e+00
      vertex   1.969358e+01 -2.515712e+01 -1.560000e+00
      vertex   2.034641e+01 -2.510000e+01 -1.560000e+00
    endloop
  endfacet
  facet normal -0.000000e+00 0.000000e+00 -1.000000e+00
    outer loop
      vertex   2.034641e+01 -2.510000e+01 -1.560000e+00
      vertex   1.969358e+01 -2.515712e+01 -1.560000e+00
      vertex   1.965359e+01 -2.510000e+01 -1.560000e+00
    endloop
  endfacet
  facet normal -0.000000e+00 0.000000e+00 -1.000000e+00
    outer loop
      vertex   2.800000e+01 -7.700000e+00 -1.560000e+00
      vertex   1.376462e+01 -9.700000e+00 -1.560000e+00
      vertex   1.200000e+01 -7.700000e+00 -1.560000e+00
    endloop
  endfacet
  facet normal 0.000000e+00 0.000000e+00 -1.000000e+00
    outer loop
      vertex   1.200000e+01 -7.700000e+00 -1.560000e+00
      vertex   1.376462e+01 -9.700000e+00 -1.560000e+00
      vertex   1.369516e+01 -9.706077e+00 -1.560000e+00
    endloop
  endfacet
  facet normal 0.000000e+00 0.000000e+00 -1.000000e+00
    outer loop
      vertex   1.200000e+01 -7.700000e+00 -1.560000e+00
      vertex   1.369516e+01 -9.706077e+00 -1.560000e+00
      vertex   1.362781e+01 -9.724123e+00 -1.560000e+00
    endloop
  endfacet
  facet normal 0.000000e+00 0.000000e+00 -1.000000e+00
    outer loop
      vertex   2.806946e+01 -7.693923e+00 -1.560000e+00
      vertex   2.661126e+01 -9.963192e+00 -1.560000e+00
      vertex   2.800000e+01 -7.700000e+00 -1.560000e+00
    endloop
  endfacet
  facet normal 0.000000e+00 0.000000e+00 -1.000000e+00
    outer loop
      vertex   2.800000e+01 -7.700000e+00 -1.560000e+00
      vertex   2.661126e+01 -9.963192e+00 -1.560000e+00
      vertex   2.658179e+01 -9.899999e+00 -1.560000e+00
    endloop
  endfacet
  facet normal 0.000000e+00 0.000000e+00 -1.000000e+00
    outer loop
      vertex   2.800000e+01 -7.700000e+00 -1.560000e+00
      vertex   2.658179e+01 -9.899999e+00 -1.560000e+00
      vertex   2.654180e+01 -9.842885e+00 -1.560000e+00
    endloop
  endfacet
  facet normal 0.000000e+00 0.000000e+00 -1.000000e+00
    outer loop
      vertex   2.661126e+01 -9.963192e+00 -1.560000e+00
      vertex   2.806946e+01 -7.693923e+00 -1.560000e+00
      vertex   2.662931e+01 -1.003054e+01 -1.560000e+00
    endloop
  endfacet
  facet normal 0.000000e+00 0.000000e+00 -1.000000e+00
    outer loop
      vertex   2.662931e+01 -1.003054e+01 -1.560000e+00
      vertex   2.806946e+01 -7.693923e+00 -1.560000e+00
      vertex   2.813681e+01 -7.675877e+00 -1.560000e+00
    endloop
  endfacet
  facet normal -0.000000e+00 0.000000e+00 -1.000000e+00
    outer loop
      vertex   1.193054e+01 -5.706077e+00 -1.560000e+00
      vertex   1.186319e+01 -5.724123e+00 -1.560000e+00
      vertex   1.120000e+01 -1.080509e-06 -1.560000e+00
    endloop
  endfacet
  facet normal 0.000000e+00 -0.000000e+00 -1.000000e+00
    outer loop
      vertex   1.120000e+01 -1.080509e-06 -1.560000e+00
      vertex   1.186319e+01 -5.724123e+00 -1.560000e+00
      vertex   8.700000e+00 -1.400001e+00 -1.560000e+00
    endloop
  endfacet
  facet normal -0.000000e+00 0.000000e+00 -1.000000e+00
    outer loop
      vertex   1.186319e+01 -5.724123e+00 -1.560000e+00
      vertex   1.180000e+01 -5.753590e+00 -1.560000e+00
      vertex   8.700000e+00 -1.400001e+00 -1.560000e+00
    endloop
  endfacet
  facet normal 0.000000e+00 0.000000e+00 -1.000000e+00
    outer loop
      vertex   8.700000e+00 -1.400001e+00 -1.560000e+00
      vertex   1.180000e+01 -5.753590e+00 -1.560000e+00
      vertex   1.174289e+01 -5.793583e+00 -1.560000e+00
    endloop
  endfacet
  facet normal 0.000000e+00 0.000000e+00 -1.000000e+00
    outer loop
      vertex   8.700000e+00 -1.400001e+00 -1.560000e+00
      vertex   1.174289e+01 -5.793583e+00 -1.560000e+00
      vertex   1.169358e+01 -5.842885e+00 -1.560000e+00
    endloop
  endfacet
  facet normal -0.000000e+00 0.000000e+00 -1.000000e+00
    outer loop
      vertex   1.169358e+01 -5.842885e+00 -1.560000e+00
      vertex   1.165359e+01 -5.900000e+00 -1.560000e+00
      vertex   8.700000e+00 -1.400001e+00 -1.560000e+00
    endloop
  endfacet
  facet normal 0.000000e+00 0.000000e+00 -1.000000e+00
    outer loop
      vertex   8.700000e+00 -1.400001e+00 -1.560000e+00
      vertex   1.165359e+01 -5.900000e+00 -1.560000e+00
      vertex   1.162412e+01 -5.963192e+00 -1.560000e+00
    endloop
  endfacet
  facet normal 0.000000e+00 0.000000e+00 -1.000000e+00
    outer loop
      vertex   8.700000e+00 -1.400001e+00 -1.560000e+00
      vertex   1.162412e+01 -5.963192e+00 -1.560000e+00
      vertex   1.160608e+01 -6.030541e+00 -1.560000e+00
    endloop
  endfacet
  facet normal -0.000000e+00 0.000000e+00 -1.000000e+00
    outer loop
      vertex   1.160608e+01 -6.030541e+00 -1.560000e+00
      vertex   1.160000e+01 -6.100000e+00 -1.560000e+00
      vertex   8.700000e+00 -1.400001e+00 -1.560000e+00
    endloop
  endfacet
  facet normal 0.000000e+00 -0.000000e+00 -1.000000e+00
    outer loop
      vertex   1.160608e+01 -7.369459e+00 -1.560000e+00
      vertex   1.162412e+01 -7.436808e+00 -1.560000e+00
      vertex   8.700000e+00 -1.055316e+01 -1.560000e+00
    endloop
  endfacet
  facet normal 0.000000e+00 0.000000e+00 -1.000000e+00
    outer loop
      vertex   8.700000e+00 -1.055316e+01 -1.560000e+00
      vertex   1.162412e+01 -7.436808e+00 -1.560000e+00
      vertex   1.165359e+01 -7.500000e+00 -1.560000e+00
    endloop
  endfacet
  facet normal 0.000000e+00 0.000000e+00 -1.000000e+00
    outer loop
      vertex   8.700000e+00 -1.055316e+01 -1.560000e+00
      vertex   1.165359e+01 -7.500000e+00 -1.560000e+00
      vertex   1.169358e+01 -7.557115e+00 -1.560000e+00
    endloop
  endfacet
  facet normal 0.000000e+00 -0.000000e+00 -1.000000e+00
    outer loop
      vertex   1.169358e+01 -7.557115e+00 -1.560000e+00
      vertex   1.174289e+01 -7.606418e+00 -1.560000e+00
      vertex   8.700000e+00 -1.055316e+01 -1.560000e+00
    endloop
  endfacet
  facet normal 0.000000e+00 0.000000e+00 -1.000000e+00
    outer loop
      vertex   8.700000e+00 -1.055316e+01 -1.560000e+00
      vertex   1.174289e+01 -7.606418e+00 -1.560000e+00
      vertex   1.180000e+01 -7.646410e+00 -1.560000e+00
    endloop
  endfacet
  facet normal 0.000000e+00 0.000000e+00 -1.000000e+00
    outer loop
      vertex   8.700000e+00 -1.055316e+01 -1.560000e+00
      vertex   1.180000e+01 -7.646410e+00 -1.560000e+00
      vertex   1.186319e+01 -7.675877e+00 -1.560000e+00
    endloop
  endfacet
  facet normal -0.000000e+00 -0.000000e+00 -1.000000e+00
    outer loop
      vertex   1.193054e+01 -7.693923e+00 -1.560000e+00
      vertex   1.337069e+01 -1.003054e+01 -1.560000e+00
      vertex   1.186319e+01 -7.675877e+00 -1.560000e+00
    endloop
  endfacet
  facet normal 0.000000e+00 0.000000e+00 -1.000000e+00
    outer loop
      vertex   1.186319e+01 -7.675877e+00 -1.560000e+00
      vertex   1.337069e+01 -1.003054e+01 -1.560000e+00
      vertex   1.336462e+01 -1.010000e+01 -1.560000e+00
    endloop
  endfacet
  facet normal 0.000000e+00 -0.000000e+00 -1.000000e+00
    outer loop
      vertex   1.186319e+01 -7.675877e+00 -1.560000e+00
      vertex   1.336462e+01 -1.010000e+01 -1.560000e+00
      vertex   8.700000e+00 -1.055316e+01 -1.560000e+00
    endloop
  endfacet
  facet normal 0.000000e+00 0.000000e+00 -1.000000e+00
    outer loop
      vertex   1.337069e+01 -1.003054e+01 -1.560000e+00
      vertex   1.193054e+01 -7.693923e+00 -1.560000e+00
      vertex   1.338874e+01 -9.963192e+00 -1.560000e+00
    endloop
  endfacet
  facet normal 0.000000e+00 0.000000e+00 -1.000000e+00
    outer loop
      vertex   1.338874e+01 -9.963192e+00 -1.560000e+00
      vertex   1.193054e+01 -7.693923e+00 -1.560000e+00
      vertex   1.200000e+01 -7.700000e+00 -1.560000e+00
    endloop
  endfacet
  facet normal 0.000000e+00 0.000000e+00 -1.000000e+00
    outer loop
      vertex   1.338874e+01 -9.963192e+00 -1.560000e+00
      vertex   1.200000e+01 -7.700000e+00 -1.560000e+00
      vertex   1.341821e+01 -9.899999e+00 -1.560000e+00
    endloop
  endfacet
  facet normal 0.000000e+00 0.000000e+00 -1.000000e+00
    outer loop
      vertex   1.341821e+01 -9.899999e+00 -1.560000e+00
      vertex   1.200000e+01 -7.700000e+00 -1.560000e+00
      vertex   1.345820e+01 -9.842885e+00 -1.560000e+00
    endloop
  endfacet
  facet normal 0.000000e+00 0.000000e+00 -1.000000e+00
    outer loop
      vertex   1.345820e+01 -9.842885e+00 -1.560000e+00
      vertex   1.200000e+01 -7.700000e+00 -1.560000e+00
      vertex   1.350750e+01 -9.793582e+00 -1.560000e+00
    endloop
  endfacet
  facet normal 0.000000e+00 0.000000e+00 -1.000000e+00
    outer loop
      vertex   1.350750e+01 -9.793582e+00 -1.560000e+00
      vertex   1.200000e+01 -7.700000e+00 -1.560000e+00
      vertex   1.356462e+01 -9.753590e+00 -1.560000e+00
    endloop
  endfacet
  facet normal 0.000000e+00 0.000000e+00 -1.000000e+00
    outer loop
      vertex   1.356462e+01 -9.753590e+00 -1.560000e+00
      vertex   1.200000e+01 -7.700000e+00 -1.560000e+00
      vertex   1.362781e+01 -9.724123e+00 -1.560000e+00
    endloop
  endfacet
  facet normal 0.000000e+00 0.000000e+00 -1.000000e+00
    outer loop
      vertex   2.630484e+01 -9.706077e+00 -1.560000e+00
      vertex   2.623538e+01 -9.700000e+00 -1.560000e+00
      vertex   2.800000e+01 -7.700000e+00 -1.560000e+00
    endloop
  endfacet
  facet normal 0.000000e+00 0.000000e+00 -1.000000e+00
    outer loop
      vertex   2.800000e+01 -7.700000e+00 -1.560000e+00
      vertex   2.623538e+01 -9.700000e+00 -1.560000e+00
      vertex   1.376462e+01 -9.700000e+00 -1.560000e+00
    endloop
  endfacet
  facet normal 0.000000e+00 0.000000e+00 -1.000000e+00
    outer loop
      vertex   2.654180e+01 -9.842885e+00 -1.560000e+00
      vertex   2.649250e+01 -9.793582e+00 -1.560000e+00
      vertex   2.800000e+01 -7.700000e+00 -1.560000e+00
    endloop
  endfacet
  facet normal 0.000000e+00 0.000000e+00 -1.000000e+00
    outer loop
      vertex   2.800000e+01 -7.700000e+00 -1.560000e+00
      vertex   2.649250e+01 -9.793582e+00 -1.560000e+00
      vertex   2.643538e+01 -9.753590e+00 -1.560000e+00
    endloop
  endfacet
  facet normal 0.000000e+00 0.000000e+00 -1.000000e+00
    outer loop
      vertex   2.800000e+01 -7.700000e+00 -1.560000e+00
      vertex   2.643538e+01 -9.753590e+00 -1.560000e+00
      vertex   2.637219e+01 -9.724123e+00 -1.560000e+00
    endloop
  endfacet
  facet normal 0.000000e+00 0.000000e+00 -1.000000e+00
    outer loop
      vertex   2.637219e+01 -9.724123e+00 -1.560000e+00
      vertex   2.630484e+01 -9.706077e+00 -1.560000e+00
      vertex   2.800000e+01 -7.700000e+00 -1.560000e+00
    endloop
  endfacet
  facet normal 0.000000e+00 -1.000000e+00 0.000000e+00
    outer loop
      vertex   1.376462e+01 -9.700000e+00 0.000000e+00
      vertex   1.376462e+01 -9.700000e+00 -1.560000e+00
      vertex   2.623538e+01 -9.700000e+00 0.000000e+00
    endloop
  endfacet
  facet normal 0.000000e+00 -1.000000e+00 -0.000000e+00
    outer loop
      vertex   2.623538e+01 -9.700000e+00 0.000000e+00
      vertex   1.376462e+01 -9.700000e+00 -1.560000e+00
      vertex   2.623538e+01 -9.700000e+00 -1.560000e+00
    endloop
  endfacet
  facet normal 0.000000e+00 -1.000000e+00 0.000000e+00
    outer loop
      vertex   1.200000e+01 -5.700000e+00 0.000000e+00
      vertex   1.200000e+01 -5.700000e+00 -1.560000e+00
      vertex   2.800000e+01 -5.700000e+00 0.000000e+00
    endloop
  endfacet
  facet normal 0.000000e+00 -1.000000e+00 -0.000000e+00
    outer loop
      vertex   2.800000e+01 -5.700000e+00 0.000000e+00
      vertex   1.200000e+01 -5.700000e+00 -1.560000e+00
      vertex   2.800000e+01 -5.700000e+00 -1.560000e+00
    endloop
  endfacet
  facet normal 0.000000e+00 -1.000000e+00 0.000000e+00
    outer loop
      vertex   1.010000e+01 -3.830000e+01 3.300000e+00
      vertex   1.010000e+01 -3.830000e+01 -1.560000e+00
      vertex   2.990000e+01 -3.830000e+01 3.300000e+00
    endloop
  endfacet
  facet normal 0.000000e+00 -1.000000e+00 -0.000000e+00
    outer loop
      vertex   2.990000e+01 -3.830000e+01 3.300000e+00
      vertex   1.010000e+01 -3.830000e+01 -1.560000e+00
      vertex   2.990000e+01 -3.830000e+01 -1.560000e+00
    endloop
  endfacet
  facet normal 0.000000e+00 1.000000e+00 0.000000e+00
    outer loop
      vertex   1.200000e+01 -3.540000e+01 1.900000e+00
      vertex   1.200000e+01 -3.540000e+01 3.300000e+00
      vertex   2.800000e+01 -3.540000e+01 1.900000e+00
    endloop
  endfacet
  facet normal 0.000000e+00 1.000000e+00 -0.000000e+00
    outer loop
      vertex   2.800000e+01 -3.540000e+01 1.900000e+00
      vertex   1.200000e+01 -3.540000e+01 3.300000e+00
      vertex   2.800000e+01 -3.540000e+01 3.300000e+00
    endloop
  endfacet
  facet normal -7.070897e-01 7.071239e-01 0.000000e+00
    outer loop
      vertex   2.025712e+01 -2.120642e+01 -1.560000e+00
      vertex   2.025712e+01 -2.120642e+01 0.000000e+00
      vertex   2.030642e+01 -2.115712e+01 -1.560000e+00
    endloop
  endfacet
  facet normal -7.070897e-01 7.071239e-01 0.000000e+00
    outer loop
      vertex   2.030642e+01 -2.115712e+01 -1.560000e+00
      vertex   2.025712e+01 -2.120642e+01 0.000000e+00
      vertex   2.030642e+01 -2.115712e+01 0.000000e+00
    endloop
  endfacet
  facet normal -0.000000e+00 0.000000e+00 1.000000e+00
    outer loop
      vertex   1.200000e+01 -7.700000e+00 0.000000e+00
      vertex   2.623538e+01 -9.700000e+00 0.000000e+00
      vertex   2.800000e+01 -7.700000e+00 0.000000e+00
    endloop
  endfacet
  facet normal 0.000000e+00 0.000000e+00 1.000000e+00
    outer loop
      vertex   2.800000e+01 -7.700000e+00 0.000000e+00
      vertex   2.623538e+01 -9.700000e+00 0.000000e+00
      vertex   2.630484e+01 -9.706077e+00 0.000000e+00
    endloop
  endfacet
  facet normal 0.000000e+00 0.000000e+00 1.000000e+00
    outer loop
      vertex   2.800000e+01 -7.700000e+00 0.000000e+00
      vertex   2.630484e+01 -9.706077e+00 0.000000e+00
      vertex   2.637219e+01 -9.724123e+00 0.000000e+00
    endloop
  endfacet
  facet normal 0.000000e+00 0.000000e+00 1.000000e+00
    outer loop
      vertex   1.193054e+01 -7.693923e+00 0.000000e+00
      vertex   1.193054e+01 -1.224967e+01 0.000000e+00
      vertex   1.200000e+01 -7.700000e+00 0.000000e+00
    endloop
  endfacet
  facet normal 0.000000e+00 0.000000e+00 1.000000e+00
    outer loop
      vertex   1.200000e+01 -7.700000e+00 0.000000e+00
      vertex   1.193054e+01 -1.224967e+01 0.000000e+00
      vertex   1.200000e+01 -1.224359e+01 0.000000e+00
    endloop
  endfacet
  facet normal 0.000000e+00 0.000000e+00 1.000000e+00
    outer loop
      vertex   1.200000e+01 -7.700000e+00 0.000000e+00
      vertex   1.200000e+01 -1.224359e+01 0.000000e+00
      vertex   1.206946e+01 -1.224967e+01 0.000000e+00
    endloop
  endfacet
  facet normal 0.000000e+00 0.000000e+00 1.000000e+00
    outer loop
      vertex   1.193054e+01 -7.693923e+00 0.000000e+00
      vertex   1.186319e+01 -7.675877e+00 0.000000e+00
      vertex   1.193054e+01 -1.224967e+01 0.000000e+00
    endloop
  endfacet
  facet normal 0.000000e+00 0.000000e+00 1.000000e+00
    outer loop
      vertex   1.193054e+01 -1.224967e+01 0.000000e+00
      vertex   1.186319e+01 -7.675877e+00 0.000000e+00
      vertex   1.186319e+01 -1.226772e+01 0.000000e+00
    endloop
  endfacet
  facet normal 0.000000e+00 -0.000000e+00 1.000000e+00
    outer loop
      vertex   1.186319e+01 -1.226772e+01 0.000000e+00
      vertex   1.186319e+01 -7.675877e+00 0.000000e+00
      vertex   1.180000e+01 -1.229718e+01 0.000000e+00
    endloop
  endfacet
  facet normal 0.000000e+00 0.000000e+00 1.000000e+00
    outer loop
      vertex   1.180000e+01 -1.229718e+01 0.000000e+00
      vertex   1.186319e+01 -7.675877e+00 0.000000e+00
      vertex   1.180000e+01 -7.646410e+00 0.000000e+00
    endloop
  endfacet
  facet normal 0.000000e+00 -0.000000e+00 1.000000e+00
    outer loop
      vertex   1.180000e+01 -1.229718e+01 0.000000e+00
      vertex   1.180000e+01 -7.646410e+00 0.000000e+00
      vertex   1.174289e+01 -1.233718e+01 0.000000e+00
    endloop
  endfacet
  facet normal 0.000000e+00 0.000000e+00 1.000000e+00
    outer loop
      vertex   1.174289e+01 -1.233718e+01 0.000000e+00
      vertex   1.180000e+01 -7.646410e+00 0.000000e+00
      vertex   1.174289e+01 -7.606418e+00 0.000000e+00
    endloop
  endfacet
  facet normal 0.000000e+00 -0.000000e+00 1.000000e+00
    outer loop
      vertex   1.174289e+01 -1.233718e+01 0.000000e+00
      vertex   1.174289e+01 -7.606418e+00 0.000000e+00
      vertex   1.169358e+01 -1.238648e+01 0.000000e+00
    endloop
  endfacet
  facet normal 0.000000e+00 0.000000e+00 1.000000e+00
    outer loop
      vertex   1.169358e+01 -1.238648e+01 0.000000e+00
      vertex   1.174289e+01 -7.606418e+00 0.000000e+00
      vertex   1.169358e+01 -7.557115e+00 0.000000e+00
    endloop
  endfacet
  facet normal 0.000000e+00 -0.000000e+00 1.000000e+00
    outer loop
      vertex   1.169358e+01 -1.238648e+01 0.000000e+00
      vertex   1.169358e+01 -7.557115e+00 0.000000e+00
      vertex   1.165359e+01 -7.500000e+00 0.000000e+00
    endloop
  endfacet
  facet normal 0.000000e+00 0.000000e+00 1.000000e+00
    outer loop
      vertex   1.162412e+01 -7.436808e+00 0.000000e+00
      vertex   1.162412e+01 -1.250679e+01 0.000000e+00
      vertex   1.165359e+01 -7.500000e+00 0.000000e+00
    endloop
  endfacet
  facet normal 0.000000e+00 0.000000e+00 1.000000e+00
    outer loop
      vertex   1.165359e+01 -7.500000e+00 0.000000e+00
      vertex   1.162412e+01 -1.250679e+01 0.000000e+00
      vertex   1.165359e+01 -1.244359e+01 0.000000e+00
    endloop
  endfacet
  facet normal 0.000000e+00 0.000000e+00 1.000000e+00
    outer loop
      vertex   1.165359e+01 -7.500000e+00 0.000000e+00
      vertex   1.165359e+01 -1.244359e+01 0.000000e+00
      vertex   1.169358e+01 -1.238648e+01 0.000000e+00
    endloop
  endfacet
  facet normal 0.000000e+00 -0.000000e+00 1.000000e+00
    outer loop
      vertex   1.162412e+01 -1.250679e+01 0.000000e+00
      vertex   1.162412e+01 -7.436808e+00 0.000000e+00
      vertex   1.160608e+01 -1.257413e+01 0.000000e+00
    endloop
  endfacet
  facet normal 0.000000e+00 0.000000e+00 1.000000e+00
    outer loop
      vertex   1.160608e+01 -1.257413e+01 0.000000e+00
      vertex   1.162412e+01 -7.436808e+00 0.000000e+00
      vertex   1.160608e+01 -7.369459e+00 0.000000e+00
    endloop
  endfacet
  facet normal 0.000000e+00 -0.000000e+00 1.000000e+00
    outer loop
      vertex   1.160608e+01 -1.257413e+01 0.000000e+00
      vertex   1.160608e+01 -7.369459e+00 0.000000e+00
      vertex   1.160000e+01 -7.300000e+00 0.000000e+00
    endloop
  endfacet
  facet normal 0.000000e+00 0.000000e+00 1.000000e+00
    outer loop
      vertex   1.160000e+01 -6.100000e+00 0.000000e+00
      vertex   1.070000e+01 3.996803e-14 0.000000e+00
      vertex   1.160000e+01 -7.300000e+00 0.000000e+00
    endloop
  endfacet
  facet normal 0.000000e+00 0.000000e+00 1.000000e+00
    outer loop
      vertex   1.160000e+01 -7.300000e+00 0.000000e+00
      vertex   1.070000e+01 3.996803e-14 0.000000e+00
      vertex   1.160000e+01 -1.264359e+01 0.000000e+00
    endloop
  endfacet
  facet normal 0.000000e+00 0.000000e+00 1.000000e+00
    outer loop
      vertex   1.160000e+01 -7.300000e+00 0.000000e+00
      vertex   1.160000e+01 -1.264359e+01 0.000000e+00
      vertex   1.160608e+01 -1.257413e+01 0.000000e+00
    endloop
  endfacet
  facet normal 0.000000e+00 -0.000000e+00 1.000000e+00
    outer loop
      vertex   1.160000e+01 -6.100000e+00 0.000000e+00
      vertex   1.160608e+01 -6.030541e+00 0.000000e+00
      vertex   1.070000e+01 3.996803e-14 0.000000e+00
    endloop
  endfacet
  facet normal 0.000000e+00 0.000000e+00 1.000000e+00
    outer loop
      vertex   1.070000e+01 3.996803e-14 0.000000e+00
      vertex   1.160608e+01 -6.030541e+00 0.000000e+00
      vertex   1.162412e+01 -5.963192e+00 0.000000e+00
    endloop
  endfacet
  facet normal 0.000000e+00 0.000000e+00 1.000000e+00
    outer loop
      vertex   1.070000e+01 3.996803e-14 0.000000e+00
      vertex   1.162412e+01 -5.963192e+00 0.000000e+00
      vertex   1.165359e+01 -5.900000e+00 0.000000e+00
    endloop
  endfacet
  facet normal 0.000000e+00 -0.000000e+00 1.000000e+00
    outer loop
      vertex   1.165359e+01 -5.900000e+00 0.000000e+00
      vertex   1.169358e+01 -5.842885e+00 0.000000e+00
      vertex   1.070000e+01 3.996803e-14 0.000000e+00
    endloop
  endfacet
  facet normal 0.000000e+00 0.000000e+00 1.000000e+00
    outer loop
      vertex   1.070000e+01 3.996803e-14 0.000000e+00
      vertex   1.169358e+01 -5.842885e+00 0.000000e+00
      vertex   1.120000e+01 -1.080510e-06 0.000000e+00
    endloop
  endfacet
  facet normal 0.000000e+00 0.000000e+00 1.000000e+00
    outer loop
      vertex   1.120000e+01 -1.080510e-06 0.000000e+00
      vertex   1.169358e+01 -5.842885e+00 0.000000e+00
      vertex   1.174289e+01 -5.793583e+00 0.000000e+00
    endloop
  endfacet
  facet normal 0.000000e+00 0.000000e+00 1.000000e+00
    outer loop
      vertex   1.120000e+01 -1.080510e-06 0.000000e+00
      vertex   1.174289e+01 -5.793583e+00 0.000000e+00
      vertex   1.180000e+01 -5.753590e+00 0.000000e+00
    endloop
  endfacet
  facet normal 0.000000e+00 -0.000000e+00 1.000000e+00
    outer loop
      vertex   1.180000e+01 -5.753590e+00 0.000000e+00
      vertex   1.186319e+01 -5.724123e+00 0.000000e+00
      vertex   1.120000e+01 -1.080510e-06 0.000000e+00
    endloop
  endfacet
  facet normal 0.000000e+00 0.000000e+00 1.000000e+00
    outer loop
      vertex   1.120000e+01 -1.080510e-06 0.000000e+00
      vertex   1.186319e+01 -5.724123e+00 0.000000e+00
      vertex   1.193054e+01 -5.706077e+00 0.000000e+00
    endloop
  endfacet
  facet normal 0.000000e+00 0.000000e+00 1.000000e+00
    outer loop
      vertex   1.120000e+01 -1.080510e-06 0.000000e+00
      vertex   1.193054e+01 -5.706077e+00 0.000000e+00
      vertex   1.200000e+01 -5.700000e+00 0.000000e+00
    endloop
  endfacet
  facet normal -0.000000e+00 0.000000e+00 1.000000e+00
    outer loop
      vertex   1.120000e+01 -1.080510e-06 0.000000e+00
      vertex   1.200000e+01 -5.700000e+00 0.000000e+00
      vertex   1.160000e+01 1.399999e+00 0.000000e+00
    endloop
  endfacet
  facet normal 0.000000e+00 0.000000e+00 1.000000e+00
    outer loop
      vertex   1.160000e+01 1.399999e+00 0.000000e+00
      vertex   1.200000e+01 -5.700000e+00 0.000000e+00
      vertex   2.800000e+01 -5.700000e+00 0.000000e+00
    endloop
  endfacet
  facet normal -0.000000e+00 0.000000e+00 1.000000e+00
    outer loop
      vertex   1.160000e+01 1.399999e+00 0.000000e+00
      vertex   2.800000e+01 -5.700000e+00 0.000000e+00
      vertex   2.840000e+01 1.399999e+00 0.000000e+00
    endloop
  endfacet
  facet normal 0.000000e+00 0.000000e+00 1.000000e+00
    outer loop
      vertex   2.840000e+01 1.399999e+00 0.000000e+00
      vertex   2.800000e+01 -5.700000e+00 0.000000e+00
      vertex   2.880000e+01 -1.080510e-06 0.000000e+00
    endloop
  endfacet
  facet normal 0.000000e+00 0.000000e+00 1.000000e+00
    outer loop
      vertex   2.840000e+01 1.399999e+00 0.000000e+00
      vertex   2.880000e+01 -1.080510e-06 0.000000e+00
      vertex   2.846946e+01 1.393922e+00 0.000000e+00
    endloop
  endfacet
  facet normal 0.000000e+00 0.000000e+00 1.000000e+00
    outer loop
      vertex   2.846946e+01 1.393922e+00 0.000000e+00
      vertex   2.880000e+01 -1.080510e-06 0.000000e+00
      vertex   2.880000e+01 9.999990e-01 0.000000e+00
    endloop
  endfacet
  facet normal 0.000000e+00 0.000000e+00 1.000000e+00
    outer loop
      vertex   2.846946e+01 1.393922e+00 0.000000e+00
      vertex   2.880000e+01 9.999990e-01 0.000000e+00
      vertex   2.853681e+01 1.375876e+00 0.000000e+00
    endloop
  endfacet
  facet normal 0.000000e+00 0.000000e+00 1.000000e+00
    outer loop
      vertex   2.853681e+01 1.375876e+00 0.000000e+00
      vertex   2.880000e+01 9.999990e-01 0.000000e+00
      vertex   2.860000e+01 1.346409e+00 0.000000e+00
    endloop
  endfacet
  facet normal 0.000000e+00 0.000000e+00 1.000000e+00
    outer loop
      vertex   2.860000e+01 1.346409e+00 0.000000e+00
      vertex   2.880000e+01 9.999990e-01 0.000000e+00
      vertex   2.865712e+01 1.306417e+00 0.000000e+00
    endloop
  endfacet
  facet normal 0.000000e+00 0.000000e+00 1.000000e+00
    outer loop
      vertex   2.865712e+01 1.306417e+00 0.000000e+00
      vertex   2.880000e+01 9.999990e-01 0.000000e+00
      vertex   2.870642e+01 1.257114e+00 0.000000e+00
    endloop
  endfacet
  facet normal 0.000000e+00 0.000000e+00 1.000000e+00
    outer loop
      vertex   2.870642e+01 1.257114e+00 0.000000e+00
      vertex   2.880000e+01 9.999990e-01 0.000000e+00
      vertex   2.874641e+01 1.199999e+00 0.000000e+00
    endloop
  endfacet
  facet normal 0.000000e+00 0.000000e+00 1.000000e+00
    outer loop
      vertex   2.874641e+01 1.199999e+00 0.000000e+00
      vertex   2.880000e+01 9.999990e-01 0.000000e+00
      vertex   2.877588e+01 1.136807e+00 0.000000e+00
    endloop
  endfacet
  facet normal 0.000000e+00 0.000000e+00 1.000000e+00
    outer loop
      vertex   2.877588e+01 1.136807e+00 0.000000e+00
      vertex   2.880000e+01 9.999990e-01 0.000000e+00
      vertex   2.879392e+01 1.069458e+00 0.000000e+00
    endloop
  endfacet
  facet normal -0.000000e+00 0.000000e+00 1.000000e+00
    outer loop
      vertex   2.800000e+01 -5.700000e+00 0.000000e+00
      vertex   2.806946e+01 -5.706077e+00 0.000000e+00
      vertex   2.880000e+01 -1.080510e-06 0.000000e+00
    endloop
  endfacet
  facet normal 0.000000e+00 0.000000e+00 1.000000e+00
    outer loop
      vertex   2.880000e+01 -1.080510e-06 0.000000e+00
      vertex   2.806946e+01 -5.706077e+00 0.000000e+00
      vertex   2.813681e+01 -5.724123e+00 0.000000e+00
    endloop
  endfacet
  facet normal 0.000000e+00 0.000000e+00 1.000000e+00
    outer loop
      vertex   2.880000e+01 -1.080510e-06 0.000000e+00
      vertex   2.813681e+01 -5.724123e+00 0.000000e+00
      vertex   2.820000e+01 -5.753590e+00 0.000000e+00
    endloop
  endfacet
  facet normal -0.000000e+00 0.000000e+00 1.000000e+00
    outer loop
      vertex   2.820000e+01 -5.753590e+00 0.000000e+00
      vertex   2.825711e+01 -5.793583e+00 0.000000e+00
      vertex   2.880000e+01 -1.080510e-06 0.000000e+00
    endloop
  endfacet
  facet normal 0.000000e+00 0.000000e+00 1.000000e+00
    outer loop
      vertex   2.880000e+01 -1.080510e-06 0.000000e+00
      vertex   2.825711e+01 -5.793583e+00 0.000000e+00
      vertex   2.830642e+01 -5.842885e+00 0.000000e+00
    endloop
  endfacet
  facet normal -0.000000e+00 0.000000e+00 1.000000e+00
    outer loop
      vertex   2.880000e+01 -1.080510e-06 0.000000e+00
      vertex   2.830642e+01 -5.842885e+00 0.000000e+00
      vertex   2.930000e+01 -3.678539e-14 0.000000e+00
    endloop
  endfacet
  facet normal 0.000000e+00 0.000000e+00 1.000000e+00
    outer loop
      vertex   2.930000e+01 -3.678539e-14 0.000000e+00
      vertex   2.830642e+01 -5.842885e+00 0.000000e+00
      vertex   2.834641e+01 -5.900000e+00 0.000000e+00
    endloop
  endfacet
  facet normal 0.000000e+00 0.000000e+00 1.000000e+00
    outer loop
      vertex   2.930000e+01 -3.678539e-14 0.000000e+00
      vertex   2.834641e+01 -5.900000e+00 0.000000e+00
      vertex   2.837588e+01 -5.963192e+00 0.000000e+00
    endloop
  endfacet
  facet normal -0.000000e+00 0.000000e+00 1.000000e+00
    outer loop
      vertex   2.837588e+01 -5.963192e+00 0.000000e+00
      vertex   2.839392e+01 -6.030541e+00 0.000000e+00
      vertex   2.930000e+01 -3.678539e-14 0.000000e+00
    endloop
  endfacet
  facet normal 0.000000e+00 0.000000e+00 1.000000e+00
    outer loop
      vertex   2.930000e+01 -3.678539e-14 0.000000e+00
      vertex   2.839392e+01 -6.030541e+00 0.000000e+00
      vertex   2.840000e+01 -6.100000e+00 0.000000e+00
    endloop
  endfacet
  facet normal 0.000000e+00 0.000000e+00 1.000000e+00
    outer loop
      vertex   2.930000e+01 -3.678539e-14 0.000000e+00
      vertex   2.840000e+01 -6.100000e+00 0.000000e+00
      vertex   2.840000e+01 -7.300000e+00 0.000000e+00
    endloop
  endfacet
  facet normal -0.000000e+00 0.000000e+00 1.000000e+00
    outer loop
      vertex   2.839392e+01 -7.369459e+00 0.000000e+00
      vertex   2.839392e+01 -1.257413e+01 0.000000e+00
      vertex   2.840000e+01 -7.300000e+00 0.000000e+00
    endloop
  endfacet
  facet normal 0.000000e+00 0.000000e+00 1.000000e+00
    outer loop
      vertex   2.840000e+01 -7.300000e+00 0.000000e+00
      vertex   2.839392e+01 -1.257413e+01 0.000000e+00
      vertex   2.840000e+01 -1.264359e+01 0.000000e+00
    endloop
  endfacet
  facet normal -0.000000e+00 0.000000e+00 1.000000e+00
    outer loop
      vertex   2.840000e+01 -7.300000e+00 0.000000e+00
      vertex   2.840000e+01 -1.264359e+01 0.000000e+00
      vertex   2.930000e+01 -3.678539e-14 0.000000e+00
    endloop
  endfacet
  facet normal 0.000000e+00 0.000000e+00 1.000000e+00
    outer loop
      vertex   2.930000e+01 -3.678539e-14 0.000000e+00
      vertex   2.840000e+01 -1.264359e+01 0.000000e+00
      vertex   2.930000e+01 -3.630000e+01 0.000000e+00
    endloop
  endfacet
  facet normal 0.000000e+00 0.000000e+00 1.000000e+00
    outer loop
      vertex   2.930000e+01 -3.630000e+01 0.000000e+00
      vertex   2.840000e+01 -1.264359e+01 0.000000e+00
      vertex   2.840000e+01 -3.500000e+01 0.000000e+00
    endloop
  endfacet
  facet normal 0.000000e+00 0.000000e+00 1.000000e+00
    outer loop
      vertex   2.930000e+01 -3.630000e+01 0.000000e+00
      vertex   2.840000e+01 -3.500000e+01 0.000000e+00
      vertex   2.839392e+01 -3.506946e+01 0.000000e+00
    endloop
  endfacet
  facet normal 0.000000e+00 0.000000e+00 1.000000e+00
    outer loop
      vertex   2.839392e+01 -7.369459e+00 0.000000e+00
      vertex   2.837588e+01 -7.436808e+00 0.000000e+00
      vertex   2.839392e+01 -1.257413e+01 0.000000e+00
    endloop
  endfacet
  facet normal 0.000000e+00 0.000000e+00 1.000000e+00
    outer loop
      vertex   2.839392e+01 -1.257413e+01 0.000000e+00
      vertex   2.837588e+01 -7.436808e+00 0.000000e+00
      vertex   2.837588e+01 -1.250679e+01 0.000000e+00
    endloop
  endfacet
  facet normal 0.000000e+00 -0.000000e+00 1.000000e+00
    outer loop
      vertex   2.837588e+01 -1.250679e+01 0.000000e+00
      vertex   2.837588e+01 -7.436808e+00 0.000000e+00
      vertex   2.834641e+01 -7.500000e+00 0.000000e+00
    endloop
  endfacet
  facet normal 0.000000e+00 0.000000e+00 1.000000e+00
    outer loop
      vertex   2.837588e+01 -1.250679e+01 0.000000e+00
      vertex   2.834641e+01 -7.500000e+00 0.000000e+00
      vertex   2.834641e+01 -1.244359e+01 0.000000e+00
    endloop
  endfacet
  facet normal 0.000000e+00 -0.000000e+00 1.000000e+00
    outer loop
      vertex   2.834641e+01 -1.244359e+01 0.000000e+00
      vertex   2.834641e+01 -7.500000e+00 0.000000e+00
      vertex   2.830642e+01 -1.238648e+01 0.000000e+00
    endloop
  endfacet
  facet normal 0.000000e+00 0.000000e+00 1.000000e+00
    outer loop
      vertex   2.830642e+01 -1.238648e+01 0.000000e+00
      vertex   2.834641e+01 -7.500000e+00 0.000000e+00
      vertex   2.830642e+01 -7.557115e+00 0.000000e+00
    endloop
  endfacet
  facet normal 0.000000e+00 -0.000000e+00 1.000000e+00
    outer loop
      vertex   2.830642e+01 -1.238648e+01 0.000000e+00
      vertex   2.830642e+01 -7.557115e+00 0.000000e+00
      vertex   2.825711e+01 -7.606418e+00 0.000000e+00
    endloop
  endfacet
  facet normal 0.000000e+00 0.000000e+00 1.000000e+00
    outer loop
      vertex   2.830642e+01 -1.238648e+01 0.000000e+00
      vertex   2.825711e+01 -7.606418e+00 0.000000e+00
      vertex   2.825711e+01 -1.233718e+01 0.000000e+00
    endloop
  endfacet
  facet normal 0.000000e+00 -0.000000e+00 1.000000e+00
    outer loop
      vertex   2.825711e+01 -1.233718e+01 0.000000e+00
      vertex   2.825711e+01 -7.606418e+00 0.000000e+00
      vertex   2.820000e+01 -7.646410e+00 0.000000e+00
    endloop
  endfacet
  facet normal 0.000000e+00 0.000000e+00 1.000000e+00
    outer loop
      vertex   2.825711e+01 -1.233718e+01 0.000000e+00
      vertex   2.820000e+01 -7.646410e+00 0.000000e+00
      vertex   2.820000e+01 -1.229718e+01 0.000000e+00
    endloop
  endfacet
  facet normal 0.000000e+00 -0.000000e+00 1.000000e+00
    outer loop
      vertex   2.820000e+01 -1.229718e+01 0.000000e+00
      vertex   2.820000e+01 -7.646410e+00 0.000000e+00
      vertex   2.813681e+01 -7.675877e+00 0.000000e+00
    endloop
  endfacet
  facet normal 0.000000e+00 0.000000e+00 1.000000e+00
    outer loop
      vertex   2.820000e+01 -1.229718e+01 0.000000e+00
      vertex   2.813681e+01 -7.675877e+00 0.000000e+00
      vertex   2.813681e+01 -1.226772e+01 0.000000e+00
    endloop
  endfacet
  facet normal 0.000000e+00 -0.000000e+00 1.000000e+00
    outer loop
      vertex   2.813681e+01 -1.226772e+01 0.000000e+00
      vertex   2.813681e+01 -7.675877e+00 0.000000e+00
      vertex   2.806946e+01 -1.224967e+01 0.000000e+00
    endloop
  endfacet
  facet normal 0.000000e+00 0.000000e+00 1.000000e+00
    outer loop
      vertex   2.806946e+01 -1.224967e+01 0.000000e+00
      vertex   2.813681e+01 -7.675877e+00 0.000000e+00
      vertex   2.806946e+01 -7.693923e+00 0.000000e+00
    endloop
  endfacet
  facet normal 0.000000e+00 -0.000000e+00 1.000000e+00
    outer loop
      vertex   2.806946e+01 -1.224967e+01 0.000000e+00
      vertex   2.806946e+01 -7.693923e+00 0.000000e+00
      vertex   2.800000e+01 -7.700000e+00 0.000000e+00
    endloop
  endfacet
  facet normal 0.000000e+00 0.000000e+00 1.000000e+00
    outer loop
      vertex   1.160000e+01 1.399999e+00 0.000000e+00
      vertex   1.153054e+01 1.393922e+00 0.000000e+00
      vertex   1.120000e+01 -1.080510e-06 0.000000e+00
    endloop
  endfacet
  facet normal 0.000000e+00 0.000000e+00 1.000000e+00
    outer loop
      vertex   1.120000e+01 -1.080510e-06 0.000000e+00
      vertex   1.153054e+01 1.393922e+00 0.000000e+00
      vertex   1.120000e+01 9.999990e-01 0.000000e+00
    endloop
  endfacet
  facet normal 0.000000e+00 0.000000e+00 1.000000e+00
    outer loop
      vertex   1.120000e+01 9.999990e-01 0.000000e+00
      vertex   1.153054e+01 1.393922e+00 0.000000e+00
      vertex   1.146319e+01 1.375876e+00 0.000000e+00
    endloop
  endfacet
  facet normal 0.000000e+00 0.000000e+00 1.000000e+00
    outer loop
      vertex   1.120000e+01 9.999990e-01 0.000000e+00
      vertex   1.146319e+01 1.375876e+00 0.000000e+00
      vertex   1.140000e+01 1.346409e+00 0.000000e+00
    endloop
  endfacet
  facet normal 0.000000e+00 0.000000e+00 1.000000e+00
    outer loop
      vertex   1.140000e+01 1.346409e+00 0.000000e+00
      vertex   1.134289e+01 1.306417e+00 0.000000e+00
      vertex   1.120000e+01 9.999990e-01 0.000000e+00
    endloop
  endfacet
  facet normal 0.000000e+00 0.000000e+00 1.000000e+00
    outer loop
      vertex   1.120000e+01 9.999990e-01 0.000000e+00
      vertex   1.134289e+01 1.306417e+00 0.000000e+00
      vertex   1.129358e+01 1.257114e+00 0.000000e+00
    endloop
  endfacet
  facet normal 0.000000e+00 0.000000e+00 1.000000e+00
    outer loop
      vertex   1.120000e+01 9.999990e-01 0.000000e+00
      vertex   1.129358e+01 1.257114e+00 0.000000e+00
      vertex   1.125359e+01 1.199999e+00 0.000000e+00
    endloop
  endfacet
  facet normal 0.000000e+00 0.000000e+00 1.000000e+00
    outer loop
      vertex   1.125359e+01 1.199999e+00 0.000000e+00
      vertex   1.122412e+01 1.136807e+00 0.000000e+00
      vertex   1.120000e+01 9.999990e-01 0.000000e+00
    endloop
  endfacet
  facet normal 0.000000e+00 0.000000e+00 1.000000e+00
    outer loop
      vertex   1.120000e+01 9.999990e-01 0.000000e+00
      vertex   1.122412e+01 1.136807e+00 0.000000e+00
      vertex   1.120608e+01 1.069458e+00 0.000000e+00
    endloop
  endfacet
  facet normal 0.000000e+00 0.000000e+00 1.000000e+00
    outer loop
      vertex   1.070000e+01 3.996803e-14 0.000000e+00
      vertex   1.070000e+01 -3.630000e+01 0.000000e+00
      vertex   1.160000e+01 -1.264359e+01 0.000000e+00
    endloop
  endfacet
  facet normal 0.000000e+00 0.000000e+00 1.000000e+00
    outer loop
      vertex   1.160000e+01 -1.264359e+01 0.000000e+00
      vertex   1.070000e+01 -3.630000e+01 0.000000e+00
      vertex   1.160000e+01 -3.500000e+01 0.000000e+00
    endloop
  endfacet
  facet normal 0.000000e+00 0.000000e+00 1.000000e+00
    outer loop
      vertex   1.160000e+01 -3.500000e+01 0.000000e+00
      vertex   1.070000e+01 -3.630000e+01 0.000000e+00
      vertex   1.160608e+01 -3.506946e+01 0.000000e+00
    endloop
  endfacet
  facet normal 0.000000e+00 0.000000e+00 1.000000e+00
    outer loop
      vertex   1.160608e+01 -3.506946e+01 0.000000e+00
      vertex   1.070000e+01 -3.630000e+01 0.000000e+00
      vertex   1.162412e+01 -3.513681e+01 0.000000e+00
    endloop
  endfacet
  facet normal 0.000000e+00 0.000000e+00 1.000000e+00
    outer loop
      vertex   1.162412e+01 -3.513681e+01 0.000000e+00
      vertex   1.070000e+01 -3.630000e+01 0.000000e+00
      vertex   1.165359e+01 -3.520000e+01 0.000000e+00
    endloop
  endfacet
  facet normal 0.000000e+00 0.000000e+00 1.000000e+00
    outer loop
      vertex   1.165359e+01 -3.520000e+01 0.000000e+00
      vertex   1.070000e+01 -3.630000e+01 0.000000e+00
      vertex   1.169358e+01 -3.525712e+01 0.000000e+00
    endloop
  endfacet
  facet normal 0.000000e+00 0.000000e+00 1.000000e+00
    outer loop
      vertex   1.169358e+01 -3.525712e+01 0.000000e+00
      vertex   1.070000e+01 -3.630000e+01 0.000000e+00
      vertex   1.174289e+01 -3.530642e+01 0.000000e+00
    endloop
  endfacet
  facet normal 0.000000e+00 0.000000e+00 1.000000e+00
    outer loop
      vertex   1.174289e+01 -3.530642e+01 0.000000e+00
      vertex   1.070000e+01 -3.630000e+01 0.000000e+00
      vertex   1.180000e+01 -3.534641e+01 0.000000e+00
    endloop
  endfacet
  facet normal 0.000000e+00 0.000000e+00 1.000000e+00
    outer loop
      vertex   1.180000e+01 -3.534641e+01 0.000000e+00
      vertex   1.070000e+01 -3.630000e+01 0.000000e+00
      vertex   1.186319e+01 -3.537588e+01 0.000000e+00
    endloop
  endfacet
  facet normal 0.000000e+00 0.000000e+00 1.000000e+00
    outer loop
      vertex   1.186319e+01 -3.537588e+01 0.000000e+00
      vertex   1.070000e+01 -3.630000e+01 0.000000e+00
      vertex   1.193054e+01 -3.539392e+01 0.000000e+00
    endloop
  endfacet
  facet normal 0.000000e+00 0.000000e+00 1.000000e+00
    outer loop
      vertex   1.193054e+01 -3.539392e+01 0.000000e+00
      vertex   1.070000e+01 -3.630000e+01 0.000000e+00
      vertex   1.200000e+01 -3.540000e+01 0.000000e+00
    endloop
  endfacet
  facet normal -0.000000e+00 0.000000e+00 1.000000e+00
    outer loop
      vertex   1.200000e+01 -3.540000e+01 0.000000e+00
      vertex   1.070000e+01 -3.630000e+01 0.000000e+00
      vertex   2.800000e+01 -3.540000e+01 0.000000e+00
    endloop
  endfacet
  facet normal 0.000000e+00 0.000000e+00 1.000000e+00
    outer loop
      vertex   2.800000e+01 -3.540000e+01 0.000000e+00
      vertex   1.070000e+01 -3.630000e+01 0.000000e+00
      vertex   2.930000e+01 -3.630000e+01 0.000000e+00
    endloop
  endfacet
  facet normal -0.000000e+00 0.000000e+00 1.000000e+00
    outer loop
      vertex   2.800000e+01 -3.540000e+01 0.000000e+00
      vertex   2.930000e+01 -3.630000e+01 0.000000e+00
      vertex   2.806946e+01 -3.539392e+01 0.000000e+00
    endloop
  endfacet
  facet normal -0.000000e+00 0.000000e+00 1.000000e+00
    outer loop
      vertex   2.806946e+01 -3.539392e+01 0.000000e+00
      vertex   2.930000e+01 -3.630000e+01 0.000000e+00
      vertex   2.813681e+01 -3.537588e+01 0.000000e+00
    endloop
  endfacet
  facet normal -0.000000e+00 0.000000e+00 1.000000e+00
    outer loop
      vertex   2.813681e+01 -3.537588e+01 0.000000e+00
      vertex   2.930000e+01 -3.630000e+01 0.000000e+00
      vertex   2.820000e+01 -3.534641e+01 0.000000e+00
    endloop
  endfacet
  facet normal -0.000000e+00 0.000000e+00 1.000000e+00
    outer loop
      vertex   2.820000e+01 -3.534641e+01 0.000000e+00
      vertex   2.930000e+01 -3.630000e+01 0.000000e+00
      vertex   2.825711e+01 -3.530642e+01 0.000000e+00
    endloop
  endfacet
  facet normal -0.000000e+00 0.000000e+00 1.000000e+00
    outer loop
      vertex   2.825711e+01 -3.530642e+01 0.000000e+00
      vertex   2.930000e+01 -3.630000e+01 0.000000e+00
      vertex   2.830642e+01 -3.525712e+01 0.000000e+00
    endloop
  endfacet
  facet normal -0.000000e+00 0.000000e+00 1.000000e+00
    outer loop
      vertex   2.830642e+01 -3.525712e+01 0.000000e+00
      vertex   2.930000e+01 -3.630000e+01 0.000000e+00
      vertex   2.834641e+01 -3.520000e+01 0.000000e+00
    endloop
  endfacet
  facet normal -0.000000e+00 0.000000e+00 1.000000e+00
    outer loop
      vertex   2.834641e+01 -3.520000e+01 0.000000e+00
      vertex   2.930000e+01 -3.630000e+01 0.000000e+00
      vertex   2.837588e+01 -3.513681e+01 0.000000e+00
    endloop
  endfacet
  facet normal -0.000000e+00 0.000000e+00 1.000000e+00
    outer loop
      vertex   2.837588e+01 -3.513681e+01 0.000000e+00
      vertex   2.930000e+01 -3.630000e+01 0.000000e+00
      vertex   2.839392e+01 -3.506946e+01 0.000000e+00
    endloop
  endfacet
  facet normal 0.000000e+00 0.000000e+00 1.000000e+00
    outer loop
      vertex   1.200000e+01 -7.700000e+00 0.000000e+00
      vertex   1.206946e+01 -1.224967e+01 0.000000e+00
      vertex   1.336462e+01 -1.010000e+01 0.000000e+00
    endloop
  endfacet
  facet normal 0.000000e+00 0.000000e+00 1.000000e+00
    outer loop
      vertex   1.336462e+01 -1.010000e+01 0.000000e+00
      vertex   1.206946e+01 -1.224967e+01 0.000000e+00
      vertex   1.213681e+01 -1.226772e+01 0.000000e+00
    endloop
  endfacet
  facet normal 0.000000e+00 0.000000e+00 1.000000e+00
    outer loop
      vertex   1.336462e+01 -1.010000e+01 0.000000e+00
      vertex   1.213681e+01 -1.226772e+01 0.000000e+00
      vertex   1.220000e+01 -1.229718e+01 0.000000e+00
    endloop
  endfacet
  facet normal 0.000000e+00 0.000000e+00 1.000000e+00
    outer loop
      vertex   1.336462e+01 -1.010000e+01 0.000000e+00
      vertex   1.220000e+01 -1.229718e+01 0.000000e+00
      vertex   1.337069e+01 -1.016946e+01 0.000000e+00
    endloop
  endfacet
  facet normal 0.000000e+00 0.000000e+00 1.000000e+00
    outer loop
      vertex   1.337069e+01 -1.016946e+01 0.000000e+00
      vertex   1.220000e+01 -1.229718e+01 0.000000e+00
      vertex   1.225712e+01 -1.233718e+01 0.000000e+00
    endloop
  endfacet
  facet normal 0.000000e+00 0.000000e+00 1.000000e+00
    outer loop
      vertex   1.337069e+01 -1.016946e+01 0.000000e+00
      vertex   1.225712e+01 -1.233718e+01 0.000000e+00
      vertex   1.230642e+01 -1.238648e+01 0.000000e+00
    endloop
  endfacet
  facet normal 0.000000e+00 0.000000e+00 1.000000e+00
    outer loop
      vertex   1.337069e+01 -1.016946e+01 0.000000e+00
      vertex   1.230642e+01 -1.238648e+01 0.000000e+00
      vertex   1.338874e+01 -1.023681e+01 0.000000e+00
    endloop
  endfacet
  facet normal 0.000000e+00 0.000000e+00 1.000000e+00
    outer loop
      vertex   1.338874e+01 -1.023681e+01 0.000000e+00
      vertex   1.230642e+01 -1.238648e+01 0.000000e+00
      vertex   1.234641e+01 -1.244359e+01 0.000000e+00
    endloop
  endfacet
  facet normal 0.000000e+00 0.000000e+00 1.000000e+00
    outer loop
      vertex   1.338874e+01 -1.023681e+01 0.000000e+00
      vertex   1.234641e+01 -1.244359e+01 0.000000e+00
      vertex   1.341821e+01 -1.030000e+01 0.000000e+00
    endloop
  endfacet
  facet normal 0.000000e+00 0.000000e+00 1.000000e+00
    outer loop
      vertex   1.341821e+01 -1.030000e+01 0.000000e+00
      vertex   1.234641e+01 -1.244359e+01 0.000000e+00
      vertex   1.965359e+01 -2.110000e+01 0.000000e+00
    endloop
  endfacet
  facet normal 0.000000e+00 0.000000e+00 1.000000e+00
    outer loop
      vertex   1.965359e+01 -2.110000e+01 0.000000e+00
      vertex   1.234641e+01 -1.244359e+01 0.000000e+00
      vertex   1.965359e+01 -2.510000e+01 0.000000e+00
    endloop
  endfacet
  facet normal 0.000000e+00 0.000000e+00 1.000000e+00
    outer loop
      vertex   1.965359e+01 -2.110000e+01 0.000000e+00
      vertex   1.965359e+01 -2.510000e+01 0.000000e+00
      vertex   1.969358e+01 -2.115712e+01 0.000000e+00
    endloop
  endfacet
  facet normal 0.000000e+00 0.000000e+00 1.000000e+00
    outer loop
      vertex   1.969358e+01 -2.115712e+01 0.000000e+00
      vertex   1.965359e+01 -2.510000e+01 0.000000e+00
      vertex   1.974289e+01 -2.120642e+01 0.000000e+00
    endloop
  endfacet
  facet normal 0.000000e+00 0.000000e+00 1.000000e+00
    outer loop
      vertex   1.974289e+01 -2.120642e+01 0.000000e+00
      vertex   1.965359e+01 -2.510000e+01 0.000000e+00
      vertex   1.980000e+01 -2.124641e+01 0.000000e+00
    endloop
  endfacet
  facet normal 0.000000e+00 0.000000e+00 1.000000e+00
    outer loop
      vertex   1.980000e+01 -2.124641e+01 0.000000e+00
      vertex   1.965359e+01 -2.510000e+01 0.000000e+00
      vertex   1.986319e+01 -2.127588e+01 0.000000e+00
    endloop
  endfacet
  facet normal 0.000000e+00 0.000000e+00 1.000000e+00
    outer loop
      vertex   1.986319e+01 -2.127588e+01 0.000000e+00
      vertex   1.965359e+01 -2.510000e+01 0.000000e+00
      vertex   1.993054e+01 -2.129392e+01 0.000000e+00
    endloop
  endfacet
  facet normal 0.000000e+00 0.000000e+00 1.000000e+00
    outer loop
      vertex   1.993054e+01 -2.129392e+01 0.000000e+00
      vertex   1.965359e+01 -2.510000e+01 0.000000e+00
      vertex   2.000000e+01 -2.130000e+01 0.000000e+00
    endloop
  endfacet
  facet normal 0.000000e+00 0.000000e+00 1.000000e+00
    outer loop
      vertex   2.000000e+01 -2.130000e+01 0.000000e+00
      vertex   1.965359e+01 -2.510000e+01 0.000000e+00
      vertex   2.034641e+01 -2.510000e+01 0.000000e+00
    endloop
  endfacet
  facet normal -0.000000e+00 0.000000e+00 1.000000e+00
    outer loop
      vertex   2.000000e+01 -2.130000e+01 0.000000e+00
      vertex   2.034641e+01 -2.510000e+01 0.000000e+00
      vertex   2.006946e+01 -2.129392e+01 0.000000e+00
    endloop
  endfacet
  facet normal -0.000000e+00 0.000000e+00 1.000000e+00
    outer loop
      vertex   2.006946e+01 -2.129392e+01 0.000000e+00
      vertex   2.034641e+01 -2.510000e+01 0.000000e+00
      vertex   2.013681e+01 -2.127588e+01 0.000000e+00
    endloop
  endfacet
  facet normal -0.000000e+00 0.000000e+00 1.000000e+00
    outer loop
      vertex   2.013681e+01 -2.127588e+01 0.000000e+00
      vertex   2.034641e+01 -2.510000e+01 0.000000e+00
      vertex   2.020000e+01 -2.124641e+01 0.000000e+00
    endloop
  endfacet
  facet normal -0.000000e+00 0.000000e+00 1.000000e+00
    outer loop
      vertex   2.020000e+01 -2.124641e+01 0.000000e+00
      vertex   2.034641e+01 -2.510000e+01 0.000000e+00
      vertex   2.025712e+01 -2.120642e+01 0.000000e+00
    endloop
  endfacet
  facet normal -0.000000e+00 0.000000e+00 1.000000e+00
    outer loop
      vertex   2.025712e+01 -2.120642e+01 0.000000e+00
      vertex   2.034641e+01 -2.510000e+01 0.000000e+00
      vertex   2.030642e+01 -2.115712e+01 0.000000e+00
    endloop
  endfacet
  facet normal -0.000000e+00 0.000000e+00 1.000000e+00
    outer loop
      vertex   2.030642e+01 -2.115712e+01 0.000000e+00
      vertex   2.034641e+01 -2.510000e+01 0.000000e+00
      vertex   2.034641e+01 -2.110000e+01 0.000000e+00
    endloop
  endfacet
  facet normal -0.000000e+00 0.000000e+00 1.000000e+00
    outer loop
      vertex   2.034641e+01 -2.110000e+01 0.000000e+00
      vertex   2.034641e+01 -2.510000e+01 0.000000e+00
      vertex   2.765359e+01 -1.244359e+01 0.000000e+00
    endloop
  endfacet
  facet normal 0.000000e+00 0.000000e+00 1.000000e+00
    outer loop
      vertex   2.034641e+01 -2.110000e+01 0.000000e+00
      vertex   2.765359e+01 -1.244359e+01 0.000000e+00
      vertex   2.658179e+01 -1.030000e+01 0.000000e+00
    endloop
  endfacet
  facet normal -0.000000e+00 0.000000e+00 1.000000e+00
    outer loop
      vertex   2.658179e+01 -1.030000e+01 0.000000e+00
      vertex   2.765359e+01 -1.244359e+01 0.000000e+00
      vertex   2.661126e+01 -1.023681e+01 0.000000e+00
    endloop
  endfacet
  facet normal 0.000000e+00 0.000000e+00 1.000000e+00
    outer loop
      vertex   2.661126e+01 -1.023681e+01 0.000000e+00
      vertex   2.765359e+01 -1.244359e+01 0.000000e+00
      vertex   2.769358e+01 -1.238648e+01 0.000000e+00
    endloop
  endfacet
  facet normal -0.000000e+00 0.000000e+00 1.000000e+00
    outer loop
      vertex   2.661126e+01 -1.023681e+01 0.000000e+00
      vertex   2.769358e+01 -1.238648e+01 0.000000e+00
      vertex   2.662931e+01 -1.016946e+01 0.000000e+00
    endloop
  endfacet
  facet normal 0.000000e+00 0.000000e+00 1.000000e+00
    outer loop
      vertex   2.662931e+01 -1.016946e+01 0.000000e+00
      vertex   2.769358e+01 -1.238648e+01 0.000000e+00
      vertex   2.774289e+01 -1.233718e+01 0.000000e+00
    endloop
  endfacet
  facet normal 0.000000e+00 0.000000e+00 1.000000e+00
    outer loop
      vertex   2.662931e+01 -1.016946e+01 0.000000e+00
      vertex   2.774289e+01 -1.233718e+01 0.000000e+00
      vertex   2.780000e+01 -1.229718e+01 0.000000e+00
    endloop
  endfacet
  facet normal -0.000000e+00 -0.000000e+00 1.000000e+00
    outer loop
      vertex   1.969358e+01 -2.515712e+01 0.000000e+00
      vertex   1.974289e+01 -2.520642e+01 0.000000e+00
      vertex   1.965359e+01 -2.510000e+01 0.000000e+00
    endloop
  endfacet
  facet normal 0.000000e+00 0.000000e+00 1.000000e+00
    outer loop
      vertex   1.965359e+01 -2.510000e+01 0.000000e+00
      vertex   1.974289e+01 -2.520642e+01 0.000000e+00
      vertex   1.980000e+01 -2.524641e+01 0.000000e+00
    endloop
  endfacet
  facet normal 0.000000e+00 0.000000e+00 1.000000e+00
    outer loop
      vertex   1.965359e+01 -2.510000e+01 0.000000e+00
      vertex   1.980000e+01 -2.524641e+01 0.000000e+00
      vertex   1.986319e+01 -2.527588e+01 0.000000e+00
    endloop
  endfacet
  facet normal -0.000000e+00 -0.000000e+00 1.000000e+00
    outer loop
      vertex   1.986319e+01 -2.527588e+01 0.000000e+00
      vertex   1.993054e+01 -2.529392e+01 0.000000e+00
      vertex   1.965359e+01 -2.510000e+01 0.000000e+00
    endloop
  endfacet
  facet normal 0.000000e+00 0.000000e+00 1.000000e+00
    outer loop
      vertex   1.965359e+01 -2.510000e+01 0.000000e+00
      vertex   1.993054e+01 -2.529392e+01 0.000000e+00
      vertex   2.000000e+01 -2.530000e+01 0.000000e+00
    endloop
  endfacet
  facet normal -0.000000e+00 0.000000e+00 1.000000e+00
    outer loop
      vertex   1.965359e+01 -2.510000e+01 0.000000e+00
      vertex   2.000000e+01 -2.530000e+01 0.000000e+00
      vertex   2.034641e+01 -2.510000e+01 0.000000e+00
    endloop
  endfacet
  facet normal 0.000000e+00 0.000000e+00 1.000000e+00
    outer loop
      vertex   2.034641e+01 -2.510000e+01 0.000000e+00
      vertex   2.000000e+01 -2.530000e+01 0.000000e+00
      vertex   2.006946e+01 -2.529392e+01 0.000000e+00
    endloop
  endfacet
  facet normal 0.000000e+00 0.000000e+00 1.000000e+00
    outer loop
      vertex   2.034641e+01 -2.510000e+01 0.000000e+00
      vertex   2.006946e+01 -2.529392e+01 0.000000e+00
      vertex   2.013681e+01 -2.527588e+01 0.000000e+00
    endloop
  endfacet
  facet normal 0.000000e+00 0.000000e+00 1.000000e+00
    outer loop
      vertex   2.013681e+01 -2.527588e+01 0.000000e+00
      vertex   2.020000e+01 -2.524641e+01 0.000000e+00
      vertex   2.034641e+01 -2.510000e+01 0.000000e+00
    endloop
  endfacet
  facet normal 0.000000e+00 0.000000e+00 1.000000e+00
    outer loop
      vertex   2.034641e+01 -2.510000e+01 0.000000e+00
      vertex   2.020000e+01 -2.524641e+01 0.000000e+00
      vertex   2.025712e+01 -2.520642e+01 0.000000e+00
    endloop
  endfacet
  facet normal 0.000000e+00 0.000000e+00 1.000000e+00
    outer loop
      vertex   2.034641e+01 -2.510000e+01 0.000000e+00
      vertex   2.025712e+01 -2.520642e+01 0.000000e+00
      vertex   2.030642e+01 -2.515712e+01 0.000000e+00
    endloop
  endfacet
  facet normal -0.000000e+00 0.000000e+00 1.000000e+00
    outer loop
      vertex   2.662931e+01 -1.016946e+01 0.000000e+00
      vertex   2.780000e+01 -1.229718e+01 0.000000e+00
      vertex   2.663538e+01 -1.010000e+01 0.000000e+00
    endloop
  endfacet
  facet normal 0.000000e+00 0.000000e+00 1.000000e+00
    outer loop
      vertex   2.663538e+01 -1.010000e+01 0.000000e+00
      vertex   2.780000e+01 -1.229718e+01 0.000000e+00
      vertex   2.786319e+01 -1.226772e+01 0.000000e+00
    endloop
  endfacet
  facet normal 0.000000e+00 0.000000e+00 1.000000e+00
    outer loop
      vertex   2.663538e+01 -1.010000e+01 0.000000e+00
      vertex   2.786319e+01 -1.226772e+01 0.000000e+00
      vertex   2.793054e+01 -1.224967e+01 0.000000e+00
    endloop
  endfacet
  facet normal -0.000000e+00 0.000000e+00 1.000000e+00
    outer loop
      vertex   2.663538e+01 -1.010000e+01 0.000000e+00
      vertex   2.793054e+01 -1.224967e+01 0.000000e+00
      vertex   2.800000e+01 -7.700000e+00 0.000000e+00
    endloop
  endfacet
  facet normal 0.000000e+00 0.000000e+00 1.000000e+00
    outer loop
      vertex   2.800000e+01 -7.700000e+00 0.000000e+00
      vertex   2.793054e+01 -1.224967e+01 0.000000e+00
      vertex   2.800000e+01 -1.224359e+01 0.000000e+00
    endloop
  endfacet
  facet normal 0.000000e+00 0.000000e+00 1.000000e+00
    outer loop
      vertex   2.800000e+01 -7.700000e+00 0.000000e+00
      vertex   2.800000e+01 -1.224359e+01 0.000000e+00
      vertex   2.806946e+01 -1.224967e+01 0.000000e+00
    endloop
  endfacet
  facet normal 0.000000e+00 -0.000000e+00 1.000000e+00
    outer loop
      vertex   1.369516e+01 -9.706077e+00 0.000000e+00
      vertex   1.376462e+01 -9.700000e+00 0.000000e+00
      vertex   1.200000e+01 -7.700000e+00 0.000000e+00
    endloop
  endfacet
  facet normal 0.000000e+00 0.000000e+00 1.000000e+00
    outer loop
      vertex   1.200000e+01 -7.700000e+00 0.000000e+00
      vertex   1.376462e+01 -9.700000e+00 0.000000e+00
      vertex   2.623538e+01 -9.700000e+00 0.000000e+00
    endloop
  endfacet
  facet normal -0.000000e+00 0.000000e+00 1.000000e+00
    outer loop
      vertex   2.637219e+01 -9.724123e+00 0.000000e+00
      vertex   2.643538e+01 -9.753590e+00 0.000000e+00
      vertex   2.800000e+01 -7.700000e+00 0.000000e+00
    endloop
  endfacet
  facet normal 0.000000e+00 0.000000e+00 1.000000e+00
    outer loop
      vertex   2.800000e+01 -7.700000e+00 0.000000e+00
      vertex   2.643538e+01 -9.753590e+00 0.000000e+00
      vertex   2.649250e+01 -9.793582e+00 0.000000e+00
    endloop
  endfacet
  facet normal 0.000000e+00 0.000000e+00 1.000000e+00
    outer loop
      vertex   2.800000e+01 -7.700000e+00 0.000000e+00
      vertex   2.649250e+01 -9.793582e+00 0.000000e+00
      vertex   2.654180e+01 -9.842885e+00 0.000000e+00
    endloop
  endfacet
  facet normal -0.000000e+00 0.000000e+00 1.000000e+00
    outer loop
      vertex   2.654180e+01 -9.842885e+00 0.000000e+00
      vertex   2.658179e+01 -9.899999e+00 0.000000e+00
      vertex   2.800000e+01 -7.700000e+00 0.000000e+00
    endloop
  endfacet
  facet normal 0.000000e+00 0.000000e+00 1.000000e+00
    outer loop
      vertex   2.800000e+01 -7.700000e+00 0.000000e+00
      vertex   2.658179e+01 -9.899999e+00 0.000000e+00
      vertex   2.661126e+01 -9.963192e+00 0.000000e+00
    endloop
  endfacet
  facet normal 0.000000e+00 0.000000e+00 1.000000e+00
    outer loop
      vertex   2.800000e+01 -7.700000e+00 0.000000e+00
      vertex   2.661126e+01 -9.963192e+00 0.000000e+00
      vertex   2.662931e+01 -1.003054e+01 0.000000e+00
    endloop
  endfacet
  facet normal -0.000000e+00 0.000000e+00 1.000000e+00
    outer loop
      vertex   2.662931e+01 -1.003054e+01 0.000000e+00
      vertex   2.663538e+01 -1.010000e+01 0.000000e+00
      vertex   2.800000e+01 -7.700000e+00 0.000000e+00
    endloop
  endfacet
  facet normal 0.000000e+00 -0.000000e+00 1.000000e+00
    outer loop
      vertex   1.336462e+01 -1.010000e+01 0.000000e+00
      vertex   1.337069e+01 -1.003054e+01 0.000000e+00
      vertex   1.200000e+01 -7.700000e+00 0.000000e+00
    endloop
  endfacet
  facet normal 0.000000e+00 0.000000e+00 1.000000e+00
    outer loop
      vertex   1.200000e+01 -7.700000e+00 0.000000e+00
      vertex   1.337069e+01 -1.003054e+01 0.000000e+00
      vertex   1.338874e+01 -9.963192e+00 0.000000e+00
    endloop
  endfacet
  facet normal 0.000000e+00 0.000000e+00 1.000000e+00
    outer loop
      vertex   1.200000e+01 -7.700000e+00 0.000000e+00
      vertex   1.338874e+01 -9.963192e+00 0.000000e+00
      vertex   1.341821e+01 -9.899999e+00 0.000000e+00
    endloop
  endfacet
  facet normal 0.000000e+00 -0.000000e+00 1.000000e+00
    outer loop
      vertex   1.341821e+01 -9.899999e+00 0.000000e+00
      vertex   1.345820e+01 -9.842885e+00 0.000000e+00
      vertex   1.200000e+01 -7.700000e+00 0.000000e+00
    endloop
  endfacet
  facet normal 0.000000e+00 0.000000e+00 1.000000e+00
    outer loop
      vertex   1.200000e+01 -7.700000e+00 0.000000e+00
      vertex   1.345820e+01 -9.842885e+00 0.000000e+00
      vertex   1.350750e+01 -9.793582e+00 0.000000e+00
    endloop
  endfacet
  facet normal 0.000000e+00 0.000000e+00 1.000000e+00
    outer loop
      vertex   1.200000e+01 -7.700000e+00 0.000000e+00
      vertex   1.350750e+01 -9.793582e+00 0.000000e+00
      vertex   1.356462e+01 -9.753590e+00 0.000000e+00
    endloop
  endfacet
  facet normal 0.000000e+00 -0.000000e+00 1.000000e+00
    outer loop
      vertex   1.356462e+01 -9.753590e+00 0.000000e+00
      vertex   1.362781e+01 -9.724123e+00 0.000000e+00
      vertex   1.200000e+01 -7.700000e+00 0.000000e+00
    endloop
  endfacet
  facet normal 0.000000e+00 0.000000e+00 1.000000e+00
    outer loop
      vertex   1.200000e+01 -7.700000e+00 0.000000e+00
      vertex   1.362781e+01 -9.724123e+00 0.000000e+00
      vertex   1.369516e+01 -9.706077e+00 0.000000e+00
    endloop
  endfacet
  facet normal 0.000000e+00 0.000000e+00 -1.000000e+00
    outer loop
      vertex   1.070000e+01 -3.630000e+01 1.900000e+00
      vertex   2.800000e+01 -3.540000e+01 1.900000e+00
      vertex   2.930000e+01 -3.630000e+01 1.900000e+00
    endloop
  endfacet
  facet normal 0.000000e+00 0.000000e+00 -1.000000e+00
    outer loop
      vertex   2.930000e+01 -3.630000e+01 1.900000e+00
      vertex   2.800000e+01 -3.540000e+01 1.900000e+00
      vertex   2.806946e+01 -3.539392e+01 1.900000e+00
    endloop
  endfacet
  facet normal 0.000000e+00 0.000000e+00 -1.000000e+00
    outer loop
      vertex   2.930000e+01 -3.630000e+01 1.900000e+00
      vertex   2.806946e+01 -3.539392e+01 1.900000e+00
      vertex   2.813681e+01 -3.537588e+01 1.900000e+00
    endloop
  endfacet
  facet normal 0.000000e+00 0.000000e+00 -1.000000e+00
    outer loop
      vertex   1.070000e+01 3.996803e-14 1.900000e+00
      vertex   1.160000e+01 -3.500000e+01 1.900000e+00
      vertex   1.070000e+01 -3.630000e+01 1.900000e+00
    endloop
  endfacet
  facet normal 0.000000e+00 0.000000e+00 -1.000000e+00
    outer loop
      vertex   1.070000e+01 -3.630000e+01 1.900000e+00
      vertex   1.160000e+01 -3.500000e+01 1.900000e+00
      vertex   1.160608e+01 -3.506946e+01 1.900000e+00
    endloop
  endfacet
  facet normal 0.000000e+00 0.000000e+00 -1.000000e+00
    outer loop
      vertex   1.070000e+01 -3.630000e+01 1.900000e+00
      vertex   1.160608e+01 -3.506946e+01 1.900000e+00
      vertex   1.162412e+01 -3.513681e+01 1.900000e+00
    endloop
  endfacet
  facet normal 0.000000e+00 0.000000e+00 -1.000000e+00
    outer loop
      vertex   1.070000e+01 3.996803e-14 1.900000e+00
      vertex   1.160000e+01 -1.080509e-06 1.900000e+00
      vertex   1.160000e+01 -3.500000e+01 1.900000e+00
    endloop
  endfacet
  facet normal 0.000000e+00 -0.000000e+00 -1.000000e+00
    outer loop
      vertex   1.162412e+01 -3.513681e+01 1.900000e+00
      vertex   1.165359e+01 -3.520000e+01 1.900000e+00
      vertex   1.070000e+01 -3.630000e+01 1.900000e+00
    endloop
  endfacet
  facet normal 0.000000e+00 0.000000e+00 -1.000000e+00
    outer loop
      vertex   1.070000e+01 -3.630000e+01 1.900000e+00
      vertex   1.165359e+01 -3.520000e+01 1.900000e+00
      vertex   1.169358e+01 -3.525712e+01 1.900000e+00
    endloop
  endfacet
  facet normal 0.000000e+00 0.000000e+00 -1.000000e+00
    outer loop
      vertex   1.070000e+01 -3.630000e+01 1.900000e+00
      vertex   1.169358e+01 -3.525712e+01 1.900000e+00
      vertex   1.174289e+01 -3.530642e+01 1.900000e+00
    endloop
  endfacet
  facet normal 0.000000e+00 -0.000000e+00 -1.000000e+00
    outer loop
      vertex   1.174289e+01 -3.530642e+01 1.900000e+00
      vertex   1.180000e+01 -3.534641e+01 1.900000e+00
      vertex   1.070000e+01 -3.630000e+01 1.900000e+00
    endloop
  endfacet
  facet normal 0.000000e+00 0.000000e+00 -1.000000e+00
    outer loop
      vertex   1.070000e+01 -3.630000e+01 1.900000e+00
      vertex   1.180000e+01 -3.534641e+01 1.900000e+00
      vertex   1.186319e+01 -3.537588e+01 1.900000e+00
    endloop
  endfacet
  facet normal 0.000000e+00 0.000000e+00 -1.000000e+00
    outer loop
      vertex   1.070000e+01 -3.630000e+01 1.900000e+00
      vertex   1.186319e+01 -3.537588e+01 1.900000e+00
      vertex   1.193054e+01 -3.539392e+01 1.900000e+00
    endloop
  endfacet
  facet normal 0.000000e+00 -0.000000e+00 -1.000000e+00
    outer loop
      vertex   1.193054e+01 -3.539392e+01 1.900000e+00
      vertex   1.200000e+01 -3.540000e+01 1.900000e+00
      vertex   1.070000e+01 -3.630000e+01 1.900000e+00
    endloop
  endfacet
  facet normal 0.000000e+00 0.000000e+00 -1.000000e+00
    outer loop
      vertex   1.070000e+01 -3.630000e+01 1.900000e+00
      vertex   1.200000e+01 -3.540000e+01 1.900000e+00
      vertex   2.800000e+01 -3.540000e+01 1.900000e+00
    endloop
  endfacet
  facet normal 0.000000e+00 0.000000e+00 -1.000000e+00
    outer loop
      vertex   2.813681e+01 -3.537588e+01 1.900000e+00
      vertex   2.820000e+01 -3.534641e+01 1.900000e+00
      vertex   2.930000e+01 -3.630000e+01 1.900000e+00
    endloop
  endfacet
  facet normal 0.000000e+00 0.000000e+00 -1.000000e+00
    outer loop
      vertex   2.930000e+01 -3.630000e+01 1.900000e+00
      vertex   2.820000e+01 -3.534641e+01 1.900000e+00
      vertex   2.825711e+01 -3.530642e+01 1.900000e+00
    endloop
  endfacet
  facet normal 0.000000e+00 0.000000e+00 -1.000000e+00
    outer loop
      vertex   2.930000e+01 -3.630000e+01 1.900000e+00
      vertex   2.825711e+01 -3.530642e+01 1.900000e+00
      vertex   2.830642e+01 -3.525712e+01 1.900000e+00
    endloop
  endfacet
  facet normal 0.000000e+00 0.000000e+00 -1.000000e+00
    outer loop
      vertex   2.830642e+01 -3.525712e+01 1.900000e+00
      vertex   2.834641e+01 -3.520000e+01 1.900000e+00
      vertex   2.930000e+01 -3.630000e+01 1.900000e+00
    endloop
  endfacet
  facet normal 0.000000e+00 0.000000e+00 -1.000000e+00
    outer loop
      vertex   2.930000e+01 -3.630000e+01 1.900000e+00
      vertex   2.834641e+01 -3.520000e+01 1.900000e+00
      vertex   2.837588e+01 -3.513681e+01 1.900000e+00
    endloop
  endfacet
  facet normal 0.000000e+00 0.000000e+00 -1.000000e+00
    outer loop
      vertex   2.930000e+01 -3.630000e+01 1.900000e+00
      vertex   2.837588e+01 -3.513681e+01 1.900000e+00
      vertex   2.839392e+01 -3.506946e+01 1.900000e+00
    endloop
  endfacet
  facet normal 0.000000e+00 0.000000e+00 -1.000000e+00
    outer loop
      vertex   2.839392e+01 -3.506946e+01 1.900000e+00
      vertex   2.840000e+01 -3.500000e+01 1.900000e+00
      vertex   2.930000e+01 -3.630000e+01 1.900000e+00
    endloop
  endfacet
  facet normal 0.000000e+00 0.000000e+00 -1.000000e+00
    outer loop
      vertex   2.930000e+01 -3.630000e+01 1.900000e+00
      vertex   2.840000e+01 -3.500000e+01 1.900000e+00
      vertex   2.930000e+01 -3.678539e-14 1.900000e+00
    endloop
  endfacet
  facet normal 0.000000e+00 0.000000e+00 -1.000000e+00
    outer loop
      vertex   2.930000e+01 -3.678539e-14 1.900000e+00
      vertex   2.840000e+01 -3.500000e+01 1.900000e+00
      vertex   2.840000e+01 -1.080509e-06 1.900000e+00
    endloop
  endfacet
  facet normal 1.000000e+00 0.000000e+00 -0.000000e+00
    outer loop
      vertex   1.070000e+01 3.996803e-14 0.000000e+00
      vertex   1.070000e+01 3.996803e-14 1.900000e+00
      vertex   1.070000e+01 -3.630000e+01 0.000000e+00
    endloop
  endfacet
  facet normal 1.000000e+00 0.000000e+00 0.000000e+00
    outer loop
      vertex   1.070000e+01 -3.630000e+01 0.000000e+00
      vertex   1.070000e+01 3.996803e-14 1.900000e+00
      vertex   1.070000e+01 -3.630000e+01 1.900000e+00
    endloop
  endfacet
  facet normal 0.000000e+00 1.000000e+00 0.000000e+00
    outer loop
      vertex   1.070000e+01 -3.630000e+01 0.000000e+00
      vertex   1.070000e+01 -3.630000e+01 1.900000e+00
      vertex   2.930000e+01 -3.630000e+01 0.000000e+00
    endloop
  endfacet
  facet normal 0.000000e+00 1.000000e+00 -0.000000e+00
    outer loop
      vertex   2.930000e+01 -3.630000e+01 0.000000e+00
      vertex   1.070000e+01 -3.630000e+01 1.900000e+00
      vertex   2.930000e+01 -3.630000e+01 1.900000e+00
    endloop
  endfacet
  facet normal -8.660254e-01 -5.000000e-01 0.000000e+00
    outer loop
      vertex   1.965359e+01 -2.510000e+01 -1.560000e+00
      vertex   1.965359e+01 -2.510000e+01 0.000000e+00
      vertex   1.234641e+01 -1.244359e+01 -1.560000e+00
    endloop
  endfacet
  facet normal -8.660254e-01 -5.000000e-01 0.000000e+00
    outer loop
      vertex   1.234641e+01 -1.244359e+01 -1.560000e+00
      vertex   1.965359e+01 -2.510000e+01 0.000000e+00
      vertex   1.234641e+01 -1.244359e+01 0.000000e+00
    endloop
  endfacet
  facet normal -6.540795e-02 -9.978586e-01 -0.000000e+00
    outer loop
      vertex   9.917263e+00 -3.828802e+01 3.300000e+00
      vertex   9.917263e+00 -3.828802e+01 -1.560000e+00
      vertex   1.010000e+01 -3.830000e+01 3.300000e+00
    endloop
  endfacet
  facet normal -6.540795e-02 -9.978586e-01 -0.000000e+00
    outer loop
      vertex   1.010000e+01 -3.830000e+01 3.300000e+00
      vertex   9.917263e+00 -3.828802e+01 -1.560000e+00
      vertex   1.010000e+01 -3.830000e+01 -1.560000e+00
    endloop
  endfacet
  facet normal -1.950801e-01 -9.807873e-01 -0.000000e+00
    outer loop
      vertex   9.737654e+00 -3.825230e+01 3.300000e+00
      vertex   9.737654e+00 -3.825230e+01 -1.560000e+00
      vertex   9.917263e+00 -3.828802e+01 3.300000e+00
    endloop
  endfacet
  facet normal -1.950801e-01 -9.807873e-01 -0.000000e+00
    outer loop
      vertex   9.917263e+00 -3.828802e+01 3.300000e+00
      vertex   9.737654e+00 -3.825230e+01 -1.560000e+00
      vertex   9.917263e+00 -3.828802e+01 -1.560000e+00
    endloop
  endfacet
  facet normal -3.214313e-01 -9.469329e-01 -0.000000e+00
    outer loop
      vertex   9.564244e+00 -3.819343e+01 3.300000e+00
      vertex   9.564244e+00 -3.819343e+01 -1.560000e+00
      vertex   9.737654e+00 -3.825230e+01 3.300000e+00
    endloop
  endfacet
  facet normal -3.214313e-01 -9.469329e-01 -0.000000e+00
    outer loop
      vertex   9.737654e+00 -3.825230e+01 3.300000e+00
      vertex   9.564244e+00 -3.819343e+01 -1.560000e+00
      vertex   9.737654e+00 -3.825230e+01 -1.560000e+00
    endloop
  endfacet
  facet normal -4.422974e-01 -8.968685e-01 -0.000000e+00
    outer loop
      vertex   9.400000e+00 -3.811244e+01 3.300000e+00
      vertex   9.400000e+00 -3.811244e+01 -1.560000e+00
      vertex   9.564244e+00 -3.819343e+01 3.300000e+00
    endloop
  endfacet
  facet normal -4.422974e-01 -8.968685e-01 -0.000000e+00
    outer loop
      vertex   9.564244e+00 -3.819343e+01 3.300000e+00
      vertex   9.400000e+00 -3.811244e+01 -1.560000e+00
      vertex   9.564244e+00 -3.819343e+01 -1.560000e+00
    endloop
  endfacet
  facet normal -5.555592e-01 -8.314770e-01 -0.000000e+00
    outer loop
      vertex   9.247734e+00 -3.801070e+01 3.300000e+00
      vertex   9.247734e+00 -3.801070e+01 -1.560000e+00
      vertex   9.400000e+00 -3.811244e+01 3.300000e+00
    endloop
  endfacet
  facet normal -5.555592e-01 -8.314770e-01 -0.000000e+00
    outer loop
      vertex   9.400000e+00 -3.811244e+01 3.300000e+00
      vertex   9.247734e+00 -3.801070e+01 -1.560000e+00
      vertex   9.400000e+00 -3.811244e+01 -1.560000e+00
    endloop
  endfacet
  facet normal -6.593510e-01 -7.518353e-01 -0.000000e+00
    outer loop
      vertex   9.110050e+00 -3.788995e+01 3.300000e+00
      vertex   9.110050e+00 -3.788995e+01 -1.560000e+00
      vertex   9.247734e+00 -3.801070e+01 3.300000e+00
    endloop
  endfacet
  facet normal -6.593510e-01 -7.518353e-01 -0.000000e+00
    outer loop
      vertex   9.247734e+00 -3.801070e+01 3.300000e+00
      vertex   9.110050e+00 -3.788995e+01 -1.560000e+00
      vertex   9.247734e+00 -3.801070e+01 -1.560000e+00
    endloop
  endfacet
  facet normal -7.518431e-01 -6.593420e-01 -0.000000e+00
    outer loop
      vertex   8.989305e+00 -3.775227e+01 3.300000e+00
      vertex   8.989305e+00 -3.775227e+01 -1.560000e+00
      vertex   9.110050e+00 -3.788995e+01 3.300000e+00
    endloop
  endfacet
  facet normal -7.518431e-01 -6.593420e-01 -0.000000e+00
    outer loop
      vertex   9.110050e+00 -3.788995e+01 3.300000e+00
      vertex   8.989305e+00 -3.775227e+01 -1.560000e+00
      vertex   9.110050e+00 -3.788995e+01 -1.560000e+00
    endloop
  endfacet
  facet normal -8.314695e-01 -5.555704e-01 -0.000000e+00
    outer loop
      vertex   8.887565e+00 -3.760000e+01 3.300000e+00
      vertex   8.887565e+00 -3.760000e+01 -1.560000e+00
      vertex   8.989305e+00 -3.775227e+01 3.300000e+00
    endloop
  endfacet
  facet normal -8.314695e-01 -5.555704e-01 -0.000000e+00
    outer loop
      vertex   8.989305e+00 -3.775227e+01 3.300000e+00
      vertex   8.887565e+00 -3.760000e+01 -1.560000e+00
      vertex   8.989305e+00 -3.775227e+01 -1.560000e+00
    endloop
  endfacet
  facet normal -8.968717e-01 -4.422908e-01 -0.000000e+00
    outer loop
      vertex   8.806569e+00 -3.743576e+01 3.300000e+00
      vertex   8.806569e+00 -3.743576e+01 -1.560000e+00
      vertex   8.887565e+00 -3.760000e+01 3.300000e+00
    endloop
  endfacet
  facet normal -8.968717e-01 -4.422908e-01 -0.000000e+00
    outer loop
      vertex   8.887565e+00 -3.760000e+01 3.300000e+00
      vertex   8.806569e+00 -3.743576e+01 -1.560000e+00
      vertex   8.887565e+00 -3.760000e+01 -1.560000e+00
    endloop
  endfacet
  facet normal -9.469283e-01 -3.214450e-01 -0.000000e+00
    outer loop
      vertex   8.747703e+00 -3.726235e+01 3.300000e+00
      vertex   8.747703e+00 -3.726235e+01 -1.560000e+00
      vertex   8.806569e+00 -3.743576e+01 3.300000e+00
    endloop
  endfacet
  facet normal -9.469283e-01 -3.214450e-01 -0.000000e+00
    outer loop
      vertex   8.806569e+00 -3.743576e+01 3.300000e+00
      vertex   8.747703e+00 -3.726235e+01 -1.560000e+00
      vertex   8.806569e+00 -3.743576e+01 -1.560000e+00
    endloop
  endfacet
  facet normal -9.807861e-01 -1.950864e-01 -0.000000e+00
    outer loop
      vertex   8.711977e+00 -3.708274e+01 3.300000e+00
      vertex   8.711977e+00 -3.708274e+01 -1.560000e+00
      vertex   8.747703e+00 -3.726235e+01 3.300000e+00
    endloop
  endfacet
  facet normal -9.807861e-01 -1.950864e-01 -0.000000e+00
    outer loop
      vertex   8.747703e+00 -3.726235e+01 3.300000e+00
      vertex   8.711977e+00 -3.708274e+01 -1.560000e+00
      vertex   8.747703e+00 -3.726235e+01 -1.560000e+00
    endloop
  endfacet
  facet normal -9.978589e-01 -6.540296e-02 -0.000000e+00
    outer loop
      vertex   8.700000e+00 -3.690000e+01 3.300000e+00
      vertex   8.700000e+00 -3.690000e+01 -1.560000e+00
      vertex   8.711977e+00 -3.708274e+01 3.300000e+00
    endloop
  endfacet
  facet normal -9.978589e-01 -6.540296e-02 -0.000000e+00
    outer loop
      vertex   8.711977e+00 -3.708274e+01 3.300000e+00
      vertex   8.700000e+00 -3.690000e+01 -1.560000e+00
      vertex   8.711977e+00 -3.708274e+01 -1.560000e+00
    endloop
  endfacet
  facet normal 7.071068e-01 -7.071068e-01 0.000000e+00
    outer loop
      vertex   2.025712e+01 -2.520642e+01 0.000000e+00
      vertex   2.025712e+01 -2.520642e+01 -1.560000e+00
      vertex   2.030642e+01 -2.515712e+01 0.000000e+00
    endloop
  endfacet
  facet normal 7.071068e-01 -7.071068e-01 0.000000e+00
    outer loop
      vertex   2.030642e+01 -2.515712e+01 0.000000e+00
      vertex   2.025712e+01 -2.520642e+01 -1.560000e+00
      vertex   2.030642e+01 -2.515712e+01 -1.560000e+00
    endloop
  endfacet
  facet normal 5.735886e-01 -8.191436e-01 0.000000e+00
    outer loop
      vertex   2.020000e+01 -2.524641e+01 0.000000e+00
      vertex   2.020000e+01 -2.524641e+01 -1.560000e+00
      vertex   2.025712e+01 -2.520642e+01 0.000000e+00
    endloop
  endfacet
  facet normal 5.735886e-01 -8.191436e-01 0.000000e+00
    outer loop
      vertex   2.025712e+01 -2.520642e+01 0.000000e+00
      vertex   2.020000e+01 -2.524641e+01 -1.560000e+00
      vertex   2.025712e+01 -2.520642e+01 -1.560000e+00
    endloop
  endfacet
  facet normal 4.226047e-01 -9.063141e-01 0.000000e+00
    outer loop
      vertex   2.013681e+01 -2.527588e+01 0.000000e+00
      vertex   2.013681e+01 -2.527588e+01 -1.560000e+00
      vertex   2.020000e+01 -2.524641e+01 0.000000e+00
    endloop
  endfacet
  facet normal 4.226047e-01 -9.063141e-01 0.000000e+00
    outer loop
      vertex   2.020000e+01 -2.524641e+01 0.000000e+00
      vertex   2.013681e+01 -2.527588e+01 -1.560000e+00
      vertex   2.020000e+01 -2.524641e+01 -1.560000e+00
    endloop
  endfacet
  facet normal 2.588181e-01 -9.659261e-01 0.000000e+00
    outer loop
      vertex   2.006946e+01 -2.529392e+01 0.000000e+00
      vertex   2.006946e+01 -2.529392e+01 -1.560000e+00
      vertex   2.013681e+01 -2.527588e+01 0.000000e+00
    endloop
  endfacet
  facet normal 2.588181e-01 -9.659261e-01 0.000000e+00
    outer loop
      vertex   2.013681e+01 -2.527588e+01 0.000000e+00
      vertex   2.006946e+01 -2.529392e+01 -1.560000e+00
      vertex   2.013681e+01 -2.527588e+01 -1.560000e+00
    endloop
  endfacet
  facet normal 8.715932e-02 -9.961944e-01 0.000000e+00
    outer loop
      vertex   2.000000e+01 -2.530000e+01 0.000000e+00
      vertex   2.000000e+01 -2.530000e+01 -1.560000e+00
      vertex   2.006946e+01 -2.529392e+01 0.000000e+00
    endloop
  endfacet
  facet normal 8.715932e-02 -9.961944e-01 0.000000e+00
    outer loop
      vertex   2.006946e+01 -2.529392e+01 0.000000e+00
      vertex   2.000000e+01 -2.530000e+01 -1.560000e+00
      vertex   2.006946e+01 -2.529392e+01 -1.560000e+00
    endloop
  endfacet
  facet normal -8.716080e-02 -9.961943e-01 -0.000000e+00
    outer loop
      vertex   1.993054e+01 -2.529392e+01 0.000000e+00
      vertex   1.993054e+01 -2.529392e+01 -1.560000e+00
      vertex   2.000000e+01 -2.530000e+01 0.000000e+00
    endloop
  endfacet
  facet normal -8.716080e-02 -9.961943e-01 -0.000000e+00
    outer loop
      vertex   2.000000e+01 -2.530000e+01 0.000000e+00
      vertex   1.993054e+01 -2.529392e+01 -1.560000e+00
      vertex   2.000000e+01 -2.530000e+01 -1.560000e+00
    endloop
  endfacet
  facet normal -2.588181e-01 -9.659261e-01 -0.000000e+00
    outer loop
      vertex   1.986319e+01 -2.527588e+01 0.000000e+00
      vertex   1.986319e+01 -2.527588e+01 -1.560000e+00
      vertex   1.993054e+01 -2.529392e+01 0.000000e+00
    endloop
  endfacet
  facet normal -2.588181e-01 -9.659261e-01 -0.000000e+00
    outer loop
      vertex   1.993054e+01 -2.529392e+01 0.000000e+00
      vertex   1.986319e+01 -2.527588e+01 -1.560000e+00
      vertex   1.993054e+01 -2.529392e+01 -1.560000e+00
    endloop
  endfacet
  facet normal -4.226047e-01 -9.063141e-01 -0.000000e+00
    outer loop
      vertex   1.980000e+01 -2.524641e+01 0.000000e+00
      vertex   1.980000e+01 -2.524641e+01 -1.560000e+00
      vertex   1.986319e+01 -2.527588e+01 0.000000e+00
    endloop
  endfacet
  facet normal -4.226047e-01 -9.063141e-01 -0.000000e+00
    outer loop
      vertex   1.986319e+01 -2.527588e+01 0.000000e+00
      vertex   1.980000e+01 -2.524641e+01 -1.560000e+00
      vertex   1.986319e+01 -2.527588e+01 -1.560000e+00
    endloop
  endfacet
  facet normal -5.735886e-01 -8.191436e-01 -0.000000e+00
    outer loop
      vertex   1.974289e+01 -2.520642e+01 0.000000e+00
      vertex   1.974289e+01 -2.520642e+01 -1.560000e+00
      vertex   1.980000e+01 -2.524641e+01 0.000000e+00
    endloop
  endfacet
  facet normal -5.735886e-01 -8.191436e-01 -0.000000e+00
    outer loop
      vertex   1.980000e+01 -2.524641e+01 0.000000e+00
      vertex   1.974289e+01 -2.520642e+01 -1.560000e+00
      vertex   1.980000e+01 -2.524641e+01 -1.560000e+00
    endloop
  endfacet
  facet normal -7.071068e-01 -7.071068e-01 -0.000000e+00
    outer loop
      vertex   1.969358e+01 -2.515712e+01 0.000000e+00
      vertex   1.969358e+01 -2.515712e+01 -1.560000e+00
      vertex   1.974289e+01 -2.520642e+01 0.000000e+00
    endloop
  endfacet
  facet normal -7.071068e-01 -7.071068e-01 -0.000000e+00
    outer loop
      vertex   1.974289e+01 -2.520642e+01 0.000000e+00
      vertex   1.969358e+01 -2.515712e+01 -1.560000e+00
      vertex   1.974289e+01 -2.520642e+01 -1.560000e+00
    endloop
  endfacet
  facet normal -8.191468e-01 -5.735840e-01 -0.000000e+00
    outer loop
      vertex   1.965359e+01 -2.510000e+01 0.000000e+00
      vertex   1.965359e+01 -2.510000e+01 -1.560000e+00
      vertex   1.969358e+01 -2.515712e+01 0.000000e+00
    endloop
  endfacet
  facet normal -8.191468e-01 -5.735840e-01 -0.000000e+00
    outer loop
      vertex   1.969358e+01 -2.515712e+01 0.000000e+00
      vertex   1.965359e+01 -2.510000e+01 -1.560000e+00
      vertex   1.969358e+01 -2.515712e+01 -1.560000e+00
    endloop
  endfacet
  facet normal 8.716080e-02 -9.961943e-01 0.000000e+00
    outer loop
      vertex   1.369516e+01 -9.706077e+00 0.000000e+00
      vertex   1.369516e+01 -9.706077e+00 -1.560000e+00
      vertex   1.376462e+01 -9.700000e+00 0.000000e+00
    endloop
  endfacet
  facet normal 8.716080e-02 -9.961943e-01 0.000000e+00
    outer loop
      vertex   1.376462e+01 -9.700000e+00 0.000000e+00
      vertex   1.369516e+01 -9.706077e+00 -1.560000e+00
      vertex   1.376462e+01 -9.700000e+00 -1.560000e+00
    endloop
  endfacet
  facet normal 2.588181e-01 -9.659261e-01 0.000000e+00
    outer loop
      vertex   1.362781e+01 -9.724123e+00 0.000000e+00
      vertex   1.362781e+01 -9.724123e+00 -1.560000e+00
      vertex   1.369516e+01 -9.706077e+00 0.000000e+00
    endloop
  endfacet
  facet normal 2.588181e-01 -9.659261e-01 0.000000e+00
    outer loop
      vertex   1.369516e+01 -9.706077e+00 0.000000e+00
      vertex   1.362781e+01 -9.724123e+00 -1.560000e+00
      vertex   1.369516e+01 -9.706077e+00 -1.560000e+00
    endloop
  endfacet
  facet normal 4.226182e-01 -9.063078e-01 0.000000e+00
    outer loop
      vertex   1.356462e+01 -9.753590e+00 0.000000e+00
      vertex   1.356462e+01 -9.753590e+00 -1.560000e+00
      vertex   1.362781e+01 -9.724123e+00 0.000000e+00
    endloop
  endfacet
  facet normal 4.226182e-01 -9.063078e-01 0.000000e+00
    outer loop
      vertex   1.362781e+01 -9.724123e+00 0.000000e+00
      vertex   1.356462e+01 -9.753590e+00 -1.560000e+00
      vertex   1.362781e+01 -9.724123e+00 -1.560000e+00
    endloop
  endfacet
  facet normal 5.735725e-01 -8.191548e-01 0.000000e+00
    outer loop
      vertex   1.350750e+01 -9.793582e+00 0.000000e+00
      vertex   1.350750e+01 -9.793582e+00 -1.560000e+00
      vertex   1.356462e+01 -9.753590e+00 0.000000e+00
    endloop
  endfacet
  facet normal 5.735725e-01 -8.191548e-01 0.000000e+00
    outer loop
      vertex   1.356462e+01 -9.753590e+00 0.000000e+00
      vertex   1.350750e+01 -9.793582e+00 -1.560000e+00
      vertex   1.356462e+01 -9.753590e+00 -1.560000e+00
    endloop
  endfacet
  facet normal 7.071111e-01 -7.071025e-01 0.000000e+00
    outer loop
      vertex   1.345820e+01 -9.842885e+00 0.000000e+00
      vertex   1.345820e+01 -9.842885e+00 -1.560000e+00
      vertex   1.350750e+01 -9.793582e+00 0.000000e+00
    endloop
  endfacet
  facet normal 7.071111e-01 -7.071025e-01 0.000000e+00
    outer loop
      vertex   1.350750e+01 -9.793582e+00 0.000000e+00
      vertex   1.345820e+01 -9.842885e+00 -1.560000e+00
      vertex   1.350750e+01 -9.793582e+00 -1.560000e+00
    endloop
  endfacet
  facet normal 8.191492e-01 -5.735805e-01 0.000000e+00
    outer loop
      vertex   1.341821e+01 -9.899999e+00 0.000000e+00
      vertex   1.341821e+01 -9.899999e+00 -1.560000e+00
      vertex   1.345820e+01 -9.842885e+00 0.000000e+00
    endloop
  endfacet
  facet normal 8.191492e-01 -5.735805e-01 0.000000e+00
    outer loop
      vertex   1.345820e+01 -9.842885e+00 0.000000e+00
      vertex   1.341821e+01 -9.899999e+00 -1.560000e+00
      vertex   1.345820e+01 -9.842885e+00 -1.560000e+00
    endloop
  endfacet
  facet normal 9.063076e-01 -4.226187e-01 0.000000e+00
    outer loop
      vertex   1.338874e+01 -9.963192e+00 0.000000e+00
      vertex   1.338874e+01 -9.963192e+00 -1.560000e+00
      vertex   1.341821e+01 -9.899999e+00 0.000000e+00
    endloop
  endfacet
  facet normal 9.063076e-01 -4.226187e-01 0.000000e+00
    outer loop
      vertex   1.341821e+01 -9.899999e+00 0.000000e+00
      vertex   1.338874e+01 -9.963192e+00 -1.560000e+00
      vertex   1.341821e+01 -9.899999e+00 -1.560000e+00
    endloop
  endfacet
  facet normal 9.659255e-01 -2.588203e-01 0.000000e+00
    outer loop
      vertex   1.337069e+01 -1.003054e+01 0.000000e+00
      vertex   1.337069e+01 -1.003054e+01 -1.560000e+00
      vertex   1.338874e+01 -9.963192e+00 0.000000e+00
    endloop
  endfacet
  facet normal 9.659255e-01 -2.588203e-01 0.000000e+00
    outer loop
      vertex   1.338874e+01 -9.963192e+00 0.000000e+00
      vertex   1.337069e+01 -1.003054e+01 -1.560000e+00
      vertex   1.338874e+01 -9.963192e+00 -1.560000e+00
    endloop
  endfacet
  facet normal 9.961959e-01 -8.714235e-02 0.000000e+00
    outer loop
      vertex   1.336462e+01 -1.010000e+01 0.000000e+00
      vertex   1.336462e+01 -1.010000e+01 -1.560000e+00
      vertex   1.337069e+01 -1.003054e+01 0.000000e+00
    endloop
  endfacet
  facet normal 9.961959e-01 -8.714235e-02 0.000000e+00
    outer loop
      vertex   1.337069e+01 -1.003054e+01 0.000000e+00
      vertex   1.336462e+01 -1.010000e+01 -1.560000e+00
      vertex   1.337069e+01 -1.003054e+01 -1.560000e+00
    endloop
  endfacet
  facet normal 9.961956e-01 8.714532e-02 0.000000e+00
    outer loop
      vertex   1.337069e+01 -1.016946e+01 0.000000e+00
      vertex   1.337069e+01 -1.016946e+01 -1.560000e+00
      vertex   1.336462e+01 -1.010000e+01 0.000000e+00
    endloop
  endfacet
  facet normal 9.961956e-01 8.714532e-02 0.000000e+00
    outer loop
      vertex   1.336462e+01 -1.010000e+01 0.000000e+00
      vertex   1.337069e+01 -1.016946e+01 -1.560000e+00
      vertex   1.336462e+01 -1.010000e+01 -1.560000e+00
    endloop
  endfacet
  facet normal 9.659261e-01 2.588181e-01 0.000000e+00
    outer loop
      vertex   1.338874e+01 -1.023681e+01 0.000000e+00
      vertex   1.338874e+01 -1.023681e+01 -1.560000e+00
      vertex   1.337069e+01 -1.016946e+01 0.000000e+00
    endloop
  endfacet
  facet normal 9.659261e-01 2.588181e-01 0.000000e+00
    outer loop
      vertex   1.337069e+01 -1.016946e+01 0.000000e+00
      vertex   1.338874e+01 -1.023681e+01 -1.560000e+00
      vertex   1.337069e+01 -1.016946e+01 -1.560000e+00
    endloop
  endfacet
  facet normal 9.063076e-01 4.226187e-01 0.000000e+00
    outer loop
      vertex   1.341821e+01 -1.030000e+01 0.000000e+00
      vertex   1.341821e+01 -1.030000e+01 -1.560000e+00
      vertex   1.338874e+01 -1.023681e+01 0.000000e+00
    endloop
  endfacet
  facet normal 9.063076e-01 4.226187e-01 0.000000e+00
    outer loop
      vertex   1.338874e+01 -1.023681e+01 0.000000e+00
      vertex   1.341821e+01 -1.030000e+01 -1.560000e+00
      vertex   1.338874e+01 -1.023681e+01 -1.560000e+00
    endloop
  endfacet
  facet normal -8.191548e-01 -5.735725e-01 -0.000000e+00
    outer loop
      vertex   1.230642e+01 -1.238648e+01 0.000000e+00
      vertex   1.230642e+01 -1.238648e+01 -1.560000e+00
      vertex   1.234641e+01 -1.244359e+01 0.000000e+00
    endloop
  endfacet
  facet normal -8.191548e-01 -5.735725e-01 -0.000000e+00
    outer loop
      vertex   1.234641e+01 -1.244359e+01 0.000000e+00
      vertex   1.230642e+01 -1.238648e+01 -1.560000e+00
      vertex   1.234641e+01 -1.244359e+01 -1.560000e+00
    endloop
  endfacet
  facet normal -7.071153e-01 -7.070982e-01 -0.000000e+00
    outer loop
      vertex   1.225712e+01 -1.233718e+01 0.000000e+00
      vertex   1.225712e+01 -1.233718e+01 -1.560000e+00
      vertex   1.230642e+01 -1.238648e+01 0.000000e+00
    endloop
  endfacet
  facet normal -7.071153e-01 -7.070982e-01 -0.000000e+00
    outer loop
      vertex   1.230642e+01 -1.238648e+01 0.000000e+00
      vertex   1.225712e+01 -1.233718e+01 -1.560000e+00
      vertex   1.230642e+01 -1.238648e+01 -1.560000e+00
    endloop
  endfacet
  facet normal -5.735725e-01 -8.191548e-01 -0.000000e+00
    outer loop
      vertex   1.220000e+01 -1.229718e+01 0.000000e+00
      vertex   1.220000e+01 -1.229718e+01 -1.560000e+00
      vertex   1.225712e+01 -1.233718e+01 0.000000e+00
    endloop
  endfacet
  facet normal -5.735725e-01 -8.191548e-01 -0.000000e+00
    outer loop
      vertex   1.225712e+01 -1.233718e+01 0.000000e+00
      vertex   1.220000e+01 -1.229718e+01 -1.560000e+00
      vertex   1.225712e+01 -1.233718e+01 -1.560000e+00
    endloop
  endfacet
  facet normal -4.226112e-01 -9.063111e-01 -0.000000e+00
    outer loop
      vertex   1.213681e+01 -1.226772e+01 0.000000e+00
      vertex   1.213681e+01 -1.226772e+01 -1.560000e+00
      vertex   1.220000e+01 -1.229718e+01 0.000000e+00
    endloop
  endfacet
  facet normal -4.226112e-01 -9.063111e-01 -0.000000e+00
    outer loop
      vertex   1.220000e+01 -1.229718e+01 0.000000e+00
      vertex   1.213681e+01 -1.226772e+01 -1.560000e+00
      vertex   1.220000e+01 -1.229718e+01 -1.560000e+00
    endloop
  endfacet
  facet normal -2.588298e-01 -9.659229e-01 -0.000000e+00
    outer loop
      vertex   1.206946e+01 -1.224967e+01 0.000000e+00
      vertex   1.206946e+01 -1.224967e+01 -1.560000e+00
      vertex   1.213681e+01 -1.226772e+01 0.000000e+00
    endloop
  endfacet
  facet normal -2.588298e-01 -9.659229e-01 -0.000000e+00
    outer loop
      vertex   1.213681e+01 -1.226772e+01 0.000000e+00
      vertex   1.206946e+01 -1.224967e+01 -1.560000e+00
      vertex   1.213681e+01 -1.226772e+01 -1.560000e+00
    endloop
  endfacet
  facet normal -8.714532e-02 -9.961956e-01 -0.000000e+00
    outer loop
      vertex   1.200000e+01 -1.224359e+01 0.000000e+00
      vertex   1.200000e+01 -1.224359e+01 -1.560000e+00
      vertex   1.206946e+01 -1.224967e+01 0.000000e+00
    endloop
  endfacet
  facet normal -8.714532e-02 -9.961956e-01 -0.000000e+00
    outer loop
      vertex   1.206946e+01 -1.224967e+01 0.000000e+00
      vertex   1.200000e+01 -1.224359e+01 -1.560000e+00
      vertex   1.206946e+01 -1.224967e+01 -1.560000e+00
    endloop
  endfacet
  facet normal 8.714383e-02 -9.961957e-01 0.000000e+00
    outer loop
      vertex   1.193054e+01 -1.224967e+01 0.000000e+00
      vertex   1.193054e+01 -1.224967e+01 -1.560000e+00
      vertex   1.200000e+01 -1.224359e+01 0.000000e+00
    endloop
  endfacet
  facet normal 8.714383e-02 -9.961957e-01 0.000000e+00
    outer loop
      vertex   1.200000e+01 -1.224359e+01 0.000000e+00
      vertex   1.193054e+01 -1.224967e+01 -1.560000e+00
      vertex   1.200000e+01 -1.224359e+01 -1.560000e+00
    endloop
  endfacet
  facet normal 2.588341e-01 -9.659218e-01 0.000000e+00
    outer loop
      vertex   1.186319e+01 -1.226772e+01 0.000000e+00
      vertex   1.186319e+01 -1.226772e+01 -1.560000e+00
      vertex   1.193054e+01 -1.224967e+01 0.000000e+00
    endloop
  endfacet
  facet normal 2.588341e-01 -9.659218e-01 0.000000e+00
    outer loop
      vertex   1.193054e+01 -1.224967e+01 0.000000e+00
      vertex   1.186319e+01 -1.226772e+01 -1.560000e+00
      vertex   1.193054e+01 -1.224967e+01 -1.560000e+00
    endloop
  endfacet
  facet normal 4.226112e-01 -9.063111e-01 0.000000e+00
    outer loop
      vertex   1.180000e+01 -1.229718e+01 0.000000e+00
      vertex   1.180000e+01 -1.229718e+01 -1.560000e+00
      vertex   1.186319e+01 -1.226772e+01 0.000000e+00
    endloop
  endfacet
  facet normal 4.226112e-01 -9.063111e-01 0.000000e+00
    outer loop
      vertex   1.186319e+01 -1.226772e+01 0.000000e+00
      vertex   1.180000e+01 -1.229718e+01 -1.560000e+00
      vertex   1.186319e+01 -1.226772e+01 -1.560000e+00
    endloop
  endfacet
  facet normal 5.735725e-01 -8.191548e-01 0.000000e+00
    outer loop
      vertex   1.174289e+01 -1.233718e+01 0.000000e+00
      vertex   1.174289e+01 -1.233718e+01 -1.560000e+00
      vertex   1.180000e+01 -1.229718e+01 0.000000e+00
    endloop
  endfacet
  facet normal 5.735725e-01 -8.191548e-01 0.000000e+00
    outer loop
      vertex   1.180000e+01 -1.229718e+01 0.000000e+00
      vertex   1.174289e+01 -1.233718e+01 -1.560000e+00
      vertex   1.180000e+01 -1.229718e+01 -1.560000e+00
    endloop
  endfacet
  facet normal 7.071068e-01 -7.071068e-01 0.000000e+00
    outer loop
      vertex   1.169358e+01 -1.238648e+01 0.000000e+00
      vertex   1.169358e+01 -1.238648e+01 -1.560000e+00
      vertex   1.174289e+01 -1.233718e+01 0.000000e+00
    endloop
  endfacet
  facet normal 7.071068e-01 -7.071068e-01 0.000000e+00
    outer loop
      vertex   1.174289e+01 -1.233718e+01 0.000000e+00
      vertex   1.169358e+01 -1.238648e+01 -1.560000e+00
      vertex   1.174289e+01 -1.233718e+01 -1.560000e+00
    endloop
  endfacet
  facet normal 8.191548e-01 -5.735725e-01 0.000000e+00
    outer loop
      vertex   1.165359e+01 -1.244359e+01 0.000000e+00
      vertex   1.165359e+01 -1.244359e+01 -1.560000e+00
      vertex   1.169358e+01 -1.238648e+01 0.000000e+00
    endloop
  endfacet
  facet normal 8.191548e-01 -5.735725e-01 0.000000e+00
    outer loop
      vertex   1.169358e+01 -1.238648e+01 0.000000e+00
      vertex   1.165359e+01 -1.244359e+01 -1.560000e+00
      vertex   1.169358e+01 -1.238648e+01 -1.560000e+00
    endloop
  endfacet
  facet normal 9.063045e-01 -4.226252e-01 0.000000e+00
    outer loop
      vertex   1.162412e+01 -1.250679e+01 0.000000e+00
      vertex   1.162412e+01 -1.250679e+01 -1.560000e+00
      vertex   1.165359e+01 -1.244359e+01 0.000000e+00
    endloop
  endfacet
  facet normal 9.063045e-01 -4.226252e-01 0.000000e+00
    outer loop
      vertex   1.165359e+01 -1.244359e+01 0.000000e+00
      vertex   1.162412e+01 -1.250679e+01 -1.560000e+00
      vertex   1.165359e+01 -1.244359e+01 -1.560000e+00
    endloop
  endfacet
  facet normal 9.659261e-01 -2.588181e-01 0.000000e+00
    outer loop
      vertex   1.160608e+01 -1.257413e+01 0.000000e+00
      vertex   1.160608e+01 -1.257413e+01 -1.560000e+00
      vertex   1.162412e+01 -1.250679e+01 0.000000e+00
    endloop
  endfacet
  facet normal 9.659261e-01 -2.588181e-01 0.000000e+00
    outer loop
      vertex   1.162412e+01 -1.250679e+01 0.000000e+00
      vertex   1.160608e+01 -1.257413e+01 -1.560000e+00
      vertex   1.162412e+01 -1.250679e+01 -1.560000e+00
    endloop
  endfacet
  facet normal 9.961957e-01 -8.714383e-02 0.000000e+00
    outer loop
      vertex   1.160000e+01 -1.264359e+01 0.000000e+00
      vertex   1.160000e+01 -1.264359e+01 -1.560000e+00
      vertex   1.160608e+01 -1.257413e+01 0.000000e+00
    endloop
  endfacet
  facet normal 9.961957e-01 -8.714383e-02 0.000000e+00
    outer loop
      vertex   1.160608e+01 -1.257413e+01 0.000000e+00
      vertex   1.160000e+01 -1.264359e+01 -1.560000e+00
      vertex   1.160608e+01 -1.257413e+01 -1.560000e+00
    endloop
  endfacet
  facet normal 1.000000e+00 0.000000e+00 0.000000e+00
    outer loop
      vertex   1.160000e+01 -3.500000e+01 1.900000e+00
      vertex   1.160000e+01 -1.080509e-06 1.900000e+00
      vertex   1.160000e+01 -3.500000e+01 3.300000e+00
    endloop
  endfacet
  facet normal 1.000000e+00 -0.000000e+00 0.000000e+00
    outer loop
      vertex   1.160000e+01 -3.500000e+01 3.300000e+00
      vertex   1.160000e+01 -1.080509e-06 1.900000e+00
      vertex   1.160000e+01 -7.549517e-14 3.300000e+00
    endloop
  endfacet
  facet normal 9.961956e-01 8.714532e-02 0.000000e+00
    outer loop
      vertex   1.160608e+01 -3.506946e+01 3.300000e+00
      vertex   1.160608e+01 -3.506946e+01 1.900000e+00
      vertex   1.160000e+01 -3.500000e+01 3.300000e+00
    endloop
  endfacet
  facet normal 9.961956e-01 8.714532e-02 0.000000e+00
    outer loop
      vertex   1.160000e+01 -3.500000e+01 3.300000e+00
      vertex   1.160608e+01 -3.506946e+01 1.900000e+00
      vertex   1.160000e+01 -3.500000e+01 1.900000e+00
    endloop
  endfacet
  facet normal 9.659261e-01 2.588181e-01 0.000000e+00
    outer loop
      vertex   1.162412e+01 -3.513681e+01 3.300000e+00
      vertex   1.162412e+01 -3.513681e+01 1.900000e+00
      vertex   1.160608e+01 -3.506946e+01 3.300000e+00
    endloop
  endfacet
  facet normal 9.659261e-01 2.588181e-01 0.000000e+00
    outer loop
      vertex   1.160608e+01 -3.506946e+01 3.300000e+00
      vertex   1.162412e+01 -3.513681e+01 1.900000e+00
      vertex   1.160608e+01 -3.506946e+01 1.900000e+00
    endloop
  endfacet
  facet normal 9.063137e-01 4.226056e-01 0.000000e+00
    outer loop
      vertex   1.165359e+01 -3.520000e+01 3.300000e+00
      vertex   1.165359e+01 -3.520000e+01 1.900000e+00
      vertex   1.162412e+01 -3.513681e+01 3.300000e+00
    endloop
  endfacet
  facet normal 9.063137e-01 4.226056e-01 0.000000e+00
    outer loop
      vertex   1.162412e+01 -3.513681e+01 3.300000e+00
      vertex   1.165359e+01 -3.520000e+01 1.900000e+00
      vertex   1.162412e+01 -3.513681e+01 1.900000e+00
    endloop
  endfacet
  facet normal 8.191436e-01 5.735886e-01 0.000000e+00
    outer loop
      vertex   1.169358e+01 -3.525712e+01 3.300000e+00
      vertex   1.169358e+01 -3.525712e+01 1.900000e+00
      vertex   1.165359e+01 -3.520000e+01 3.300000e+00
    endloop
  endfacet
  facet normal 8.191436e-01 5.735886e-01 0.000000e+00
    outer loop
      vertex   1.165359e+01 -3.520000e+01 3.300000e+00
      vertex   1.169358e+01 -3.525712e+01 1.900000e+00
      vertex   1.165359e+01 -3.520000e+01 1.900000e+00
    endloop
  endfacet
  facet normal 7.071239e-01 7.070897e-01 0.000000e+00
    outer loop
      vertex   1.174289e+01 -3.530642e+01 3.300000e+00
      vertex   1.174289e+01 -3.530642e+01 1.900000e+00
      vertex   1.169358e+01 -3.525712e+01 3.300000e+00
    endloop
  endfacet
  facet normal 7.071239e-01 7.070897e-01 0.000000e+00
    outer loop
      vertex   1.169358e+01 -3.525712e+01 3.300000e+00
      vertex   1.174289e+01 -3.530642e+01 1.900000e+00
      vertex   1.169358e+01 -3.525712e+01 1.900000e+00
    endloop
  endfacet
  facet normal 5.735495e-01 8.191709e-01 0.000000e+00
    outer loop
      vertex   1.180000e+01 -3.534641e+01 3.300000e+00
      vertex   1.180000e+01 -3.534641e+01 1.900000e+00
      vertex   1.174289e+01 -3.530642e+01 3.300000e+00
    endloop
  endfacet
  facet normal 5.735495e-01 8.191709e-01 0.000000e+00
    outer loop
      vertex   1.174289e+01 -3.530642e+01 3.300000e+00
      vertex   1.180000e+01 -3.534641e+01 1.900000e+00
      vertex   1.174289e+01 -3.530642e+01 1.900000e+00
    endloop
  endfacet
  facet normal 4.226393e-01 9.062980e-01 0.000000e+00
    outer loop
      vertex   1.186319e+01 -3.537588e+01 3.300000e+00
      vertex   1.186319e+01 -3.537588e+01 1.900000e+00
      vertex   1.180000e+01 -3.534641e+01 3.300000e+00
    endloop
  endfacet
  facet normal 4.226393e-01 9.062980e-01 0.000000e+00
    outer loop
      vertex   1.180000e+01 -3.534641e+01 3.300000e+00
      vertex   1.186319e+01 -3.537588e+01 1.900000e+00
      vertex   1.180000e+01 -3.534641e+01 1.900000e+00
    endloop
  endfacet
  facet normal 2.588181e-01 9.659261e-01 0.000000e+00
    outer loop
      vertex   1.193054e+01 -3.539392e+01 3.300000e+00
      vertex   1.193054e+01 -3.539392e+01 1.900000e+00
      vertex   1.186319e+01 -3.537588e+01 3.300000e+00
    endloop
  endfacet
  facet normal 2.588181e-01 9.659261e-01 0.000000e+00
    outer loop
      vertex   1.186319e+01 -3.537588e+01 3.300000e+00
      vertex   1.193054e+01 -3.539392e+01 1.900000e+00
      vertex   1.186319e+01 -3.537588e+01 1.900000e+00
    endloop
  endfacet
  facet normal 8.716080e-02 9.961943e-01 0.000000e+00
    outer loop
      vertex   1.200000e+01 -3.540000e+01 3.300000e+00
      vertex   1.200000e+01 -3.540000e+01 1.900000e+00
      vertex   1.193054e+01 -3.539392e+01 3.300000e+00
    endloop
  endfacet
  facet normal 8.716080e-02 9.961943e-01 0.000000e+00
    outer loop
      vertex   1.193054e+01 -3.539392e+01 3.300000e+00
      vertex   1.200000e+01 -3.540000e+01 1.900000e+00
      vertex   1.193054e+01 -3.539392e+01 1.900000e+00
    endloop
  endfacet
  facet normal 0.000000e+00 1.000000e+00 0.000000e+00
    outer loop
      vertex   1.200000e+01 -7.700000e+00 -1.560000e+00
      vertex   1.200000e+01 -7.700000e+00 0.000000e+00
      vertex   2.800000e+01 -7.700000e+00 -1.560000e+00
    endloop
  endfacet
  facet normal 0.000000e+00 1.000000e+00 -0.000000e+00
    outer loop
      vertex   2.800000e+01 -7.700000e+00 -1.560000e+00
      vertex   1.200000e+01 -7.700000e+00 0.000000e+00
      vertex   2.800000e+01 -7.700000e+00 0.000000e+00
    endloop
  endfacet
  facet normal -9.978590e-01 6.540187e-02 0.000000e+00
    outer loop
      vertex   8.711977e+00 -1.217264e+00 3.300000e+00
      vertex   8.711977e+00 -1.217264e+00 -1.560000e+00
      vertex   8.700000e+00 -1.400001e+00 3.300000e+00
    endloop
  endfacet
  facet normal -9.978590e-01 6.540187e-02 0.000000e+00
    outer loop
      vertex   8.700000e+00 -1.400001e+00 3.300000e+00
      vertex   8.711977e+00 -1.217264e+00 -1.560000e+00
      vertex   8.700000e+00 -1.400001e+00 -1.560000e+00
    endloop
  endfacet
  facet normal -9.807855e-01 1.950891e-01 0.000000e+00
    outer loop
      vertex   8.747703e+00 -1.037654e+00 3.300000e+00
      vertex   8.747703e+00 -1.037654e+00 -1.560000e+00
      vertex   8.711977e+00 -1.217264e+00 3.300000e+00
    endloop
  endfacet
  facet normal -9.807855e-01 1.950891e-01 0.000000e+00
    outer loop
      vertex   8.711977e+00 -1.217264e+00 3.300000e+00
      vertex   8.747703e+00 -1.037654e+00 -1.560000e+00
      vertex   8.711977e+00 -1.217264e+00 -1.560000e+00
    endloop
  endfacet
  facet normal -9.469289e-01 3.214431e-01 0.000000e+00
    outer loop
      vertex   8.806569e+00 -8.642443e-01 3.300000e+00
      vertex   8.806569e+00 -8.642443e-01 -1.560000e+00
      vertex   8.747703e+00 -1.037654e+00 3.300000e+00
    endloop
  endfacet
  facet normal -9.469289e-01 3.214431e-01 0.000000e+00
    outer loop
      vertex   8.747703e+00 -1.037654e+00 3.300000e+00
      vertex   8.806569e+00 -8.642443e-01 -1.560000e+00
      vertex   8.747703e+00 -1.037654e+00 -1.560000e+00
    endloop
  endfacet
  facet normal -8.968733e-01 4.422875e-01 0.000000e+00
    outer loop
      vertex   8.887565e+00 -7.000010e-01 3.300000e+00
      vertex   8.887565e+00 -7.000010e-01 -1.560000e+00
      vertex   8.806569e+00 -8.642443e-01 3.300000e+00
    endloop
  endfacet
  facet normal -8.968733e-01 4.422875e-01 0.000000e+00
    outer loop
      vertex   8.806569e+00 -8.642443e-01 3.300000e+00
      vertex   8.887565e+00 -7.000010e-01 -1.560000e+00
      vertex   8.806569e+00 -8.642443e-01 -1.560000e+00
    endloop
  endfacet
  facet normal -8.314694e-01 5.555706e-01 0.000000e+00
    outer loop
      vertex   8.989305e+00 -5.477351e-01 3.300000e+00
      vertex   8.989305e+00 -5.477351e-01 -1.560000e+00
      vertex   8.887565e+00 -7.000010e-01 3.300000e+00
    endloop
  endfacet
  facet normal -8.314694e-01 5.555706e-01 0.000000e+00
    outer loop
      vertex   8.887565e+00 -7.000010e-01 3.300000e+00
      vertex   8.989305e+00 -5.477351e-01 -1.560000e+00
      vertex   8.887565e+00 -7.000010e-01 -1.560000e+00
    endloop
  endfacet
  facet normal -7.518411e-01 6.593444e-01 0.000000e+00
    outer loop
      vertex   9.110050e+00 -4.100516e-01 3.300000e+00
      vertex   9.110050e+00 -4.100516e-01 -1.560000e+00
      vertex   8.989305e+00 -5.477351e-01 3.300000e+00
    endloop
  endfacet
  facet normal -7.518411e-01 6.593444e-01 0.000000e+00
    outer loop
      vertex   8.989305e+00 -5.477351e-01 3.300000e+00
      vertex   9.110050e+00 -4.100516e-01 -1.560000e+00
      vertex   8.989305e+00 -5.477351e-01 -1.560000e+00
    endloop
  endfacet
  facet normal -6.593452e-01 7.518403e-01 0.000000e+00
    outer loop
      vertex   9.247734e+00 -2.893064e-01 3.300000e+00
      vertex   9.247734e+00 -2.893064e-01 -1.560000e+00
      vertex   9.110050e+00 -4.100516e-01 3.300000e+00
    endloop
  endfacet
  facet normal -6.593452e-01 7.518403e-01 0.000000e+00
    outer loop
      vertex   9.110050e+00 -4.100516e-01 3.300000e+00
      vertex   9.247734e+00 -2.893064e-01 -1.560000e+00
      vertex   9.110050e+00 -4.100516e-01 -1.560000e+00
    endloop
  endfacet
  facet normal -5.555701e-01 8.314697e-01 0.000000e+00
    outer loop
      vertex   9.400000e+00 -1.875655e-01 3.300000e+00
      vertex   9.400000e+00 -1.875655e-01 -1.560000e+00
      vertex   9.247734e+00 -2.893064e-01 3.300000e+00
    endloop
  endfacet
  facet normal -5.555701e-01 8.314697e-01 0.000000e+00
    outer loop
      vertex   9.247734e+00 -2.893064e-01 3.300000e+00
      vertex   9.400000e+00 -1.875655e-01 -1.560000e+00
      vertex   9.247734e+00 -2.893064e-01 -1.560000e+00
    endloop
  endfacet
  facet normal -4.422878e-01 8.968732e-01 0.000000e+00
    outer loop
      vertex   9.564244e+00 -1.065697e-01 3.300000e+00
      vertex   9.564244e+00 -1.065697e-01 -1.560000e+00
      vertex   9.400000e+00 -1.875655e-01 3.300000e+00
    endloop
  endfacet
  facet normal -4.422878e-01 8.968732e-01 0.000000e+00
    outer loop
      vertex   9.400000e+00 -1.875655e-01 3.300000e+00
      vertex   9.564244e+00 -1.065697e-01 -1.560000e+00
      vertex   9.400000e+00 -1.875655e-01 -1.560000e+00
    endloop
  endfacet
  facet normal -3.214394e-01 9.469301e-01 0.000000e+00
    outer loop
      vertex   9.737654e+00 -4.770493e-02 3.300000e+00
      vertex   9.737654e+00 -4.770493e-02 -1.560000e+00
      vertex   9.564244e+00 -1.065697e-01 3.300000e+00
    endloop
  endfacet
  facet normal -3.214394e-01 9.469301e-01 0.000000e+00
    outer loop
      vertex   9.564244e+00 -1.065697e-01 3.300000e+00
      vertex   9.737654e+00 -4.770493e-02 -1.560000e+00
      vertex   9.564244e+00 -1.065697e-01 -1.560000e+00
    endloop
  endfacet
  facet normal -1.950907e-01 9.807852e-01 0.000000e+00
    outer loop
      vertex   9.917263e+00 -1.197827e-02 3.300000e+00
      vertex   9.917263e+00 -1.197827e-02 -1.560000e+00
      vertex   9.737654e+00 -4.770493e-02 3.300000e+00
    endloop
  endfacet
  facet normal -1.950907e-01 9.807852e-01 0.000000e+00
    outer loop
      vertex   9.737654e+00 -4.770493e-02 3.300000e+00
      vertex   9.917263e+00 -1.197827e-02 -1.560000e+00
      vertex   9.737654e+00 -4.770493e-02 -1.560000e+00
    endloop
  endfacet
  facet normal -6.540276e-02 9.978589e-01 0.000000e+00
    outer loop
      vertex   1.010000e+01 -1.080510e-06 3.300000e+00
      vertex   1.010000e+01 -1.080510e-06 -1.560000e+00
      vertex   9.917263e+00 -1.197827e-02 3.300000e+00
    endloop
  endfacet
  facet normal -6.540276e-02 9.978589e-01 0.000000e+00
    outer loop
      vertex   9.917263e+00 -1.197827e-02 3.300000e+00
      vertex   1.010000e+01 -1.080510e-06 -1.560000e+00
      vertex   9.917263e+00 -1.197827e-02 -1.560000e+00
    endloop
  endfacet
  facet normal 1.200566e-06 1.000000e+00 -7.717923e-07
    outer loop
      vertex   1.070000e+01 3.996803e-14 1.900000e+00
      vertex   1.160000e+01 -7.549517e-14 3.300000e+00
      vertex   1.160000e+01 -1.080509e-06 1.900000e+00
    endloop
  endfacet
  facet normal -7.203398e-07 1.000000e+00 4.630758e-07
    outer loop
      vertex   1.070000e+01 3.996803e-14 1.900000e+00
      vertex   1.010000e+01 -1.080510e-06 3.300000e+00
      vertex   1.160000e+01 -7.549517e-14 3.300000e+00
    endloop
  endfacet
  facet normal -1.800851e-06 1.000000e+00 0.000000e+00
    outer loop
      vertex   1.010000e+01 -1.080510e-06 -1.560000e+00
      vertex   1.010000e+01 -1.080510e-06 3.300000e+00
      vertex   1.070000e+01 3.996803e-14 0.000000e+00
    endloop
  endfacet
  facet normal -1.800851e-06 1.000000e+00 0.000000e+00
    outer loop
      vertex   1.070000e+01 3.996803e-14 0.000000e+00
      vertex   1.010000e+01 -1.080510e-06 3.300000e+00
      vertex   1.070000e+01 3.996803e-14 1.900000e+00
    endloop
  endfacet
  facet normal -1.291897e-13 1.000000e+00 -6.926343e-07
    outer loop
      vertex   1.070000e+01 3.996803e-14 0.000000e+00
      vertex   1.120000e+01 -1.080509e-06 -1.560000e+00
      vertex   1.010000e+01 -1.080510e-06 -1.560000e+00
    endloop
  endfacet
  facet normal 2.161022e-06 1.000000e+00 1.821904e-13
    outer loop
      vertex   1.120000e+01 -1.080510e-06 0.000000e+00
      vertex   1.120000e+01 -1.080509e-06 -1.560000e+00
      vertex   1.070000e+01 3.996803e-14 0.000000e+00
    endloop
  endfacet
  facet normal -1.000000e+00 0.000000e+00 0.000000e+00
    outer loop
      vertex   1.120000e+01 -1.080509e-06 -1.560000e+00
      vertex   1.120000e+01 -1.080510e-06 0.000000e+00
      vertex   1.120000e+01 9.999990e-01 -1.560000e+00
    endloop
  endfacet
  facet normal -1.000000e+00 0.000000e+00 0.000000e+00
    outer loop
      vertex   1.120000e+01 9.999990e-01 -1.560000e+00
      vertex   1.120000e+01 -1.080510e-06 0.000000e+00
      vertex   1.120000e+01 9.999990e-01 0.000000e+00
    endloop
  endfacet
  facet normal -9.961942e-01 8.716126e-02 0.000000e+00
    outer loop
      vertex   1.120608e+01 1.069458e+00 0.000000e+00
      vertex   1.120608e+01 1.069458e+00 -1.560000e+00
      vertex   1.120000e+01 9.999990e-01 0.000000e+00
    endloop
  endfacet
  facet normal -9.961942e-01 8.716126e-02 0.000000e+00
    outer loop
      vertex   1.120000e+01 9.999990e-01 0.000000e+00
      vertex   1.120608e+01 1.069458e+00 -1.560000e+00
      vertex   1.120000e+01 9.999990e-01 -1.560000e+00
    endloop
  endfacet
  facet normal -9.659263e-01 2.588173e-01 0.000000e+00
    outer loop
      vertex   1.122412e+01 1.136807e+00 0.000000e+00
      vertex   1.122412e+01 1.136807e+00 -1.560000e+00
      vertex   1.120608e+01 1.069458e+00 0.000000e+00
    endloop
  endfacet
  facet normal -9.659263e-01 2.588173e-01 0.000000e+00
    outer loop
      vertex   1.120608e+01 1.069458e+00 0.000000e+00
      vertex   1.122412e+01 1.136807e+00 -1.560000e+00
      vertex   1.120608e+01 1.069458e+00 -1.560000e+00
    endloop
  endfacet
  facet normal -9.063120e-01 4.226092e-01 0.000000e+00
    outer loop
      vertex   1.125359e+01 1.199999e+00 0.000000e+00
      vertex   1.125359e+01 1.199999e+00 -1.560000e+00
      vertex   1.122412e+01 1.136807e+00 0.000000e+00
    endloop
  endfacet
  facet normal -9.063120e-01 4.226092e-01 0.000000e+00
    outer loop
      vertex   1.122412e+01 1.136807e+00 0.000000e+00
      vertex   1.125359e+01 1.199999e+00 -1.560000e+00
      vertex   1.122412e+01 1.136807e+00 -1.560000e+00
    endloop
  endfacet
  facet normal -8.191520e-01 5.735765e-01 0.000000e+00
    outer loop
      vertex   1.129358e+01 1.257114e+00 0.000000e+00
      vertex   1.129358e+01 1.257114e+00 -1.560000e+00
      vertex   1.125359e+01 1.199999e+00 0.000000e+00
    endloop
  endfacet
  facet normal -8.191520e-01 5.735765e-01 0.000000e+00
    outer loop
      vertex   1.125359e+01 1.199999e+00 0.000000e+00
      vertex   1.129358e+01 1.257114e+00 -1.560000e+00
      vertex   1.125359e+01 1.199999e+00 -1.560000e+00
    endloop
  endfacet
  facet normal -7.071004e-01 7.071132e-01 0.000000e+00
    outer loop
      vertex   1.134289e+01 1.306417e+00 0.000000e+00
      vertex   1.134289e+01 1.306417e+00 -1.560000e+00
      vertex   1.129358e+01 1.257114e+00 0.000000e+00
    endloop
  endfacet
  facet normal -7.071004e-01 7.071132e-01 0.000000e+00
    outer loop
      vertex   1.129358e+01 1.257114e+00 0.000000e+00
      vertex   1.134289e+01 1.306417e+00 -1.560000e+00
      vertex   1.129358e+01 1.257114e+00 -1.560000e+00
    endloop
  endfacet
  facet normal -5.735805e-01 8.191492e-01 0.000000e+00
    outer loop
      vertex   1.140000e+01 1.346409e+00 0.000000e+00
      vertex   1.140000e+01 1.346409e+00 -1.560000e+00
      vertex   1.134289e+01 1.306417e+00 0.000000e+00
    endloop
  endfacet
  facet normal -5.735805e-01 8.191492e-01 0.000000e+00
    outer loop
      vertex   1.134289e+01 1.306417e+00 0.000000e+00
      vertex   1.140000e+01 1.346409e+00 -1.560000e+00
      vertex   1.134289e+01 1.306417e+00 -1.560000e+00
    endloop
  endfacet
  facet normal -4.226117e-01 9.063109e-01 0.000000e+00
    outer loop
      vertex   1.146319e+01 1.375876e+00 0.000000e+00
      vertex   1.146319e+01 1.375876e+00 -1.560000e+00
      vertex   1.140000e+01 1.346409e+00 0.000000e+00
    endloop
  endfacet
  facet normal -4.226117e-01 9.063109e-01 0.000000e+00
    outer loop
      vertex   1.140000e+01 1.346409e+00 0.000000e+00
      vertex   1.146319e+01 1.375876e+00 -1.560000e+00
      vertex   1.140000e+01 1.346409e+00 -1.560000e+00
    endloop
  endfacet
  facet normal -2.588201e-01 9.659255e-01 0.000000e+00
    outer loop
      vertex   1.153054e+01 1.393922e+00 0.000000e+00
      vertex   1.153054e+01 1.393922e+00 -1.560000e+00
      vertex   1.146319e+01 1.375876e+00 0.000000e+00
    endloop
  endfacet
  facet normal -2.588201e-01 9.659255e-01 0.000000e+00
    outer loop
      vertex   1.146319e+01 1.375876e+00 0.000000e+00
      vertex   1.153054e+01 1.393922e+00 -1.560000e+00
      vertex   1.146319e+01 1.375876e+00 -1.560000e+00
    endloop
  endfacet
  facet normal -8.715656e-02 9.961946e-01 0.000000e+00
    outer loop
      vertex   1.160000e+01 1.399999e+00 0.000000e+00
      vertex   1.160000e+01 1.399999e+00 -1.560000e+00
      vertex   1.153054e+01 1.393922e+00 0.000000e+00
    endloop
  endfacet
  facet normal -8.715656e-02 9.961946e-01 0.000000e+00
    outer loop
      vertex   1.153054e+01 1.393922e+00 0.000000e+00
      vertex   1.160000e+01 1.399999e+00 -1.560000e+00
      vertex   1.153054e+01 1.393922e+00 -1.560000e+00
    endloop
  endfacet
  facet normal 0.000000e+00 1.000000e+00 0.000000e+00
    outer loop
      vertex   1.160000e+01 1.399999e+00 -1.560000e+00
      vertex   1.160000e+01 1.399999e+00 0.000000e+00
      vertex   2.840000e+01 1.399999e+00 -1.560000e+00
    endloop
  endfacet
  facet normal 0.000000e+00 1.000000e+00 -0.000000e+00
    outer loop
      vertex   2.840000e+01 1.399999e+00 -1.560000e+00
      vertex   1.160000e+01 1.399999e+00 0.000000e+00
      vertex   2.840000e+01 1.399999e+00 0.000000e+00
    endloop
  endfacet
  facet normal -1.000000e+00 5.494179e-16 0.000000e+00
    outer loop
      vertex   8.700000e+00 -1.811658e+01 7.000001e-01
      vertex   8.700000e+00 -1.811658e+01 3.300000e+00
      vertex   8.700000e+00 -1.488342e+01 7.000001e-01
    endloop
  endfacet
  facet normal -1.000000e+00 5.494179e-16 0.000000e+00
    outer loop
      vertex   8.700000e+00 -1.488342e+01 7.000001e-01
      vertex   8.700000e+00 -1.811658e+01 3.300000e+00
      vertex   8.700000e+00 -1.488342e+01 3.300000e+00
    endloop
  endfacet
  facet normal 8.660254e-01 5.000000e-01 -0.000000e+00
    outer loop
      vertex   1.341821e+01 -1.030000e+01 -1.560000e+00
      vertex   1.341821e+01 -1.030000e+01 0.000000e+00
      vertex   1.965359e+01 -2.110000e+01 -1.560000e+00
    endloop
  endfacet
  facet normal 8.660254e-01 5.000000e-01 -0.000000e+00
    outer loop
      vertex   1.965359e+01 -2.110000e+01 -1.560000e+00
      vertex   1.341821e+01 -1.030000e+01 0.000000e+00
      vertex   1.965359e+01 -2.110000e+01 0.000000e+00
    endloop
  endfacet
  facet normal 8.191468e-01 5.735840e-01 0.000000e+00
    outer loop
      vertex   1.969358e+01 -2.115712e+01 0.000000e+00
      vertex   1.969358e+01 -2.115712e+01 -1.560000e+00
      vertex   1.965359e+01 -2.110000e+01 0.000000e+00
    endloop
  endfacet
  facet normal 8.191468e-01 5.735840e-01 0.000000e+00
    outer loop
      vertex   1.965359e+01 -2.110000e+01 0.000000e+00
      vertex   1.969358e+01 -2.115712e+01 -1.560000e+00
      vertex   1.965359e+01 -2.110000e+01 -1.560000e+00
    endloop
  endfacet
  facet normal 7.070897e-01 7.071239e-01 0.000000e+00
    outer loop
      vertex   1.974289e+01 -2.120642e+01 0.000000e+00
      vertex   1.974289e+01 -2.120642e+01 -1.560000e+00
      vertex   1.969358e+01 -2.115712e+01 0.000000e+00
    endloop
  endfacet
  facet normal 7.070897e-01 7.071239e-01 0.000000e+00
    outer loop
      vertex   1.969358e+01 -2.115712e+01 0.000000e+00
      vertex   1.974289e+01 -2.120642e+01 -1.560000e+00
      vertex   1.969358e+01 -2.115712e+01 -1.560000e+00
    endloop
  endfacet
  facet normal 5.736115e-01 8.191275e-01 0.000000e+00
    outer loop
      vertex   1.980000e+01 -2.124641e+01 0.000000e+00
      vertex   1.980000e+01 -2.124641e+01 -1.560000e+00
      vertex   1.974289e+01 -2.120642e+01 0.000000e+00
    endloop
  endfacet
  facet normal 5.736115e-01 8.191275e-01 0.000000e+00
    outer loop
      vertex   1.974289e+01 -2.120642e+01 0.000000e+00
      vertex   1.980000e+01 -2.124641e+01 -1.560000e+00
      vertex   1.974289e+01 -2.120642e+01 -1.560000e+00
    endloop
  endfacet
  facet normal 4.226047e-01 9.063141e-01 0.000000e+00
    outer loop
      vertex   1.986319e+01 -2.127588e+01 0.000000e+00
      vertex   1.986319e+01 -2.127588e+01 -1.560000e+00
      vertex   1.980000e+01 -2.124641e+01 0.000000e+00
    endloop
  endfacet
  facet normal 4.226047e-01 9.063141e-01 0.000000e+00
    outer loop
      vertex   1.980000e+01 -2.124641e+01 0.000000e+00
      vertex   1.986319e+01 -2.127588e+01 -1.560000e+00
      vertex   1.980000e+01 -2.124641e+01 -1.560000e+00
    endloop
  endfacet
  facet normal 2.588181e-01 9.659261e-01 0.000000e+00
    outer loop
      vertex   1.993054e+01 -2.129392e+01 0.000000e+00
      vertex   1.993054e+01 -2.129392e+01 -1.560000e+00
      vertex   1.986319e+01 -2.127588e+01 0.000000e+00
    endloop
  endfacet
  facet normal 2.588181e-01 9.659261e-01 0.000000e+00
    outer loop
      vertex   1.986319e+01 -2.127588e+01 0.000000e+00
      vertex   1.993054e+01 -2.129392e+01 -1.560000e+00
      vertex   1.986319e+01 -2.127588e+01 -1.560000e+00
    endloop
  endfacet
  facet normal 8.712687e-02 9.961972e-01 0.000000e+00
    outer loop
      vertex   2.000000e+01 -2.130000e+01 0.000000e+00
      vertex   2.000000e+01 -2.130000e+01 -1.560000e+00
      vertex   1.993054e+01 -2.129392e+01 0.000000e+00
    endloop
  endfacet
  facet normal 8.712687e-02 9.961972e-01 0.000000e+00
    outer loop
      vertex   1.993054e+01 -2.129392e+01 0.000000e+00
      vertex   2.000000e+01 -2.130000e+01 -1.560000e+00
      vertex   1.993054e+01 -2.129392e+01 -1.560000e+00
    endloop
  endfacet
  facet normal -8.712538e-02 9.961974e-01 0.000000e+00
    outer loop
      vertex   2.006946e+01 -2.129392e+01 0.000000e+00
      vertex   2.006946e+01 -2.129392e+01 -1.560000e+00
      vertex   2.000000e+01 -2.130000e+01 0.000000e+00
    endloop
  endfacet
  facet normal -8.712538e-02 9.961974e-01 0.000000e+00
    outer loop
      vertex   2.000000e+01 -2.130000e+01 0.000000e+00
      vertex   2.006946e+01 -2.129392e+01 -1.560000e+00
      vertex   2.000000e+01 -2.130000e+01 -1.560000e+00
    endloop
  endfacet
  facet normal -2.588181e-01 9.659261e-01 0.000000e+00
    outer loop
      vertex   2.013681e+01 -2.127588e+01 0.000000e+00
      vertex   2.013681e+01 -2.127588e+01 -1.560000e+00
      vertex   2.006946e+01 -2.129392e+01 0.000000e+00
    endloop
  endfacet
  facet normal -2.588181e-01 9.659261e-01 0.000000e+00
    outer loop
      vertex   2.006946e+01 -2.129392e+01 0.000000e+00
      vertex   2.013681e+01 -2.127588e+01 -1.560000e+00
      vertex   2.006946e+01 -2.129392e+01 -1.560000e+00
    endloop
  endfacet
  facet normal -4.226047e-01 9.063141e-01 0.000000e+00
    outer loop
      vertex   2.020000e+01 -2.124641e+01 0.000000e+00
      vertex   2.020000e+01 -2.124641e+01 -1.560000e+00
      vertex   2.013681e+01 -2.127588e+01 0.000000e+00
    endloop
  endfacet
  facet normal -4.226047e-01 9.063141e-01 0.000000e+00
    outer loop
      vertex   2.013681e+01 -2.127588e+01 0.000000e+00
      vertex   2.020000e+01 -2.124641e+01 -1.560000e+00
      vertex   2.013681e+01 -2.127588e+01 -1.560000e+00
    endloop
  endfacet
  facet normal -5.736115e-01 8.191275e-01 0.000000e+00
    outer loop
      vertex   2.025712e+01 -2.120642e+01 0.000000e+00
      vertex   2.025712e+01 -2.120642e+01 -1.560000e+00
      vertex   2.020000e+01 -2.124641e+01 0.000000e+00
    endloop
  endfacet
  facet normal -5.736115e-01 8.191275e-01 0.000000e+00
    outer loop
      vertex   2.020000e+01 -2.124641e+01 0.000000e+00
      vertex   2.025712e+01 -2.120642e+01 -1.560000e+00
      vertex   2.020000e+01 -2.124641e+01 -1.560000e+00
    endloop
  endfacet
  facet normal 8.716080e-02 -9.961943e-01 0.000000e+00
    outer loop
      vertex   1.193054e+01 -5.706077e+00 0.000000e+00
      vertex   1.193054e+01 -5.706077e+00 -1.560000e+00
      vertex   1.200000e+01 -5.700000e+00 0.000000e+00
    endloop
  endfacet
  facet normal 8.716080e-02 -9.961943e-01 0.000000e+00
    outer loop
      vertex   1.200000e+01 -5.700000e+00 0.000000e+00
      vertex   1.193054e+01 -5.706077e+00 -1.560000e+00
      vertex   1.200000e+01 -5.700000e+00 -1.560000e+00
    endloop
  endfacet
  facet normal 2.588181e-01 -9.659261e-01 0.000000e+00
    outer loop
      vertex   1.186319e+01 -5.724123e+00 0.000000e+00
      vertex   1.186319e+01 -5.724123e+00 -1.560000e+00
      vertex   1.193054e+01 -5.706077e+00 0.000000e+00
    endloop
  endfacet
  facet normal 2.588181e-01 -9.659261e-01 0.000000e+00
    outer loop
      vertex   1.193054e+01 -5.706077e+00 0.000000e+00
      vertex   1.186319e+01 -5.724123e+00 -1.560000e+00
      vertex   1.193054e+01 -5.706077e+00 -1.560000e+00
    endloop
  endfacet
  facet normal 4.226182e-01 -9.063078e-01 0.000000e+00
    outer loop
      vertex   1.180000e+01 -5.753590e+00 0.000000e+00
      vertex   1.180000e+01 -5.753590e+00 -1.560000e+00
      vertex   1.186319e+01 -5.724123e+00 0.000000e+00
    endloop
  endfacet
  facet normal 4.226182e-01 -9.063078e-01 0.000000e+00
    outer loop
      vertex   1.186319e+01 -5.724123e+00 0.000000e+00
      vertex   1.180000e+01 -5.753590e+00 -1.560000e+00
      vertex   1.186319e+01 -5.724123e+00 -1.560000e+00
    endloop
  endfacet
  facet normal 5.735782e-01 -8.191508e-01 0.000000e+00
    outer loop
      vertex   1.174289e+01 -5.793583e+00 0.000000e+00
      vertex   1.174289e+01 -5.793583e+00 -1.560000e+00
      vertex   1.180000e+01 -5.753590e+00 0.000000e+00
    endloop
  endfacet
  facet normal 5.735782e-01 -8.191508e-01 0.000000e+00
    outer loop
      vertex   1.180000e+01 -5.753590e+00 0.000000e+00
      vertex   1.174289e+01 -5.793583e+00 -1.560000e+00
      vertex   1.180000e+01 -5.753590e+00 -1.560000e+00
    endloop
  endfacet
  facet normal 7.071068e-01 -7.071068e-01 0.000000e+00
    outer loop
      vertex   1.169358e+01 -5.842885e+00 0.000000e+00
      vertex   1.169358e+01 -5.842885e+00 -1.560000e+00
      vertex   1.174289e+01 -5.793583e+00 0.000000e+00
    endloop
  endfacet
  facet normal 7.071068e-01 -7.071068e-01 0.000000e+00
    outer loop
      vertex   1.174289e+01 -5.793583e+00 0.000000e+00
      vertex   1.169358e+01 -5.842885e+00 -1.560000e+00
      vertex   1.174289e+01 -5.793583e+00 -1.560000e+00
    endloop
  endfacet
  facet normal 8.191520e-01 -5.735765e-01 0.000000e+00
    outer loop
      vertex   1.165359e+01 -5.900000e+00 0.000000e+00
      vertex   1.165359e+01 -5.900000e+00 -1.560000e+00
      vertex   1.169358e+01 -5.842885e+00 0.000000e+00
    endloop
  endfacet
  facet normal 8.191520e-01 -5.735765e-01 0.000000e+00
    outer loop
      vertex   1.169358e+01 -5.842885e+00 0.000000e+00
      vertex   1.165359e+01 -5.900000e+00 -1.560000e+00
      vertex   1.169358e+01 -5.842885e+00 -1.560000e+00
    endloop
  endfacet
  facet normal 9.063045e-01 -4.226252e-01 0.000000e+00
    outer loop
      vertex   1.162412e+01 -5.963192e+00 0.000000e+00
      vertex   1.162412e+01 -5.963192e+00 -1.560000e+00
      vertex   1.165359e+01 -5.900000e+00 0.000000e+00
    endloop
  endfacet
  facet normal 9.063045e-01 -4.226252e-01 0.000000e+00
    outer loop
      vertex   1.165359e+01 -5.900000e+00 0.000000e+00
      vertex   1.162412e+01 -5.963192e+00 -1.560000e+00
      vertex   1.165359e+01 -5.900000e+00 -1.560000e+00
    endloop
  endfacet
  facet normal 9.659266e-01 -2.588160e-01 0.000000e+00
    outer loop
      vertex   1.160608e+01 -6.030541e+00 0.000000e+00
      vertex   1.160608e+01 -6.030541e+00 -1.560000e+00
      vertex   1.162412e+01 -5.963192e+00 0.000000e+00
    endloop
  endfacet
  facet normal 9.659266e-01 -2.588160e-01 0.000000e+00
    outer loop
      vertex   1.162412e+01 -5.963192e+00 0.000000e+00
      vertex   1.160608e+01 -6.030541e+00 -1.560000e+00
      vertex   1.162412e+01 -5.963192e+00 -1.560000e+00
    endloop
  endfacet
  facet normal 9.961957e-01 -8.714457e-02 0.000000e+00
    outer loop
      vertex   1.160000e+01 -6.100000e+00 0.000000e+00
      vertex   1.160000e+01 -6.100000e+00 -1.560000e+00
      vertex   1.160608e+01 -6.030541e+00 0.000000e+00
    endloop
  endfacet
  facet normal 9.961957e-01 -8.714457e-02 0.000000e+00
    outer loop
      vertex   1.160608e+01 -6.030541e+00 0.000000e+00
      vertex   1.160000e+01 -6.100000e+00 -1.560000e+00
      vertex   1.160608e+01 -6.030541e+00 -1.560000e+00
    endloop
  endfacet
  facet normal 1.000000e+00 0.000000e+00 -0.000000e+00
    outer loop
      vertex   1.160000e+01 -6.100000e+00 -1.560000e+00
      vertex   1.160000e+01 -6.100000e+00 0.000000e+00
      vertex   1.160000e+01 -7.300000e+00 -1.560000e+00
    endloop
  endfacet
  facet normal 1.000000e+00 0.000000e+00 0.000000e+00
    outer loop
      vertex   1.160000e+01 -7.300000e+00 -1.560000e+00
      vertex   1.160000e+01 -6.100000e+00 0.000000e+00
      vertex   1.160000e+01 -7.300000e+00 0.000000e+00
    endloop
  endfacet
  facet normal 9.961957e-01 8.714457e-02 0.000000e+00
    outer loop
      vertex   1.160608e+01 -7.369459e+00 0.000000e+00
      vertex   1.160608e+01 -7.369459e+00 -1.560000e+00
      vertex   1.160000e+01 -7.300000e+00 0.000000e+00
    endloop
  endfacet
  facet normal 9.961957e-01 8.714457e-02 0.000000e+00
    outer loop
      vertex   1.160000e+01 -7.300000e+00 0.000000e+00
      vertex   1.160608e+01 -7.369459e+00 -1.560000e+00
      vertex   1.160000e+01 -7.300000e+00 -1.560000e+00
    endloop
  endfacet
  facet normal 9.659266e-01 2.588160e-01 0.000000e+00
    outer loop
      vertex   1.162412e+01 -7.436808e+00 0.000000e+00
      vertex   1.162412e+01 -7.436808e+00 -1.560000e+00
      vertex   1.160608e+01 -7.369459e+00 0.000000e+00
    endloop
  endfacet
  facet normal 9.659266e-01 2.588160e-01 0.000000e+00
    outer loop
      vertex   1.160608e+01 -7.369459e+00 0.000000e+00
      vertex   1.162412e+01 -7.436808e+00 -1.560000e+00
      vertex   1.160608e+01 -7.369459e+00 -1.560000e+00
    endloop
  endfacet
  facet normal 9.063045e-01 4.226252e-01 0.000000e+00
    outer loop
      vertex   1.165359e+01 -7.500000e+00 0.000000e+00
      vertex   1.165359e+01 -7.500000e+00 -1.560000e+00
      vertex   1.162412e+01 -7.436808e+00 0.000000e+00
    endloop
  endfacet
  facet normal 9.063045e-01 4.226252e-01 0.000000e+00
    outer loop
      vertex   1.162412e+01 -7.436808e+00 0.000000e+00
      vertex   1.165359e+01 -7.500000e+00 -1.560000e+00
      vertex   1.162412e+01 -7.436808e+00 -1.560000e+00
    endloop
  endfacet
  facet normal 8.191520e-01 5.735765e-01 0.000000e+00
    outer loop
      vertex   1.169358e+01 -7.557115e+00 0.000000e+00
      vertex   1.169358e+01 -7.557115e+00 -1.560000e+00
      vertex   1.165359e+01 -7.500000e+00 0.000000e+00
    endloop
  endfacet
  facet normal 8.191520e-01 5.735765e-01 0.000000e+00
    outer loop
      vertex   1.165359e+01 -7.500000e+00 0.000000e+00
      vertex   1.169358e+01 -7.557115e+00 -1.560000e+00
      vertex   1.165359e+01 -7.500000e+00 -1.560000e+00
    endloop
  endfacet
  facet normal 7.071068e-01 7.071068e-01 0.000000e+00
    outer loop
      vertex   1.174289e+01 -7.606418e+00 0.000000e+00
      vertex   1.174289e+01 -7.606418e+00 -1.560000e+00
      vertex   1.169358e+01 -7.557115e+00 0.000000e+00
    endloop
  endfacet
  facet normal 7.071068e-01 7.071068e-01 0.000000e+00
    outer loop
      vertex   1.169358e+01 -7.557115e+00 0.000000e+00
      vertex   1.174289e+01 -7.606418e+00 -1.560000e+00
      vertex   1.169358e+01 -7.557115e+00 -1.560000e+00
    endloop
  endfacet
  facet normal 5.735725e-01 8.191548e-01 0.000000e+00
    outer loop
      vertex   1.180000e+01 -7.646410e+00 0.000000e+00
      vertex   1.180000e+01 -7.646410e+00 -1.560000e+00
      vertex   1.174289e+01 -7.606418e+00 0.000000e+00
    endloop
  endfacet
  facet normal 5.735725e-01 8.191548e-01 0.000000e+00
    outer loop
      vertex   1.174289e+01 -7.606418e+00 0.000000e+00
      vertex   1.180000e+01 -7.646410e+00 -1.560000e+00
      vertex   1.174289e+01 -7.606418e+00 -1.560000e+00
    endloop
  endfacet
  facet normal 4.226252e-01 9.063045e-01 0.000000e+00
    outer loop
      vertex   1.186319e+01 -7.675877e+00 0.000000e+00
      vertex   1.186319e+01 -7.675877e+00 -1.560000e+00
      vertex   1.180000e+01 -7.646410e+00 0.000000e+00
    endloop
  endfacet
  facet normal 4.226252e-01 9.063045e-01 0.000000e+00
    outer loop
      vertex   1.180000e+01 -7.646410e+00 0.000000e+00
      vertex   1.186319e+01 -7.675877e+00 -1.560000e+00
      vertex   1.180000e+01 -7.646410e+00 -1.560000e+00
    endloop
  endfacet
  facet normal 2.588181e-01 9.659261e-01 0.000000e+00
    outer loop
      vertex   1.193054e+01 -7.693923e+00 0.000000e+00
      vertex   1.193054e+01 -7.693923e+00 -1.560000e+00
      vertex   1.186319e+01 -7.675877e+00 0.000000e+00
    endloop
  endfacet
  facet normal 2.588181e-01 9.659261e-01 0.000000e+00
    outer loop
      vertex   1.186319e+01 -7.675877e+00 0.000000e+00
      vertex   1.193054e+01 -7.693923e+00 -1.560000e+00
      vertex   1.186319e+01 -7.675877e+00 -1.560000e+00
    endloop
  endfacet
  facet normal 8.715232e-02 9.961950e-01 0.000000e+00
    outer loop
      vertex   1.200000e+01 -7.700000e+00 0.000000e+00
      vertex   1.200000e+01 -7.700000e+00 -1.560000e+00
      vertex   1.193054e+01 -7.693923e+00 0.000000e+00
    endloop
  endfacet
  facet normal 8.715232e-02 9.961950e-01 0.000000e+00
    outer loop
      vertex   1.193054e+01 -7.693923e+00 0.000000e+00
      vertex   1.200000e+01 -7.700000e+00 -1.560000e+00
      vertex   1.193054e+01 -7.693923e+00 -1.560000e+00
    endloop
  endfacet
  facet normal 1.000000e+00 0.000000e+00 -0.000000e+00
    outer loop
      vertex   1.160000e+01 -1.264359e+01 -1.560000e+00
      vertex   1.160000e+01 -1.264359e+01 0.000000e+00
      vertex   1.160000e+01 -3.500000e+01 -1.560000e+00
    endloop
  endfacet
  facet normal 1.000000e+00 0.000000e+00 0.000000e+00
    outer loop
      vertex   1.160000e+01 -3.500000e+01 -1.560000e+00
      vertex   1.160000e+01 -1.264359e+01 0.000000e+00
      vertex   1.160000e+01 -3.500000e+01 0.000000e+00
    endloop
  endfacet
  facet normal 9.961956e-01 8.714532e-02 0.000000e+00
    outer loop
      vertex   1.160608e+01 -3.506946e+01 0.000000e+00
      vertex   1.160608e+01 -3.506946e+01 -1.560000e+00
      vertex   1.160000e+01 -3.500000e+01 0.000000e+00
    endloop
  endfacet
  facet normal 9.961956e-01 8.714532e-02 0.000000e+00
    outer loop
      vertex   1.160000e+01 -3.500000e+01 0.000000e+00
      vertex   1.160608e+01 -3.506946e+01 -1.560000e+00
      vertex   1.160000e+01 -3.500000e+01 -1.560000e+00
    endloop
  endfacet
  facet normal 9.659261e-01 2.588181e-01 0.000000e+00
    outer loop
      vertex   1.162412e+01 -3.513681e+01 0.000000e+00
      vertex   1.162412e+01 -3.513681e+01 -1.560000e+00
      vertex   1.160608e+01 -3.506946e+01 0.000000e+00
    endloop
  endfacet
  facet normal 9.659261e-01 2.588181e-01 0.000000e+00
    outer loop
      vertex   1.160608e+01 -3.506946e+01 0.000000e+00
      vertex   1.162412e+01 -3.513681e+01 -1.560000e+00
      vertex   1.160608e+01 -3.506946e+01 -1.560000e+00
    endloop
  endfacet
  facet normal 9.063137e-01 4.226056e-01 0.000000e+00
    outer loop
      vertex   1.165359e+01 -3.520000e+01 0.000000e+00
      vertex   1.165359e+01 -3.520000e+01 -1.560000e+00
      vertex   1.162412e+01 -3.513681e+01 0.000000e+00
    endloop
  endfacet
  facet normal 9.063137e-01 4.226056e-01 0.000000e+00
    outer loop
      vertex   1.162412e+01 -3.513681e+01 0.000000e+00
      vertex   1.165359e+01 -3.520000e+01 -1.560000e+00
      vertex   1.162412e+01 -3.513681e+01 -1.560000e+00
    endloop
  endfacet
  facet normal 8.191436e-01 5.735886e-01 0.000000e+00
    outer loop
      vertex   1.169358e+01 -3.525712e+01 0.000000e+00
      vertex   1.169358e+01 -3.525712e+01 -1.560000e+00
      vertex   1.165359e+01 -3.520000e+01 0.000000e+00
    endloop
  endfacet
  facet normal 8.191436e-01 5.735886e-01 0.000000e+00
    outer loop
      vertex   1.165359e+01 -3.520000e+01 0.000000e+00
      vertex   1.169358e+01 -3.525712e+01 -1.560000e+00
      vertex   1.165359e+01 -3.520000e+01 -1.560000e+00
    endloop
  endfacet
  facet normal 7.071239e-01 7.070897e-01 0.000000e+00
    outer loop
      vertex   1.174289e+01 -3.530642e+01 0.000000e+00
      vertex   1.174289e+01 -3.530642e+01 -1.560000e+00
      vertex   1.169358e+01 -3.525712e+01 0.000000e+00
    endloop
  endfacet
  facet normal 7.071239e-01 7.070897e-01 0.000000e+00
    outer loop
      vertex   1.169358e+01 -3.525712e+01 0.000000e+00
      vertex   1.174289e+01 -3.530642e+01 -1.560000e+00
      vertex   1.169358e+01 -3.525712e+01 -1.560000e+00
    endloop
  endfacet
  facet normal 5.735495e-01 8.191709e-01 0.000000e+00
    outer loop
      vertex   1.180000e+01 -3.534641e+01 0.000000e+00
      vertex   1.180000e+01 -3.534641e+01 -1.560000e+00
      vertex   1.174289e+01 -3.530642e+01 0.000000e+00
    endloop
  endfacet
  facet normal 5.735495e-01 8.191709e-01 0.000000e+00
    outer loop
      vertex   1.174289e+01 -3.530642e+01 0.000000e+00
      vertex   1.180000e+01 -3.534641e+01 -1.560000e+00
      vertex   1.174289e+01 -3.530642e+01 -1.560000e+00
    endloop
  endfacet
  facet normal 4.226393e-01 9.062980e-01 0.000000e+00
    outer loop
      vertex   1.186319e+01 -3.537588e+01 0.000000e+00
      vertex   1.186319e+01 -3.537588e+01 -1.560000e+00
      vertex   1.180000e+01 -3.534641e+01 0.000000e+00
    endloop
  endfacet
  facet normal 4.226393e-01 9.062980e-01 0.000000e+00
    outer loop
      vertex   1.180000e+01 -3.534641e+01 0.000000e+00
      vertex   1.186319e+01 -3.537588e+01 -1.560000e+00
      vertex   1.180000e+01 -3.534641e+01 -1.560000e+00
    endloop
  endfacet
  facet normal 2.588181e-01 9.659261e-01 0.000000e+00
    outer loop
      vertex   1.193054e+01 -3.539392e+01 0.000000e+00
      vertex   1.193054e+01 -3.539392e+01 -1.560000e+00
      vertex   1.186319e+01 -3.537588e+01 0.000000e+00
    endloop
  endfacet
  facet normal 2.588181e-01 9.659261e-01 0.000000e+00
    outer loop
      vertex   1.186319e+01 -3.537588e+01 0.000000e+00
      vertex   1.193054e+01 -3.539392e+01 -1.560000e+00
      vertex   1.186319e+01 -3.537588e+01 -1.560000e+00
    endloop
  endfacet
  facet normal 8.716080e-02 9.961943e-01 0.000000e+00
    outer loop
      vertex   1.200000e+01 -3.540000e+01 0.000000e+00
      vertex   1.200000e+01 -3.540000e+01 -1.560000e+00
      vertex   1.193054e+01 -3.539392e+01 0.000000e+00
    endloop
  endfacet
  facet normal 8.716080e-02 9.961943e-01 0.000000e+00
    outer loop
      vertex   1.193054e+01 -3.539392e+01 0.000000e+00
      vertex   1.200000e+01 -3.540000e+01 -1.560000e+00
      vertex   1.193054e+01 -3.539392e+01 -1.560000e+00
    endloop
  endfacet
  facet normal 0.000000e+00 1.000000e+00 0.000000e+00
    outer loop
      vertex   1.200000e+01 -3.540000e+01 -1.560000e+00
      vertex   1.200000e+01 -3.540000e+01 0.000000e+00
      vertex   2.800000e+01 -3.540000e+01 -1.560000e+00
    endloop
  endfacet
  facet normal 0.000000e+00 1.000000e+00 -0.000000e+00
    outer loop
      vertex   2.800000e+01 -3.540000e+01 -1.560000e+00
      vertex   1.200000e+01 -3.540000e+01 0.000000e+00
      vertex   2.800000e+01 -3.540000e+01 0.000000e+00
    endloop
  endfacet
  facet normal -9.961971e-01 8.712835e-02 0.000000e+00
    outer loop
      vertex   2.840000e+01 -3.500000e+01 0.000000e+00
      vertex   2.840000e+01 -3.500000e+01 -1.560000e+00
      vertex   2.839392e+01 -3.506946e+01 0.000000e+00
    endloop
  endfacet
  facet normal -9.961971e-01 8.712835e-02 0.000000e+00
    outer loop
      vertex   2.839392e+01 -3.506946e+01 0.000000e+00
      vertex   2.840000e+01 -3.500000e+01 -1.560000e+00
      vertex   2.839392e+01 -3.506946e+01 -1.560000e+00
    endloop
  endfacet
  facet normal -9.659261e-01 2.588181e-01 0.000000e+00
    outer loop
      vertex   2.839392e+01 -3.506946e+01 0.000000e+00
      vertex   2.839392e+01 -3.506946e+01 -1.560000e+00
      vertex   2.837588e+01 -3.513681e+01 0.000000e+00
    endloop
  endfacet
  facet normal -9.659261e-01 2.588181e-01 0.000000e+00
    outer loop
      vertex   2.837588e+01 -3.513681e+01 0.000000e+00
      vertex   2.839392e+01 -3.506946e+01 -1.560000e+00
      vertex   2.837588e+01 -3.513681e+01 -1.560000e+00
    endloop
  endfacet
  facet normal -9.063202e-01 4.225916e-01 0.000000e+00
    outer loop
      vertex   2.837588e+01 -3.513681e+01 0.000000e+00
      vertex   2.837588e+01 -3.513681e+01 -1.560000e+00
      vertex   2.834641e+01 -3.520000e+01 0.000000e+00
    endloop
  endfacet
  facet normal -9.063202e-01 4.225916e-01 0.000000e+00
    outer loop
      vertex   2.834641e+01 -3.520000e+01 0.000000e+00
      vertex   2.837588e+01 -3.513681e+01 -1.560000e+00
      vertex   2.834641e+01 -3.520000e+01 -1.560000e+00
    endloop
  endfacet
  facet normal -8.191275e-01 5.736115e-01 0.000000e+00
    outer loop
      vertex   2.834641e+01 -3.520000e+01 0.000000e+00
      vertex   2.834641e+01 -3.520000e+01 -1.560000e+00
      vertex   2.830642e+01 -3.525712e+01 0.000000e+00
    endloop
  endfacet
  facet normal -8.191275e-01 5.736115e-01 0.000000e+00
    outer loop
      vertex   2.830642e+01 -3.525712e+01 0.000000e+00
      vertex   2.834641e+01 -3.520000e+01 -1.560000e+00
      vertex   2.830642e+01 -3.525712e+01 -1.560000e+00
    endloop
  endfacet
  facet normal -7.071239e-01 7.070897e-01 0.000000e+00
    outer loop
      vertex   2.830642e+01 -3.525712e+01 0.000000e+00
      vertex   2.830642e+01 -3.525712e+01 -1.560000e+00
      vertex   2.825711e+01 -3.530642e+01 0.000000e+00
    endloop
  endfacet
  facet normal -7.071239e-01 7.070897e-01 0.000000e+00
    outer loop
      vertex   2.825711e+01 -3.530642e+01 0.000000e+00
      vertex   2.830642e+01 -3.525712e+01 -1.560000e+00
      vertex   2.825711e+01 -3.530642e+01 -1.560000e+00
    endloop
  endfacet
  facet normal -5.735656e-01 8.191596e-01 0.000000e+00
    outer loop
      vertex   2.825711e+01 -3.530642e+01 0.000000e+00
      vertex   2.825711e+01 -3.530642e+01 -1.560000e+00
      vertex   2.820000e+01 -3.534641e+01 0.000000e+00
    endloop
  endfacet
  facet normal -5.735656e-01 8.191596e-01 0.000000e+00
    outer loop
      vertex   2.820000e+01 -3.534641e+01 0.000000e+00
      vertex   2.825711e+01 -3.530642e+01 -1.560000e+00
      vertex   2.820000e+01 -3.534641e+01 -1.560000e+00
    endloop
  endfacet
  facet normal -4.226327e-01 9.063010e-01 0.000000e+00
    outer loop
      vertex   2.820000e+01 -3.534641e+01 0.000000e+00
      vertex   2.820000e+01 -3.534641e+01 -1.560000e+00
      vertex   2.813681e+01 -3.537588e+01 0.000000e+00
    endloop
  endfacet
  facet normal -4.226327e-01 9.063010e-01 0.000000e+00
    outer loop
      vertex   2.813681e+01 -3.537588e+01 0.000000e+00
      vertex   2.820000e+01 -3.534641e+01 -1.560000e+00
      vertex   2.813681e+01 -3.537588e+01 -1.560000e+00
    endloop
  endfacet
  facet normal -2.588181e-01 9.659261e-01 0.000000e+00
    outer loop
      vertex   2.813681e+01 -3.537588e+01 0.000000e+00
      vertex   2.813681e+01 -3.537588e+01 -1.560000e+00
      vertex   2.806946e+01 -3.539392e+01 0.000000e+00
    endloop
  endfacet
  facet normal -2.588181e-01 9.659261e-01 0.000000e+00
    outer loop
      vertex   2.806946e+01 -3.539392e+01 0.000000e+00
      vertex   2.813681e+01 -3.537588e+01 -1.560000e+00
      vertex   2.806946e+01 -3.539392e+01 -1.560000e+00
    endloop
  endfacet
  facet normal -8.715932e-02 9.961944e-01 0.000000e+00
    outer loop
      vertex   2.806946e+01 -3.539392e+01 0.000000e+00
      vertex   2.806946e+01 -3.539392e+01 -1.560000e+00
      vertex   2.800000e+01 -3.540000e+01 0.000000e+00
    endloop
  endfacet
  facet normal -8.715932e-02 9.961944e-01 0.000000e+00
    outer loop
      vertex   2.800000e+01 -3.540000e+01 0.000000e+00
      vertex   2.806946e+01 -3.539392e+01 -1.560000e+00
      vertex   2.800000e+01 -3.540000e+01 -1.560000e+00
    endloop
  endfacet
  facet normal -8.660254e-01 5.000000e-01 0.000000e+00
    outer loop
      vertex   2.034641e+01 -2.110000e+01 -1.560000e+00
      vertex   2.034641e+01 -2.110000e+01 0.000000e+00
      vertex   2.658179e+01 -1.030000e+01 -1.560000e+00
    endloop
  endfacet
  facet normal -8.660254e-01 5.000000e-01 0.000000e+00
    outer loop
      vertex   2.658179e+01 -1.030000e+01 -1.560000e+00
      vertex   2.034641e+01 -2.110000e+01 0.000000e+00
      vertex   2.658179e+01 -1.030000e+01 0.000000e+00
    endloop
  endfacet
  facet normal -8.191548e-01 5.735725e-01 0.000000e+00
    outer loop
      vertex   2.034641e+01 -2.110000e+01 0.000000e+00
      vertex   2.034641e+01 -2.110000e+01 -1.560000e+00
      vertex   2.030642e+01 -2.115712e+01 0.000000e+00
    endloop
  endfacet
  facet normal -8.191548e-01 5.735725e-01 0.000000e+00
    outer loop
      vertex   2.030642e+01 -2.115712e+01 0.000000e+00
      vertex   2.034641e+01 -2.110000e+01 -1.560000e+00
      vertex   2.030642e+01 -2.115712e+01 -1.560000e+00
    endloop
  endfacet
  facet normal 9.978594e-01 6.539539e-02 0.000000e+00
    outer loop
      vertex   3.130000e+01 -1.400001e+00 3.300000e+00
      vertex   3.130000e+01 -1.400001e+00 -1.560000e+00
      vertex   3.128802e+01 -1.217264e+00 3.300000e+00
    endloop
  endfacet
  facet normal 9.978594e-01 6.539539e-02 0.000000e+00
    outer loop
      vertex   3.128802e+01 -1.217264e+00 3.300000e+00
      vertex   3.130000e+01 -1.400001e+00 -1.560000e+00
      vertex   3.128802e+01 -1.217264e+00 -1.560000e+00
    endloop
  endfacet
  facet normal 9.807849e-01 1.950923e-01 0.000000e+00
    outer loop
      vertex   3.128802e+01 -1.217264e+00 3.300000e+00
      vertex   3.128802e+01 -1.217264e+00 -1.560000e+00
      vertex   3.125230e+01 -1.037654e+00 3.300000e+00
    endloop
  endfacet
  facet normal 9.807849e-01 1.950923e-01 0.000000e+00
    outer loop
      vertex   3.125230e+01 -1.037654e+00 3.300000e+00
      vertex   3.128802e+01 -1.217264e+00 -1.560000e+00
      vertex   3.125230e+01 -1.037654e+00 -1.560000e+00
    endloop
  endfacet
  facet normal 9.469328e-01 3.214315e-01 0.000000e+00
    outer loop
      vertex   3.125230e+01 -1.037654e+00 3.300000e+00
      vertex   3.125230e+01 -1.037654e+00 -1.560000e+00
      vertex   3.119343e+01 -8.642443e-01 3.300000e+00
    endloop
  endfacet
  facet normal 9.469328e-01 3.214315e-01 0.000000e+00
    outer loop
      vertex   3.119343e+01 -8.642443e-01 3.300000e+00
      vertex   3.125230e+01 -1.037654e+00 -1.560000e+00
      vertex   3.119343e+01 -8.642443e-01 -1.560000e+00
    endloop
  endfacet
  facet normal 8.968733e-01 4.422875e-01 0.000000e+00
    outer loop
      vertex   3.119343e+01 -8.642443e-01 3.300000e+00
      vertex   3.119343e+01 -8.642443e-01 -1.560000e+00
      vertex   3.111244e+01 -7.000010e-01 3.300000e+00
    endloop
  endfacet
  facet normal 8.968733e-01 4.422875e-01 0.000000e+00
    outer loop
      vertex   3.111244e+01 -7.000010e-01 3.300000e+00
      vertex   3.119343e+01 -8.642443e-01 -1.560000e+00
      vertex   3.111244e+01 -7.000010e-01 -1.560000e+00
    endloop
  endfacet
  facet normal 8.314648e-01 5.555774e-01 0.000000e+00
    outer loop
      vertex   3.111244e+01 -7.000010e-01 3.300000e+00
      vertex   3.111244e+01 -7.000010e-01 -1.560000e+00
      vertex   3.101069e+01 -5.477351e-01 3.300000e+00
    endloop
  endfacet
  facet normal 8.314648e-01 5.555774e-01 0.000000e+00
    outer loop
      vertex   3.101069e+01 -5.477351e-01 3.300000e+00
      vertex   3.111244e+01 -7.000010e-01 -1.560000e+00
      vertex   3.101069e+01 -5.477351e-01 -1.560000e+00
    endloop
  endfacet
  facet normal 7.518411e-01 6.593444e-01 0.000000e+00
    outer loop
      vertex   3.101069e+01 -5.477351e-01 3.300000e+00
      vertex   3.101069e+01 -5.477351e-01 -1.560000e+00
      vertex   3.088995e+01 -4.100516e-01 3.300000e+00
    endloop
  endfacet
  facet normal 7.518411e-01 6.593444e-01 0.000000e+00
    outer loop
      vertex   3.088995e+01 -4.100516e-01 3.300000e+00
      vertex   3.101069e+01 -5.477351e-01 -1.560000e+00
      vertex   3.088995e+01 -4.100516e-01 -1.560000e+00
    endloop
  endfacet
  facet normal 6.593436e-01 7.518418e-01 0.000000e+00
    outer loop
      vertex   3.088995e+01 -4.100516e-01 3.300000e+00
      vertex   3.088995e+01 -4.100516e-01 -1.560000e+00
      vertex   3.075227e+01 -2.893064e-01 3.300000e+00
    endloop
  endfacet
  facet normal 6.593436e-01 7.518418e-01 0.000000e+00
    outer loop
      vertex   3.075227e+01 -2.893064e-01 3.300000e+00
      vertex   3.088995e+01 -4.100516e-01 -1.560000e+00
      vertex   3.075227e+01 -2.893064e-01 -1.560000e+00
    endloop
  endfacet
  facet normal 5.555762e-01 8.314657e-01 0.000000e+00
    outer loop
      vertex   3.075227e+01 -2.893064e-01 3.300000e+00
      vertex   3.075227e+01 -2.893064e-01 -1.560000e+00
      vertex   3.060000e+01 -1.875655e-01 3.300000e+00
    endloop
  endfacet
  facet normal 5.555762e-01 8.314657e-01 0.000000e+00
    outer loop
      vertex   3.060000e+01 -1.875655e-01 3.300000e+00
      vertex   3.075227e+01 -2.893064e-01 -1.560000e+00
      vertex   3.060000e+01 -1.875655e-01 -1.560000e+00
    endloop
  endfacet
  facet normal 4.422865e-01 8.968738e-01 0.000000e+00
    outer loop
      vertex   3.060000e+01 -1.875655e-01 3.300000e+00
      vertex   3.060000e+01 -1.875655e-01 -1.560000e+00
      vertex   3.043576e+01 -1.065697e-01 3.300000e+00
    endloop
  endfacet
  facet normal 4.422865e-01 8.968738e-01 0.000000e+00
    outer loop
      vertex   3.043576e+01 -1.065697e-01 3.300000e+00
      vertex   3.060000e+01 -1.875655e-01 -1.560000e+00
      vertex   3.043576e+01 -1.065697e-01 -1.560000e+00
    endloop
  endfacet
  facet normal 3.214374e-01 9.469308e-01 0.000000e+00
    outer loop
      vertex   3.043576e+01 -1.065697e-01 3.300000e+00
      vertex   3.043576e+01 -1.065697e-01 -1.560000e+00
      vertex   3.026235e+01 -4.770493e-02 3.300000e+00
    endloop
  endfacet
  facet normal 3.214374e-01 9.469308e-01 0.000000e+00
    outer loop
      vertex   3.026235e+01 -4.770493e-02 3.300000e+00
      vertex   3.043576e+01 -1.065697e-01 -1.560000e+00
      vertex   3.026235e+01 -4.770493e-02 -1.560000e+00
    endloop
  endfacet
  facet normal 1.950926e-01 9.807848e-01 0.000000e+00
    outer loop
      vertex   3.026235e+01 -4.770493e-02 3.300000e+00
      vertex   3.026235e+01 -4.770493e-02 -1.560000e+00
      vertex   3.008274e+01 -1.197827e-02 3.300000e+00
    endloop
  endfacet
  facet normal 1.950926e-01 9.807848e-01 0.000000e+00
    outer loop
      vertex   3.008274e+01 -1.197827e-02 3.300000e+00
      vertex   3.026235e+01 -4.770493e-02 -1.560000e+00
      vertex   3.008274e+01 -1.197827e-02 -1.560000e+00
    endloop
  endfacet
  facet normal 6.540254e-02 9.978590e-01 0.000000e+00
    outer loop
      vertex   3.008274e+01 -1.197827e-02 3.300000e+00
      vertex   3.008274e+01 -1.197827e-02 -1.560000e+00
      vertex   2.990000e+01 -1.080509e-06 3.300000e+00
    endloop
  endfacet
  facet normal 6.540254e-02 9.978590e-01 0.000000e+00
    outer loop
      vertex   2.990000e+01 -1.080509e-06 3.300000e+00
      vertex   3.008274e+01 -1.197827e-02 -1.560000e+00
      vertex   2.990000e+01 -1.080509e-06 -1.560000e+00
    endloop
  endfacet
  facet normal 1.800851e-06 1.000000e+00 -0.000000e+00
    outer loop
      vertex   2.990000e+01 -1.080509e-06 -1.560000e+00
      vertex   2.930000e+01 -3.678539e-14 0.000000e+00
      vertex   2.990000e+01 -1.080509e-06 3.300000e+00
    endloop
  endfacet
  facet normal 1.800851e-06 1.000000e+00 1.857431e-23
    outer loop
      vertex   2.990000e+01 -1.080509e-06 3.300000e+00
      vertex   2.930000e+01 -3.678539e-14 0.000000e+00
      vertex   2.930000e+01 -3.678539e-14 1.900000e+00
    endloop
  endfacet
  facet normal 5.044056e-23 1.000000e+00 -6.926342e-07
    outer loop
      vertex   2.930000e+01 -3.678539e-14 0.000000e+00
      vertex   2.990000e+01 -1.080509e-06 -1.560000e+00
      vertex   2.880000e+01 -1.080509e-06 -1.560000e+00
    endloop
  endfacet
  facet normal -2.161012e-06 1.000000e+00 3.643809e-13
    outer loop
      vertex   2.930000e+01 -3.678539e-14 0.000000e+00
      vertex   2.880000e+01 -1.080509e-06 -1.560000e+00
      vertex   2.880000e+01 -1.080510e-06 0.000000e+00
    endloop
  endfacet
  facet normal 7.203392e-07 1.000000e+00 4.630759e-07
    outer loop
      vertex   2.990000e+01 -1.080509e-06 3.300000e+00
      vertex   2.930000e+01 -3.678539e-14 1.900000e+00
      vertex   2.840000e+01 7.357078e-14 3.300000e+00
    endloop
  endfacet
  facet normal -1.200564e-06 1.000000e+00 -7.717925e-07
    outer loop
      vertex   2.840000e+01 7.357078e-14 3.300000e+00
      vertex   2.930000e+01 -3.678539e-14 1.900000e+00
      vertex   2.840000e+01 -1.080509e-06 1.900000e+00
    endloop
  endfacet
  facet normal 1.000000e+00 0.000000e+00 -0.000000e+00
    outer loop
      vertex   2.880000e+01 9.999990e-01 -1.560000e+00
      vertex   2.880000e+01 9.999990e-01 0.000000e+00
      vertex   2.880000e+01 -1.080509e-06 -1.560000e+00
    endloop
  endfacet
  facet normal 1.000000e+00 0.000000e+00 -0.000000e+00
    outer loop
      vertex   2.880000e+01 -1.080509e-06 -1.560000e+00
      vertex   2.880000e+01 9.999990e-01 0.000000e+00
      vertex   2.880000e+01 -1.080510e-06 0.000000e+00
    endloop
  endfacet
  facet normal 9.961972e-01 8.712733e-02 0.000000e+00
    outer loop
      vertex   2.880000e+01 9.999990e-01 0.000000e+00
      vertex   2.880000e+01 9.999990e-01 -1.560000e+00
      vertex   2.879392e+01 1.069458e+00 0.000000e+00
    endloop
  endfacet
  facet normal 9.961972e-01 8.712733e-02 0.000000e+00
    outer loop
      vertex   2.879392e+01 1.069458e+00 0.000000e+00
      vertex   2.880000e+01 9.999990e-01 -1.560000e+00
      vertex   2.879392e+01 1.069458e+00 -1.560000e+00
    endloop
  endfacet
  facet normal 9.659263e-01 2.588173e-01 0.000000e+00
    outer loop
      vertex   2.879392e+01 1.069458e+00 0.000000e+00
      vertex   2.879392e+01 1.069458e+00 -1.560000e+00
      vertex   2.877588e+01 1.136807e+00 0.000000e+00
    endloop
  endfacet
  facet normal 9.659263e-01 2.588173e-01 0.000000e+00
    outer loop
      vertex   2.877588e+01 1.136807e+00 0.000000e+00
      vertex   2.879392e+01 1.069458e+00 -1.560000e+00
      vertex   2.877588e+01 1.136807e+00 -1.560000e+00
    endloop
  endfacet
  facet normal 9.063120e-01 4.226092e-01 0.000000e+00
    outer loop
      vertex   2.877588e+01 1.136807e+00 0.000000e+00
      vertex   2.877588e+01 1.136807e+00 -1.560000e+00
      vertex   2.874641e+01 1.199999e+00 0.000000e+00
    endloop
  endfacet
  facet normal 9.063120e-01 4.226092e-01 0.000000e+00
    outer loop
      vertex   2.874641e+01 1.199999e+00 0.000000e+00
      vertex   2.877588e+01 1.136807e+00 -1.560000e+00
      vertex   2.874641e+01 1.199999e+00 -1.560000e+00
    endloop
  endfacet
  facet normal 8.191359e-01 5.735995e-01 0.000000e+00
    outer loop
      vertex   2.874641e+01 1.199999e+00 0.000000e+00
      vertex   2.874641e+01 1.199999e+00 -1.560000e+00
      vertex   2.870642e+01 1.257114e+00 0.000000e+00
    endloop
  endfacet
  facet normal 8.191359e-01 5.735995e-01 0.000000e+00
    outer loop
      vertex   2.870642e+01 1.257114e+00 0.000000e+00
      vertex   2.874641e+01 1.199999e+00 -1.560000e+00
      vertex   2.870642e+01 1.257114e+00 -1.560000e+00
    endloop
  endfacet
  facet normal 7.071260e-01 7.070875e-01 0.000000e+00
    outer loop
      vertex   2.870642e+01 1.257114e+00 0.000000e+00
      vertex   2.870642e+01 1.257114e+00 -1.560000e+00
      vertex   2.865712e+01 1.306417e+00 0.000000e+00
    endloop
  endfacet
  facet normal 7.071260e-01 7.070875e-01 0.000000e+00
    outer loop
      vertex   2.865712e+01 1.306417e+00 0.000000e+00
      vertex   2.870642e+01 1.257114e+00 -1.560000e+00
      vertex   2.865712e+01 1.306417e+00 -1.560000e+00
    endloop
  endfacet
  facet normal 5.735725e-01 8.191548e-01 0.000000e+00
    outer loop
      vertex   2.865712e+01 1.306417e+00 0.000000e+00
      vertex   2.865712e+01 1.306417e+00 -1.560000e+00
      vertex   2.860000e+01 1.346409e+00 0.000000e+00
    endloop
  endfacet
  facet normal 5.735725e-01 8.191548e-01 0.000000e+00
    outer loop
      vertex   2.860000e+01 1.346409e+00 0.000000e+00
      vertex   2.865712e+01 1.306417e+00 -1.560000e+00
      vertex   2.860000e+01 1.346409e+00 -1.560000e+00
    endloop
  endfacet
  facet normal 4.226117e-01 9.063109e-01 0.000000e+00
    outer loop
      vertex   2.860000e+01 1.346409e+00 0.000000e+00
      vertex   2.860000e+01 1.346409e+00 -1.560000e+00
      vertex   2.853681e+01 1.375876e+00 0.000000e+00
    endloop
  endfacet
  facet normal 4.226117e-01 9.063109e-01 0.000000e+00
    outer loop
      vertex   2.853681e+01 1.375876e+00 0.000000e+00
      vertex   2.860000e+01 1.346409e+00 -1.560000e+00
      vertex   2.853681e+01 1.375876e+00 -1.560000e+00
    endloop
  endfacet
  facet normal 2.588201e-01 9.659255e-01 0.000000e+00
    outer loop
      vertex   2.853681e+01 1.375876e+00 0.000000e+00
      vertex   2.853681e+01 1.375876e+00 -1.560000e+00
      vertex   2.846946e+01 1.393922e+00 0.000000e+00
    endloop
  endfacet
  facet normal 2.588201e-01 9.659255e-01 0.000000e+00
    outer loop
      vertex   2.846946e+01 1.393922e+00 0.000000e+00
      vertex   2.853681e+01 1.375876e+00 -1.560000e+00
      vertex   2.846946e+01 1.393922e+00 -1.560000e+00
    endloop
  endfacet
  facet normal 8.715507e-02 9.961948e-01 0.000000e+00
    outer loop
      vertex   2.846946e+01 1.393922e+00 0.000000e+00
      vertex   2.846946e+01 1.393922e+00 -1.560000e+00
      vertex   2.840000e+01 1.399999e+00 0.000000e+00
    endloop
  endfacet
  facet normal 8.715507e-02 9.961948e-01 0.000000e+00
    outer loop
      vertex   2.840000e+01 1.399999e+00 0.000000e+00
      vertex   2.846946e+01 1.393922e+00 -1.560000e+00
      vertex   2.840000e+01 1.399999e+00 -1.560000e+00
    endloop
  endfacet
  facet normal -9.961971e-01 8.712835e-02 0.000000e+00
    outer loop
      vertex   2.840000e+01 -3.500000e+01 3.300000e+00
      vertex   2.840000e+01 -3.500000e+01 1.900000e+00
      vertex   2.839392e+01 -3.506946e+01 3.300000e+00
    endloop
  endfacet
  facet normal -9.961971e-01 8.712835e-02 0.000000e+00
    outer loop
      vertex   2.839392e+01 -3.506946e+01 3.300000e+00
      vertex   2.840000e+01 -3.500000e+01 1.900000e+00
      vertex   2.839392e+01 -3.506946e+01 1.900000e+00
    endloop
  endfacet
  facet normal -9.659261e-01 2.588181e-01 0.000000e+00
    outer loop
      vertex   2.839392e+01 -3.506946e+01 3.300000e+00
      vertex   2.839392e+01 -3.506946e+01 1.900000e+00
      vertex   2.837588e+01 -3.513681e+01 3.300000e+00
    endloop
  endfacet
  facet normal -9.659261e-01 2.588181e-01 0.000000e+00
    outer loop
      vertex   2.837588e+01 -3.513681e+01 3.300000e+00
      vertex   2.839392e+01 -3.506946e+01 1.900000e+00
      vertex   2.837588e+01 -3.513681e+01 1.900000e+00
    endloop
  endfacet
  facet normal -9.063202e-01 4.225916e-01 0.000000e+00
    outer loop
      vertex   2.837588e+01 -3.513681e+01 3.300000e+00
      vertex   2.837588e+01 -3.513681e+01 1.900000e+00
      vertex   2.834641e+01 -3.520000e+01 3.300000e+00
    endloop
  endfacet
  facet normal -9.063202e-01 4.225916e-01 0.000000e+00
    outer loop
      vertex   2.834641e+01 -3.520000e+01 3.300000e+00
      vertex   2.837588e+01 -3.513681e+01 1.900000e+00
      vertex   2.834641e+01 -3.520000e+01 1.900000e+00
    endloop
  endfacet
  facet normal -8.191275e-01 5.736115e-01 0.000000e+00
    outer loop
      vertex   2.834641e+01 -3.520000e+01 3.300000e+00
      vertex   2.834641e+01 -3.520000e+01 1.900000e+00
      vertex   2.830642e+01 -3.525712e+01 3.300000e+00
    endloop
  endfacet
  facet normal -8.191275e-01 5.736115e-01 0.000000e+00
    outer loop
      vertex   2.830642e+01 -3.525712e+01 3.300000e+00
      vertex   2.834641e+01 -3.520000e+01 1.900000e+00
      vertex   2.830642e+01 -3.525712e+01 1.900000e+00
    endloop
  endfacet
  facet normal -7.071239e-01 7.070897e-01 0.000000e+00
    outer loop
      vertex   2.830642e+01 -3.525712e+01 3.300000e+00
      vertex   2.830642e+01 -3.525712e+01 1.900000e+00
      vertex   2.825711e+01 -3.530642e+01 3.300000e+00
    endloop
  endfacet
  facet normal -7.071239e-01 7.070897e-01 0.000000e+00
    outer loop
      vertex   2.825711e+01 -3.530642e+01 3.300000e+00
      vertex   2.830642e+01 -3.525712e+01 1.900000e+00
      vertex   2.825711e+01 -3.530642e+01 1.900000e+00
    endloop
  endfacet
  facet normal -5.735656e-01 8.191596e-01 0.000000e+00
    outer loop
      vertex   2.825711e+01 -3.530642e+01 3.300000e+00
      vertex   2.825711e+01 -3.530642e+01 1.900000e+00
      vertex   2.820000e+01 -3.534641e+01 3.300000e+00
    endloop
  endfacet
  facet normal -5.735656e-01 8.191596e-01 0.000000e+00
    outer loop
      vertex   2.820000e+01 -3.534641e+01 3.300000e+00
      vertex   2.825711e+01 -3.530642e+01 1.900000e+00
      vertex   2.820000e+01 -3.534641e+01 1.900000e+00
    endloop
  endfacet
  facet normal -4.226327e-01 9.063010e-01 0.000000e+00
    outer loop
      vertex   2.820000e+01 -3.534641e+01 3.300000e+00
      vertex   2.820000e+01 -3.534641e+01 1.900000e+00
      vertex   2.813681e+01 -3.537588e+01 3.300000e+00
    endloop
  endfacet
  facet normal -4.226327e-01 9.063010e-01 0.000000e+00
    outer loop
      vertex   2.813681e+01 -3.537588e+01 3.300000e+00
      vertex   2.820000e+01 -3.534641e+01 1.900000e+00
      vertex   2.813681e+01 -3.537588e+01 1.900000e+00
    endloop
  endfacet
  facet normal -2.588181e-01 9.659261e-01 0.000000e+00
    outer loop
      vertex   2.813681e+01 -3.537588e+01 3.300000e+00
      vertex   2.813681e+01 -3.537588e+01 1.900000e+00
      vertex   2.806946e+01 -3.539392e+01 3.300000e+00
    endloop
  endfacet
  facet normal -2.588181e-01 9.659261e-01 0.000000e+00
    outer loop
      vertex   2.806946e+01 -3.539392e+01 3.300000e+00
      vertex   2.813681e+01 -3.537588e+01 1.900000e+00
      vertex   2.806946e+01 -3.539392e+01 1.900000e+00
    endloop
  endfacet
  facet normal -8.715932e-02 9.961944e-01 0.000000e+00
    outer loop
      vertex   2.806946e+01 -3.539392e+01 3.300000e+00
      vertex   2.806946e+01 -3.539392e+01 1.900000e+00
      vertex   2.800000e+01 -3.540000e+01 3.300000e+00
    endloop
  endfacet
  facet normal -8.715932e-02 9.961944e-01 0.000000e+00
    outer loop
      vertex   2.800000e+01 -3.540000e+01 3.300000e+00
      vertex   2.806946e+01 -3.539392e+01 1.900000e+00
      vertex   2.800000e+01 -3.540000e+01 1.900000e+00
    endloop
  endfacet
  facet normal 8.191387e-01 -5.735954e-01 0.000000e+00
    outer loop
      vertex   2.765359e+01 -1.244359e+01 0.000000e+00
      vertex   2.765359e+01 -1.244359e+01 -1.560000e+00
      vertex   2.769358e+01 -1.238648e+01 0.000000e+00
    endloop
  endfacet
  facet normal 8.191387e-01 -5.735954e-01 0.000000e+00
    outer loop
      vertex   2.769358e+01 -1.238648e+01 0.000000e+00
      vertex   2.765359e+01 -1.244359e+01 -1.560000e+00
      vertex   2.769358e+01 -1.238648e+01 -1.560000e+00
    endloop
  endfacet
  facet normal 7.071068e-01 -7.071068e-01 0.000000e+00
    outer loop
      vertex   2.769358e+01 -1.238648e+01 0.000000e+00
      vertex   2.769358e+01 -1.238648e+01 -1.560000e+00
      vertex   2.774289e+01 -1.233718e+01 0.000000e+00
    endloop
  endfacet
  facet normal 7.071068e-01 -7.071068e-01 0.000000e+00
    outer loop
      vertex   2.774289e+01 -1.233718e+01 0.000000e+00
      vertex   2.769358e+01 -1.238648e+01 -1.560000e+00
      vertex   2.774289e+01 -1.233718e+01 -1.560000e+00
    endloop
  endfacet
  facet normal 5.735886e-01 -8.191436e-01 0.000000e+00
    outer loop
      vertex   2.774289e+01 -1.233718e+01 0.000000e+00
      vertex   2.774289e+01 -1.233718e+01 -1.560000e+00
      vertex   2.780000e+01 -1.229718e+01 0.000000e+00
    endloop
  endfacet
  facet normal 5.735886e-01 -8.191436e-01 0.000000e+00
    outer loop
      vertex   2.780000e+01 -1.229718e+01 0.000000e+00
      vertex   2.774289e+01 -1.233718e+01 -1.560000e+00
      vertex   2.780000e+01 -1.229718e+01 -1.560000e+00
    endloop
  endfacet
  facet normal 4.226047e-01 -9.063141e-01 0.000000e+00
    outer loop
      vertex   2.780000e+01 -1.229718e+01 0.000000e+00
      vertex   2.780000e+01 -1.229718e+01 -1.560000e+00
      vertex   2.786319e+01 -1.226772e+01 0.000000e+00
    endloop
  endfacet
  facet normal 4.226047e-01 -9.063141e-01 0.000000e+00
    outer loop
      vertex   2.786319e+01 -1.226772e+01 0.000000e+00
      vertex   2.780000e+01 -1.229718e+01 -1.560000e+00
      vertex   2.786319e+01 -1.226772e+01 -1.560000e+00
    endloop
  endfacet
  facet normal 2.588341e-01 -9.659218e-01 0.000000e+00
    outer loop
      vertex   2.786319e+01 -1.226772e+01 0.000000e+00
      vertex   2.786319e+01 -1.226772e+01 -1.560000e+00
      vertex   2.793054e+01 -1.224967e+01 0.000000e+00
    endloop
  endfacet
  facet normal 2.588341e-01 -9.659218e-01 0.000000e+00
    outer loop
      vertex   2.793054e+01 -1.224967e+01 0.000000e+00
      vertex   2.786319e+01 -1.226772e+01 -1.560000e+00
      vertex   2.793054e+01 -1.224967e+01 -1.560000e+00
    endloop
  endfacet
  facet normal 8.714532e-02 -9.961956e-01 0.000000e+00
    outer loop
      vertex   2.793054e+01 -1.224967e+01 0.000000e+00
      vertex   2.793054e+01 -1.224967e+01 -1.560000e+00
      vertex   2.800000e+01 -1.224359e+01 0.000000e+00
    endloop
  endfacet
  facet normal 8.714532e-02 -9.961956e-01 0.000000e+00
    outer loop
      vertex   2.800000e+01 -1.224359e+01 0.000000e+00
      vertex   2.793054e+01 -1.224967e+01 -1.560000e+00
      vertex   2.800000e+01 -1.224359e+01 -1.560000e+00
    endloop
  endfacet
  facet normal -8.714235e-02 -9.961959e-01 -0.000000e+00
    outer loop
      vertex   2.800000e+01 -1.224359e+01 0.000000e+00
      vertex   2.800000e+01 -1.224359e+01 -1.560000e+00
      vertex   2.806946e+01 -1.224967e+01 0.000000e+00
    endloop
  endfacet
  facet normal -8.714235e-02 -9.961959e-01 -0.000000e+00
    outer loop
      vertex   2.806946e+01 -1.224967e+01 0.000000e+00
      vertex   2.800000e+01 -1.224359e+01 -1.560000e+00
      vertex   2.806946e+01 -1.224967e+01 -1.560000e+00
    endloop
  endfacet
  facet normal -2.588341e-01 -9.659218e-01 -0.000000e+00
    outer loop
      vertex   2.806946e+01 -1.224967e+01 0.000000e+00
      vertex   2.806946e+01 -1.224967e+01 -1.560000e+00
      vertex   2.813681e+01 -1.226772e+01 0.000000e+00
    endloop
  endfacet
  facet normal -2.588341e-01 -9.659218e-01 -0.000000e+00
    outer loop
      vertex   2.813681e+01 -1.226772e+01 0.000000e+00
      vertex   2.806946e+01 -1.224967e+01 -1.560000e+00
      vertex   2.813681e+01 -1.226772e+01 -1.560000e+00
    endloop
  endfacet
  facet normal -4.226047e-01 -9.063141e-01 -0.000000e+00
    outer loop
      vertex   2.813681e+01 -1.226772e+01 0.000000e+00
      vertex   2.813681e+01 -1.226772e+01 -1.560000e+00
      vertex   2.820000e+01 -1.229718e+01 0.000000e+00
    endloop
  endfacet
  facet normal -4.226047e-01 -9.063141e-01 -0.000000e+00
    outer loop
      vertex   2.820000e+01 -1.229718e+01 0.000000e+00
      vertex   2.813681e+01 -1.226772e+01 -1.560000e+00
      vertex   2.820000e+01 -1.229718e+01 -1.560000e+00
    endloop
  endfacet
  facet normal -5.735886e-01 -8.191436e-01 -0.000000e+00
    outer loop
      vertex   2.820000e+01 -1.229718e+01 0.000000e+00
      vertex   2.820000e+01 -1.229718e+01 -1.560000e+00
      vertex   2.825711e+01 -1.233718e+01 0.000000e+00
    endloop
  endfacet
  facet normal -5.735886e-01 -8.191436e-01 -0.000000e+00
    outer loop
      vertex   2.825711e+01 -1.233718e+01 0.000000e+00
      vertex   2.820000e+01 -1.229718e+01 -1.560000e+00
      vertex   2.825711e+01 -1.233718e+01 -1.560000e+00
    endloop
  endfacet
  facet normal -7.071068e-01 -7.071068e-01 -0.000000e+00
    outer loop
      vertex   2.825711e+01 -1.233718e+01 0.000000e+00
      vertex   2.825711e+01 -1.233718e+01 -1.560000e+00
      vertex   2.830642e+01 -1.238648e+01 0.000000e+00
    endloop
  endfacet
  facet normal -7.071068e-01 -7.071068e-01 -0.000000e+00
    outer loop
      vertex   2.830642e+01 -1.238648e+01 0.000000e+00
      vertex   2.825711e+01 -1.233718e+01 -1.560000e+00
      vertex   2.830642e+01 -1.238648e+01 -1.560000e+00
    endloop
  endfacet
  facet normal -8.191387e-01 -5.735954e-01 -0.000000e+00
    outer loop
      vertex   2.830642e+01 -1.238648e+01 0.000000e+00
      vertex   2.830642e+01 -1.238648e+01 -1.560000e+00
      vertex   2.834641e+01 -1.244359e+01 0.000000e+00
    endloop
  endfacet
  facet normal -8.191387e-01 -5.735954e-01 -0.000000e+00
    outer loop
      vertex   2.834641e+01 -1.244359e+01 0.000000e+00
      vertex   2.830642e+01 -1.238648e+01 -1.560000e+00
      vertex   2.834641e+01 -1.244359e+01 -1.560000e+00
    endloop
  endfacet
  facet normal -9.063111e-01 -4.226112e-01 -0.000000e+00
    outer loop
      vertex   2.834641e+01 -1.244359e+01 0.000000e+00
      vertex   2.834641e+01 -1.244359e+01 -1.560000e+00
      vertex   2.837588e+01 -1.250679e+01 0.000000e+00
    endloop
  endfacet
  facet normal -9.063111e-01 -4.226112e-01 -0.000000e+00
    outer loop
      vertex   2.837588e+01 -1.250679e+01 0.000000e+00
      vertex   2.834641e+01 -1.244359e+01 -1.560000e+00
      vertex   2.837588e+01 -1.250679e+01 -1.560000e+00
    endloop
  endfacet
  facet normal -9.659261e-01 -2.588181e-01 -0.000000e+00
    outer loop
      vertex   2.837588e+01 -1.250679e+01 0.000000e+00
      vertex   2.837588e+01 -1.250679e+01 -1.560000e+00
      vertex   2.839392e+01 -1.257413e+01 0.000000e+00
    endloop
  endfacet
  facet normal -9.659261e-01 -2.588181e-01 -0.000000e+00
    outer loop
      vertex   2.839392e+01 -1.257413e+01 0.000000e+00
      vertex   2.837588e+01 -1.250679e+01 -1.560000e+00
      vertex   2.839392e+01 -1.257413e+01 -1.560000e+00
    endloop
  endfacet
  facet normal -9.961972e-01 -8.712687e-02 -0.000000e+00
    outer loop
      vertex   2.839392e+01 -1.257413e+01 0.000000e+00
      vertex   2.839392e+01 -1.257413e+01 -1.560000e+00
      vertex   2.840000e+01 -1.264359e+01 0.000000e+00
    endloop
  endfacet
  facet normal -9.961972e-01 -8.712687e-02 -0.000000e+00
    outer loop
      vertex   2.840000e+01 -1.264359e+01 0.000000e+00
      vertex   2.839392e+01 -1.257413e+01 -1.560000e+00
      vertex   2.840000e+01 -1.264359e+01 -1.560000e+00
    endloop
  endfacet
  facet normal 8.660254e-01 -5.000000e-01 0.000000e+00
    outer loop
      vertex   2.765359e+01 -1.244359e+01 -1.560000e+00
      vertex   2.765359e+01 -1.244359e+01 0.000000e+00
      vertex   2.034641e+01 -2.510000e+01 -1.560000e+00
    endloop
  endfacet
  facet normal 8.660254e-01 -5.000000e-01 0.000000e+00
    outer loop
      vertex   2.034641e+01 -2.510000e+01 -1.560000e+00
      vertex   2.765359e+01 -1.244359e+01 0.000000e+00
      vertex   2.034641e+01 -2.510000e+01 0.000000e+00
    endloop
  endfacet
  facet normal -1.000000e+00 0.000000e+00 0.000000e+00
    outer loop
      vertex   2.840000e+01 -3.500000e+01 -1.560000e+00
      vertex   2.840000e+01 -3.500000e+01 0.000000e+00
      vertex   2.840000e+01 -1.264359e+01 -1.560000e+00
    endloop
  endfacet
  facet normal -1.000000e+00 0.000000e+00 0.000000e+00
    outer loop
      vertex   2.840000e+01 -1.264359e+01 -1.560000e+00
      vertex   2.840000e+01 -3.500000e+01 0.000000e+00
      vertex   2.840000e+01 -1.264359e+01 0.000000e+00
    endloop
  endfacet
  facet normal -9.961972e-01 8.712761e-02 0.000000e+00
    outer loop
      vertex   2.840000e+01 -7.300000e+00 0.000000e+00
      vertex   2.840000e+01 -7.300000e+00 -1.560000e+00
      vertex   2.839392e+01 -7.369459e+00 0.000000e+00
    endloop
  endfacet
  facet normal -9.961972e-01 8.712761e-02 0.000000e+00
    outer loop
      vertex   2.839392e+01 -7.369459e+00 0.000000e+00
      vertex   2.840000e+01 -7.300000e+00 -1.560000e+00
      vertex   2.839392e+01 -7.369459e+00 -1.560000e+00
    endloop
  endfacet
  facet normal -9.659266e-01 2.588160e-01 0.000000e+00
    outer loop
      vertex   2.839392e+01 -7.369459e+00 0.000000e+00
      vertex   2.839392e+01 -7.369459e+00 -1.560000e+00
      vertex   2.837588e+01 -7.436808e+00 0.000000e+00
    endloop
  endfacet
  facet normal -9.659266e-01 2.588160e-01 0.000000e+00
    outer loop
      vertex   2.837588e+01 -7.436808e+00 0.000000e+00
      vertex   2.839392e+01 -7.369459e+00 -1.560000e+00
      vertex   2.837588e+01 -7.436808e+00 -1.560000e+00
    endloop
  endfacet
  facet normal -9.063111e-01 4.226112e-01 0.000000e+00
    outer loop
      vertex   2.837588e+01 -7.436808e+00 0.000000e+00
      vertex   2.837588e+01 -7.436808e+00 -1.560000e+00
      vertex   2.834641e+01 -7.500000e+00 0.000000e+00
    endloop
  endfacet
  facet normal -9.063111e-01 4.226112e-01 0.000000e+00
    outer loop
      vertex   2.834641e+01 -7.500000e+00 0.000000e+00
      vertex   2.837588e+01 -7.436808e+00 -1.560000e+00
      vertex   2.834641e+01 -7.500000e+00 -1.560000e+00
    endloop
  endfacet
  facet normal -8.191359e-01 5.735995e-01 0.000000e+00
    outer loop
      vertex   2.834641e+01 -7.500000e+00 0.000000e+00
      vertex   2.834641e+01 -7.500000e+00 -1.560000e+00
      vertex   2.830642e+01 -7.557115e+00 0.000000e+00
    endloop
  endfacet
  facet normal -8.191359e-01 5.735995e-01 0.000000e+00
    outer loop
      vertex   2.830642e+01 -7.557115e+00 0.000000e+00
      vertex   2.834641e+01 -7.500000e+00 -1.560000e+00
      vertex   2.830642e+01 -7.557115e+00 -1.560000e+00
    endloop
  endfacet
  facet normal -7.071068e-01 7.071068e-01 0.000000e+00
    outer loop
      vertex   2.830642e+01 -7.557115e+00 0.000000e+00
      vertex   2.830642e+01 -7.557115e+00 -1.560000e+00
      vertex   2.825711e+01 -7.606418e+00 0.000000e+00
    endloop
  endfacet
  facet normal -7.071068e-01 7.071068e-01 0.000000e+00
    outer loop
      vertex   2.825711e+01 -7.606418e+00 0.000000e+00
      vertex   2.830642e+01 -7.557115e+00 -1.560000e+00
      vertex   2.825711e+01 -7.606418e+00 -1.560000e+00
    endloop
  endfacet
  facet normal -5.735886e-01 8.191436e-01 0.000000e+00
    outer loop
      vertex   2.825711e+01 -7.606418e+00 0.000000e+00
      vertex   2.825711e+01 -7.606418e+00 -1.560000e+00
      vertex   2.820000e+01 -7.646410e+00 0.000000e+00
    endloop
  endfacet
  facet normal -5.735886e-01 8.191436e-01 0.000000e+00
    outer loop
      vertex   2.820000e+01 -7.646410e+00 0.000000e+00
      vertex   2.825711e+01 -7.606418e+00 -1.560000e+00
      vertex   2.820000e+01 -7.646410e+00 -1.560000e+00
    endloop
  endfacet
  facet normal -4.226187e-01 9.063076e-01 0.000000e+00
    outer loop
      vertex   2.820000e+01 -7.646410e+00 0.000000e+00
      vertex   2.820000e+01 -7.646410e+00 -1.560000e+00
      vertex   2.813681e+01 -7.675877e+00 0.000000e+00
    endloop
  endfacet
  facet normal -4.226187e-01 9.063076e-01 0.000000e+00
    outer loop
      vertex   2.813681e+01 -7.675877e+00 0.000000e+00
      vertex   2.820000e+01 -7.646410e+00 -1.560000e+00
      vertex   2.813681e+01 -7.675877e+00 -1.560000e+00
    endloop
  endfacet
  facet normal -2.588181e-01 9.659261e-01 0.000000e+00
    outer loop
      vertex   2.813681e+01 -7.675877e+00 0.000000e+00
      vertex   2.813681e+01 -7.675877e+00 -1.560000e+00
      vertex   2.806946e+01 -7.693923e+00 0.000000e+00
    endloop
  endfacet
  facet normal -2.588181e-01 9.659261e-01 0.000000e+00
    outer loop
      vertex   2.806946e+01 -7.693923e+00 0.000000e+00
      vertex   2.813681e+01 -7.675877e+00 -1.560000e+00
      vertex   2.806946e+01 -7.693923e+00 -1.560000e+00
    endloop
  endfacet
  facet normal -8.715083e-02 9.961951e-01 0.000000e+00
    outer loop
      vertex   2.806946e+01 -7.693923e+00 0.000000e+00
      vertex   2.806946e+01 -7.693923e+00 -1.560000e+00
      vertex   2.800000e+01 -7.700000e+00 0.000000e+00
    endloop
  endfacet
  facet normal -8.715083e-02 9.961951e-01 0.000000e+00
    outer loop
      vertex   2.800000e+01 -7.700000e+00 0.000000e+00
      vertex   2.806946e+01 -7.693923e+00 -1.560000e+00
      vertex   2.800000e+01 -7.700000e+00 -1.560000e+00
    endloop
  endfacet
  facet normal -1.000000e+00 0.000000e+00 0.000000e+00
    outer loop
      vertex   2.840000e+01 -7.300000e+00 -1.560000e+00
      vertex   2.840000e+01 -7.300000e+00 0.000000e+00
      vertex   2.840000e+01 -6.100000e+00 -1.560000e+00
    endloop
  endfacet
  facet normal -1.000000e+00 0.000000e+00 0.000000e+00
    outer loop
      vertex   2.840000e+01 -6.100000e+00 -1.560000e+00
      vertex   2.840000e+01 -7.300000e+00 0.000000e+00
      vertex   2.840000e+01 -6.100000e+00 0.000000e+00
    endloop
  endfacet
  facet normal -8.715932e-02 -9.961944e-01 -0.000000e+00
    outer loop
      vertex   2.800000e+01 -5.700000e+00 0.000000e+00
      vertex   2.800000e+01 -5.700000e+00 -1.560000e+00
      vertex   2.806946e+01 -5.706077e+00 0.000000e+00
    endloop
  endfacet
  facet normal -8.715932e-02 -9.961944e-01 -0.000000e+00
    outer loop
      vertex   2.806946e+01 -5.706077e+00 0.000000e+00
      vertex   2.800000e+01 -5.700000e+00 -1.560000e+00
      vertex   2.806946e+01 -5.706077e+00 -1.560000e+00
    endloop
  endfacet
  facet normal -2.588181e-01 -9.659261e-01 -0.000000e+00
    outer loop
      vertex   2.806946e+01 -5.706077e+00 0.000000e+00
      vertex   2.806946e+01 -5.706077e+00 -1.560000e+00
      vertex   2.813681e+01 -5.724123e+00 0.000000e+00
    endloop
  endfacet
  facet normal -2.588181e-01 -9.659261e-01 -0.000000e+00
    outer loop
      vertex   2.813681e+01 -5.724123e+00 0.000000e+00
      vertex   2.806946e+01 -5.706077e+00 -1.560000e+00
      vertex   2.813681e+01 -5.724123e+00 -1.560000e+00
    endloop
  endfacet
  facet normal -4.226117e-01 -9.063109e-01 -0.000000e+00
    outer loop
      vertex   2.813681e+01 -5.724123e+00 0.000000e+00
      vertex   2.813681e+01 -5.724123e+00 -1.560000e+00
      vertex   2.820000e+01 -5.753590e+00 0.000000e+00
    endloop
  endfacet
  facet normal -4.226117e-01 -9.063109e-01 -0.000000e+00
    outer loop
      vertex   2.820000e+01 -5.753590e+00 0.000000e+00
      vertex   2.813681e+01 -5.724123e+00 -1.560000e+00
      vertex   2.820000e+01 -5.753590e+00 -1.560000e+00
    endloop
  endfacet
  facet normal -5.735943e-01 -8.191395e-01 -0.000000e+00
    outer loop
      vertex   2.820000e+01 -5.753590e+00 0.000000e+00
      vertex   2.820000e+01 -5.753590e+00 -1.560000e+00
      vertex   2.825711e+01 -5.793583e+00 0.000000e+00
    endloop
  endfacet
  facet normal -5.735943e-01 -8.191395e-01 -0.000000e+00
    outer loop
      vertex   2.825711e+01 -5.793583e+00 0.000000e+00
      vertex   2.820000e+01 -5.753590e+00 -1.560000e+00
      vertex   2.825711e+01 -5.793583e+00 -1.560000e+00
    endloop
  endfacet
  facet normal -7.071068e-01 -7.071068e-01 -0.000000e+00
    outer loop
      vertex   2.825711e+01 -5.793583e+00 0.000000e+00
      vertex   2.825711e+01 -5.793583e+00 -1.560000e+00
      vertex   2.830642e+01 -5.842885e+00 0.000000e+00
    endloop
  endfacet
  facet normal -7.071068e-01 -7.071068e-01 -0.000000e+00
    outer loop
      vertex   2.830642e+01 -5.842885e+00 0.000000e+00
      vertex   2.825711e+01 -5.793583e+00 -1.560000e+00
      vertex   2.830642e+01 -5.842885e+00 -1.560000e+00
    endloop
  endfacet
  facet normal -8.191359e-01 -5.735995e-01 -0.000000e+00
    outer loop
      vertex   2.830642e+01 -5.842885e+00 0.000000e+00
      vertex   2.830642e+01 -5.842885e+00 -1.560000e+00
      vertex   2.834641e+01 -5.900000e+00 0.000000e+00
    endloop
  endfacet
  facet normal -8.191359e-01 -5.735995e-01 -0.000000e+00
    outer loop
      vertex   2.834641e+01 -5.900000e+00 0.000000e+00
      vertex   2.830642e+01 -5.842885e+00 -1.560000e+00
      vertex   2.834641e+01 -5.900000e+00 -1.560000e+00
    endloop
  endfacet
  facet normal -9.063111e-01 -4.226112e-01 -0.000000e+00
    outer loop
      vertex   2.834641e+01 -5.900000e+00 0.000000e+00
      vertex   2.834641e+01 -5.900000e+00 -1.560000e+00
      vertex   2.837588e+01 -5.963192e+00 0.000000e+00
    endloop
  endfacet
  facet normal -9.063111e-01 -4.226112e-01 -0.000000e+00
    outer loop
      vertex   2.837588e+01 -5.963192e+00 0.000000e+00
      vertex   2.834641e+01 -5.900000e+00 -1.560000e+00
      vertex   2.837588e+01 -5.963192e+00 -1.560000e+00
    endloop
  endfacet
  facet normal -9.659266e-01 -2.588160e-01 -0.000000e+00
    outer loop
      vertex   2.837588e+01 -5.963192e+00 0.000000e+00
      vertex   2.837588e+01 -5.963192e+00 -1.560000e+00
      vertex   2.839392e+01 -6.030541e+00 0.000000e+00
    endloop
  endfacet
  facet normal -9.659266e-01 -2.588160e-01 -0.000000e+00
    outer loop
      vertex   2.839392e+01 -6.030541e+00 0.000000e+00
      vertex   2.837588e+01 -5.963192e+00 -1.560000e+00
      vertex   2.839392e+01 -6.030541e+00 -1.560000e+00
    endloop
  endfacet
  facet normal -9.961972e-01 -8.712761e-02 -0.000000e+00
    outer loop
      vertex   2.839392e+01 -6.030541e+00 0.000000e+00
      vertex   2.839392e+01 -6.030541e+00 -1.560000e+00
      vertex   2.840000e+01 -6.100000e+00 0.000000e+00
    endloop
  endfacet
  facet normal -9.961972e-01 -8.712761e-02 -0.000000e+00
    outer loop
      vertex   2.840000e+01 -6.100000e+00 0.000000e+00
      vertex   2.839392e+01 -6.030541e+00 -1.560000e+00
      vertex   2.840000e+01 -6.100000e+00 -1.560000e+00
    endloop
  endfacet
  facet normal -8.715932e-02 -9.961944e-01 -0.000000e+00
    outer loop
      vertex   2.623538e+01 -9.700000e+00 0.000000e+00
      vertex   2.623538e+01 -9.700000e+00 -1.560000e+00
      vertex   2.630484e+01 -9.706077e+00 0.000000e+00
    endloop
  endfacet
  facet normal -8.715932e-02 -9.961944e-01 -0.000000e+00
    outer loop
      vertex   2.630484e+01 -9.706077e+00 0.000000e+00
      vertex   2.623538e+01 -9.700000e+00 -1.560000e+00
      vertex   2.630484e+01 -9.706077e+00 -1.560000e+00
    endloop
  endfacet
  facet normal -2.588181e-01 -9.659261e-01 -0.000000e+00
    outer loop
      vertex   2.630484e+01 -9.706077e+00 0.000000e+00
      vertex   2.630484e+01 -9.706077e+00 -1.560000e+00
      vertex   2.637219e+01 -9.724123e+00 0.000000e+00
    endloop
  endfacet
  facet normal -2.588181e-01 -9.659261e-01 -0.000000e+00
    outer loop
      vertex   2.637219e+01 -9.724123e+00 0.000000e+00
      vertex   2.630484e+01 -9.706077e+00 -1.560000e+00
      vertex   2.637219e+01 -9.724123e+00 -1.560000e+00
    endloop
  endfacet
  facet normal -4.226248e-01 -9.063048e-01 -0.000000e+00
    outer loop
      vertex   2.637219e+01 -9.724123e+00 0.000000e+00
      vertex   2.637219e+01 -9.724123e+00 -1.560000e+00
      vertex   2.643538e+01 -9.753590e+00 0.000000e+00
    endloop
  endfacet
  facet normal -4.226248e-01 -9.063048e-01 -0.000000e+00
    outer loop
      vertex   2.643538e+01 -9.753590e+00 0.000000e+00
      vertex   2.637219e+01 -9.724123e+00 -1.560000e+00
      vertex   2.643538e+01 -9.753590e+00 -1.560000e+00
    endloop
  endfacet
  facet normal -5.735725e-01 -8.191548e-01 -0.000000e+00
    outer loop
      vertex   2.643538e+01 -9.753590e+00 0.000000e+00
      vertex   2.643538e+01 -9.753590e+00 -1.560000e+00
      vertex   2.649250e+01 -9.793582e+00 0.000000e+00
    endloop
  endfacet
  facet normal -5.735725e-01 -8.191548e-01 -0.000000e+00
    outer loop
      vertex   2.649250e+01 -9.793582e+00 0.000000e+00
      vertex   2.643538e+01 -9.753590e+00 -1.560000e+00
      vertex   2.649250e+01 -9.793582e+00 -1.560000e+00
    endloop
  endfacet
  facet normal -7.070940e-01 -7.071196e-01 -0.000000e+00
    outer loop
      vertex   2.649250e+01 -9.793582e+00 0.000000e+00
      vertex   2.649250e+01 -9.793582e+00 -1.560000e+00
      vertex   2.654180e+01 -9.842885e+00 0.000000e+00
    endloop
  endfacet
  facet normal -7.070940e-01 -7.071196e-01 -0.000000e+00
    outer loop
      vertex   2.654180e+01 -9.842885e+00 0.000000e+00
      vertex   2.649250e+01 -9.793582e+00 -1.560000e+00
      vertex   2.654180e+01 -9.842885e+00 -1.560000e+00
    endloop
  endfacet
  facet normal -8.191652e-01 -5.735576e-01 -0.000000e+00
    outer loop
      vertex   2.654180e+01 -9.842885e+00 0.000000e+00
      vertex   2.654180e+01 -9.842885e+00 -1.560000e+00
      vertex   2.658179e+01 -9.899999e+00 0.000000e+00
    endloop
  endfacet
  facet normal -8.191652e-01 -5.735576e-01 -0.000000e+00
    outer loop
      vertex   2.658179e+01 -9.899999e+00 0.000000e+00
      vertex   2.654180e+01 -9.842885e+00 -1.560000e+00
      vertex   2.658179e+01 -9.899999e+00 -1.560000e+00
    endloop
  endfacet
  facet normal -9.063141e-01 -4.226047e-01 -0.000000e+00
    outer loop
      vertex   2.658179e+01 -9.899999e+00 0.000000e+00
      vertex   2.658179e+01 -9.899999e+00 -1.560000e+00
      vertex   2.661126e+01 -9.963192e+00 0.000000e+00
    endloop
  endfacet
  facet normal -9.063141e-01 -4.226047e-01 -0.000000e+00
    outer loop
      vertex   2.661126e+01 -9.963192e+00 0.000000e+00
      vertex   2.658179e+01 -9.899999e+00 -1.560000e+00
      vertex   2.661126e+01 -9.963192e+00 -1.560000e+00
    endloop
  endfacet
  facet normal -9.659170e-01 -2.588522e-01 -0.000000e+00
    outer loop
      vertex   2.661126e+01 -9.963192e+00 0.000000e+00
      vertex   2.661126e+01 -9.963192e+00 -1.560000e+00
      vertex   2.662931e+01 -1.003054e+01 0.000000e+00
    endloop
  endfacet
  facet normal -9.659170e-01 -2.588522e-01 -0.000000e+00
    outer loop
      vertex   2.662931e+01 -1.003054e+01 0.000000e+00
      vertex   2.661126e+01 -9.963192e+00 -1.560000e+00
      vertex   2.662931e+01 -1.003054e+01 -1.560000e+00
    endloop
  endfacet
  facet normal -9.961944e-01 -8.715932e-02 -0.000000e+00
    outer loop
      vertex   2.662931e+01 -1.003054e+01 0.000000e+00
      vertex   2.662931e+01 -1.003054e+01 -1.560000e+00
      vertex   2.663538e+01 -1.010000e+01 0.000000e+00
    endloop
  endfacet
  facet normal -9.961944e-01 -8.715932e-02 -0.000000e+00
    outer loop
      vertex   2.663538e+01 -1.010000e+01 0.000000e+00
      vertex   2.662931e+01 -1.003054e+01 -1.560000e+00
      vertex   2.663538e+01 -1.010000e+01 -1.560000e+00
    endloop
  endfacet
  facet normal -9.961941e-01 8.716228e-02 0.000000e+00
    outer loop
      vertex   2.663538e+01 -1.010000e+01 0.000000e+00
      vertex   2.663538e+01 -1.010000e+01 -1.560000e+00
      vertex   2.662931e+01 -1.016946e+01 0.000000e+00
    endloop
  endfacet
  facet normal -9.961941e-01 8.716228e-02 0.000000e+00
    outer loop
      vertex   2.662931e+01 -1.016946e+01 0.000000e+00
      vertex   2.663538e+01 -1.010000e+01 -1.560000e+00
      vertex   2.662931e+01 -1.016946e+01 -1.560000e+00
    endloop
  endfacet
  facet normal -9.659175e-01 2.588500e-01 0.000000e+00
    outer loop
      vertex   2.662931e+01 -1.016946e+01 0.000000e+00
      vertex   2.662931e+01 -1.016946e+01 -1.560000e+00
      vertex   2.661126e+01 -1.023681e+01 0.000000e+00
    endloop
  endfacet
  facet normal -9.659175e-01 2.588500e-01 0.000000e+00
    outer loop
      vertex   2.661126e+01 -1.023681e+01 0.000000e+00
      vertex   2.662931e+01 -1.016946e+01 -1.560000e+00
      vertex   2.661126e+01 -1.023681e+01 -1.560000e+00
    endloop
  endfacet
  facet normal -9.063141e-01 4.226047e-01 0.000000e+00
    outer loop
      vertex   2.661126e+01 -1.023681e+01 0.000000e+00
      vertex   2.661126e+01 -1.023681e+01 -1.560000e+00
      vertex   2.658179e+01 -1.030000e+01 0.000000e+00
    endloop
  endfacet
  facet normal -9.063141e-01 4.226047e-01 0.000000e+00
    outer loop
      vertex   2.658179e+01 -1.030000e+01 0.000000e+00
      vertex   2.661126e+01 -1.023681e+01 -1.560000e+00
      vertex   2.658179e+01 -1.030000e+01 -1.560000e+00
    endloop
  endfacet
  facet normal 8.191548e-01 -5.735725e-01 0.000000e+00
    outer loop
      vertex   2.030642e+01 -2.515712e+01 0.000000e+00
      vertex   2.030642e+01 -2.515712e+01 -1.560000e+00
      vertex   2.034641e+01 -2.510000e+01 0.000000e+00
    endloop
  endfacet
  facet normal 8.191548e-01 -5.735725e-01 0.000000e+00
    outer loop
      vertex   2.034641e+01 -2.510000e+01 0.000000e+00
      vertex   2.030642e+01 -2.515712e+01 -1.560000e+00
      vertex   2.034641e+01 -2.510000e+01 -1.560000e+00
    endloop
  endfacet
  facet normal 6.540774e-02 -9.978586e-01 0.000000e+00
    outer loop
      vertex   2.990000e+01 -3.830000e+01 3.300000e+00
      vertex   2.990000e+01 -3.830000e+01 -1.560000e+00
      vertex   3.008274e+01 -3.828802e+01 3.300000e+00
    endloop
  endfacet
  facet normal 6.540774e-02 -9.978586e-01 0.000000e+00
    outer loop
      vertex   3.008274e+01 -3.828802e+01 3.300000e+00
      vertex   2.990000e+01 -3.830000e+01 -1.560000e+00
      vertex   3.008274e+01 -3.828802e+01 -1.560000e+00
    endloop
  endfacet
  facet normal 1.950820e-01 -9.807869e-01 0.000000e+00
    outer loop
      vertex   3.008274e+01 -3.828802e+01 3.300000e+00
      vertex   3.008274e+01 -3.828802e+01 -1.560000e+00
      vertex   3.026235e+01 -3.825230e+01 3.300000e+00
    endloop
  endfacet
  facet normal 1.950820e-01 -9.807869e-01 0.000000e+00
    outer loop
      vertex   3.026235e+01 -3.825230e+01 3.300000e+00
      vertex   3.008274e+01 -3.828802e+01 -1.560000e+00
      vertex   3.026235e+01 -3.825230e+01 -1.560000e+00
    endloop
  endfacet
  facet normal 3.214294e-01 -9.469336e-01 0.000000e+00
    outer loop
      vertex   3.026235e+01 -3.825230e+01 3.300000e+00
      vertex   3.026235e+01 -3.825230e+01 -1.560000e+00
      vertex   3.043576e+01 -3.819343e+01 3.300000e+00
    endloop
  endfacet
  facet normal 3.214294e-01 -9.469336e-01 0.000000e+00
    outer loop
      vertex   3.043576e+01 -3.819343e+01 3.300000e+00
      vertex   3.026235e+01 -3.825230e+01 -1.560000e+00
      vertex   3.043576e+01 -3.819343e+01 -1.560000e+00
    endloop
  endfacet
  facet normal 4.422961e-01 -8.968691e-01 0.000000e+00
    outer loop
      vertex   3.043576e+01 -3.819343e+01 3.300000e+00
      vertex   3.043576e+01 -3.819343e+01 -1.560000e+00
      vertex   3.060000e+01 -3.811244e+01 3.300000e+00
    endloop
  endfacet
  facet normal 4.422961e-01 -8.968691e-01 0.000000e+00
    outer loop
      vertex   3.060000e+01 -3.811244e+01 3.300000e+00
      vertex   3.043576e+01 -3.819343e+01 -1.560000e+00
      vertex   3.060000e+01 -3.811244e+01 -1.560000e+00
    endloop
  endfacet
  facet normal 5.555652e-01 -8.314730e-01 0.000000e+00
    outer loop
      vertex   3.060000e+01 -3.811244e+01 3.300000e+00
      vertex   3.060000e+01 -3.811244e+01 -1.560000e+00
      vertex   3.075227e+01 -3.801070e+01 3.300000e+00
    endloop
  endfacet
  facet normal 5.555652e-01 -8.314730e-01 0.000000e+00
    outer loop
      vertex   3.075227e+01 -3.801070e+01 3.300000e+00
      vertex   3.060000e+01 -3.811244e+01 -1.560000e+00
      vertex   3.075227e+01 -3.801070e+01 -1.560000e+00
    endloop
  endfacet
  facet normal 6.593494e-01 -7.518367e-01 0.000000e+00
    outer loop
      vertex   3.075227e+01 -3.801070e+01 3.300000e+00
      vertex   3.075227e+01 -3.801070e+01 -1.560000e+00
      vertex   3.088995e+01 -3.788995e+01 3.300000e+00
    endloop
  endfacet
  facet normal 6.593494e-01 -7.518367e-01 0.000000e+00
    outer loop
      vertex   3.088995e+01 -3.788995e+01 3.300000e+00
      vertex   3.075227e+01 -3.801070e+01 -1.560000e+00
      vertex   3.088995e+01 -3.788995e+01 -1.560000e+00
    endloop
  endfacet
  facet normal 7.518431e-01 -6.593420e-01 0.000000e+00
    outer loop
      vertex   3.088995e+01 -3.788995e+01 3.300000e+00
      vertex   3.088995e+01 -3.788995e+01 -1.560000e+00
      vertex   3.101069e+01 -3.775227e+01 3.300000e+00
    endloop
  endfacet
  facet normal 7.518431e-01 -6.593420e-01 0.000000e+00
    outer loop
      vertex   3.101069e+01 -3.775227e+01 3.300000e+00
      vertex   3.088995e+01 -3.788995e+01 -1.560000e+00
      vertex   3.101069e+01 -3.775227e+01 -1.560000e+00
    endloop
  endfacet
  facet normal 8.314650e-01 -5.555772e-01 0.000000e+00
    outer loop
      vertex   3.101069e+01 -3.775227e+01 3.300000e+00
      vertex   3.101069e+01 -3.775227e+01 -1.560000e+00
      vertex   3.111244e+01 -3.760000e+01 3.300000e+00
    endloop
  endfacet
  facet normal 8.314650e-01 -5.555772e-01 0.000000e+00
    outer loop
      vertex   3.111244e+01 -3.760000e+01 3.300000e+00
      vertex   3.101069e+01 -3.775227e+01 -1.560000e+00
      vertex   3.111244e+01 -3.760000e+01 -1.560000e+00
    endloop
  endfacet
  facet normal 8.968717e-01 -4.422908e-01 0.000000e+00
    outer loop
      vertex   3.111244e+01 -3.760000e+01 3.300000e+00
      vertex   3.111244e+01 -3.760000e+01 -1.560000e+00
      vertex   3.119343e+01 -3.743576e+01 3.300000e+00
    endloop
  endfacet
  facet normal 8.968717e-01 -4.422908e-01 0.000000e+00
    outer loop
      vertex   3.119343e+01 -3.743576e+01 3.300000e+00
      vertex   3.111244e+01 -3.760000e+01 -1.560000e+00
      vertex   3.119343e+01 -3.743576e+01 -1.560000e+00
    endloop
  endfacet
  facet normal 9.469322e-01 -3.214333e-01 0.000000e+00
    outer loop
      vertex   3.119343e+01 -3.743576e+01 3.300000e+00
      vertex   3.119343e+01 -3.743576e+01 -1.560000e+00
      vertex   3.125230e+01 -3.726235e+01 3.300000e+00
    endloop
  endfacet
  facet normal 9.469322e-01 -3.214333e-01 0.000000e+00
    outer loop
      vertex   3.125230e+01 -3.726235e+01 3.300000e+00
      vertex   3.119343e+01 -3.743576e+01 -1.560000e+00
      vertex   3.125230e+01 -3.726235e+01 -1.560000e+00
    endloop
  endfacet
  facet normal 9.807854e-01 -1.950895e-01 0.000000e+00
    outer loop
      vertex   3.125230e+01 -3.726235e+01 3.300000e+00
      vertex   3.125230e+01 -3.726235e+01 -1.560000e+00
      vertex   3.128802e+01 -3.708274e+01 3.300000e+00
    endloop
  endfacet
  facet normal 9.807854e-01 -1.950895e-01 0.000000e+00
    outer loop
      vertex   3.128802e+01 -3.708274e+01 3.300000e+00
      vertex   3.125230e+01 -3.726235e+01 -1.560000e+00
      vertex   3.128802e+01 -3.708274e+01 -1.560000e+00
    endloop
  endfacet
  facet normal 9.978594e-01 -6.539648e-02 0.000000e+00
    outer loop
      vertex   3.128802e+01 -3.708274e+01 3.300000e+00
      vertex   3.128802e+01 -3.708274e+01 -1.560000e+00
      vertex   3.130000e+01 -3.690000e+01 3.300000e+00
    endloop
  endfacet
  facet normal 9.978594e-01 -6.539648e-02 0.000000e+00
    outer loop
      vertex   3.130000e+01 -3.690000e+01 3.300000e+00
      vertex   3.128802e+01 -3.708274e+01 -1.560000e+00
      vertex   3.130000e+01 -3.690000e+01 -1.560000e+00
    endloop
  endfacet
  facet normal -1.000000e+00 0.000000e+00 0.000000e+00
    outer loop
      vertex   2.930000e+01 -3.630000e+01 0.000000e+00
      vertex   2.930000e+01 -3.630000e+01 1.900000e+00
      vertex   2.930000e+01 -3.678539e-14 0.000000e+00
    endloop
  endfacet
  facet normal -1.000000e+00 0.000000e+00 0.000000e+00
    outer loop
      vertex   2.930000e+01 -3.678539e-14 0.000000e+00
      vertex   2.930000e+01 -3.630000e+01 1.900000e+00
      vertex   2.930000e+01 -3.678539e-14 1.900000e+00
    endloop
  endfacet
  facet normal -1.000000e+00 0.000000e+00 0.000000e+00
    outer loop
      vertex   2.840000e+01 -3.500000e+01 1.900000e+00
      vertex   2.840000e+01 -3.500000e+01 3.300000e+00
      vertex   2.840000e+01 -1.080509e-06 1.900000e+00
    endloop
  endfacet
  facet normal -1.000000e+00 0.000000e+00 0.000000e+00
    outer loop
      vertex   2.840000e+01 -1.080509e-06 1.900000e+00
      vertex   2.840000e+01 -3.500000e+01 3.300000e+00
      vertex   2.840000e+01 7.357078e-14 3.300000e+00
    endloop
  endfacet
  facet normal 0.000000e+00 0.000000e+00 1.000000e+00
    outer loop
      vertex   3.130000e+01 -1.488048e+01 3.300000e+00
      vertex   2.840000e+01 7.357078e-14 3.300000e+00
      vertex   3.130000e+01 -1.811427e+01 3.300000e+00
    endloop
  endfacet
  facet normal 0.000000e+00 0.000000e+00 1.000000e+00
    outer loop
      vertex   3.130000e+01 -1.811427e+01 3.300000e+00
      vertex   2.840000e+01 7.357078e-14 3.300000e+00
      vertex   2.840000e+01 -3.500000e+01 3.300000e+00
    endloop
  endfacet
  facet normal 0.000000e+00 0.000000e+00 1.000000e+00
    outer loop
      vertex   3.130000e+01 -1.811427e+01 3.300000e+00
      vertex   2.840000e+01 -3.500000e+01 3.300000e+00
      vertex   3.131057e+01 -2.228263e+01 3.300000e+00
    endloop
  endfacet
  facet normal 0.000000e+00 0.000000e+00 1.000000e+00
    outer loop
      vertex   3.131057e+01 -2.228263e+01 3.300000e+00
      vertex   2.840000e+01 -3.500000e+01 3.300000e+00
      vertex   3.130000e+01 -2.251228e+01 3.300000e+00
    endloop
  endfacet
  facet normal 0.000000e+00 0.000000e+00 1.000000e+00
    outer loop
      vertex   3.130000e+01 -2.251228e+01 3.300000e+00
      vertex   2.840000e+01 -3.500000e+01 3.300000e+00
      vertex   3.130000e+01 -3.690000e+01 3.300000e+00
    endloop
  endfacet
  facet normal 0.000000e+00 0.000000e+00 1.000000e+00
    outer loop
      vertex   3.130000e+01 -3.690000e+01 3.300000e+00
      vertex   2.840000e+01 -3.500000e+01 3.300000e+00
      vertex   2.839392e+01 -3.506946e+01 3.300000e+00
    endloop
  endfacet
  facet normal 0.000000e+00 0.000000e+00 1.000000e+00
    outer loop
      vertex   3.130000e+01 -3.690000e+01 3.300000e+00
      vertex   2.839392e+01 -3.506946e+01 3.300000e+00
      vertex   2.837588e+01 -3.513681e+01 3.300000e+00
    endloop
  endfacet
  facet normal 0.000000e+00 0.000000e+00 1.000000e+00
    outer loop
      vertex   3.409946e+01 -1.326421e+01 3.300000e+00
      vertex   3.295769e+01 -1.292599e+01 3.300000e+00
      vertex   3.130000e+01 -1.488048e+01 3.300000e+00
    endloop
  endfacet
  facet normal 0.000000e+00 0.000000e+00 1.000000e+00
    outer loop
      vertex   3.130000e+01 -1.488048e+01 3.300000e+00
      vertex   3.295769e+01 -1.292599e+01 3.300000e+00
      vertex   3.275486e+01 -1.284321e+01 3.300000e+00
    endloop
  endfacet
  facet normal 0.000000e+00 0.000000e+00 1.000000e+00
    outer loop
      vertex   3.130000e+01 -1.488048e+01 3.300000e+00
      vertex   3.275486e+01 -1.284321e+01 3.300000e+00
      vertex   3.256006e+01 -1.274300e+01 3.300000e+00
    endloop
  endfacet
  facet normal 0.000000e+00 0.000000e+00 1.000000e+00
    outer loop
      vertex   3.689946e+01 -1.488079e+01 3.300000e+00
      vertex   3.594062e+01 -1.323280e+01 3.300000e+00
      vertex   3.409946e+01 -1.326421e+01 3.300000e+00
    endloop
  endfacet
  facet normal 0.000000e+00 0.000000e+00 1.000000e+00
    outer loop
      vertex   3.409946e+01 -1.326421e+01 3.300000e+00
      vertex   3.594062e+01 -1.323280e+01 3.300000e+00
      vertex   3.566898e+01 -1.309401e+01 3.300000e+00
    endloop
  endfacet
  facet normal 0.000000e+00 0.000000e+00 1.000000e+00
    outer loop
      vertex   3.409946e+01 -1.326421e+01 3.300000e+00
      vertex   3.566898e+01 -1.309401e+01 3.300000e+00
      vertex   3.538697e+01 -1.297776e+01 3.300000e+00
    endloop
  endfacet
  facet normal 0.000000e+00 0.000000e+00 1.000000e+00
    outer loop
      vertex   3.689946e+01 -1.811396e+01 3.300000e+00
      vertex   3.785000e+01 -1.650000e+01 3.300000e+00
      vertex   3.689946e+01 -1.488079e+01 3.300000e+00
    endloop
  endfacet
  facet normal 0.000000e+00 0.000000e+00 1.000000e+00
    outer loop
      vertex   3.689946e+01 -1.488079e+01 3.300000e+00
      vertex   3.785000e+01 -1.650000e+01 3.300000e+00
      vertex   3.783760e+01 -1.619521e+01 3.300000e+00
    endloop
  endfacet
  facet normal 0.000000e+00 0.000000e+00 1.000000e+00
    outer loop
      vertex   3.689946e+01 -1.488079e+01 3.300000e+00
      vertex   3.783760e+01 -1.619521e+01 3.300000e+00
      vertex   3.780046e+01 -1.589245e+01 3.300000e+00
    endloop
  endfacet
  facet normal -0.000000e+00 0.000000e+00 1.000000e+00
    outer loop
      vertex   3.409946e+01 -1.973054e+01 3.300000e+00
      vertex   3.594062e+01 -1.976720e+01 3.300000e+00
      vertex   3.689946e+01 -1.811396e+01 3.300000e+00
    endloop
  endfacet
  facet normal 0.000000e+00 0.000000e+00 1.000000e+00
    outer loop
      vertex   3.689946e+01 -1.811396e+01 3.300000e+00
      vertex   3.594062e+01 -1.976720e+01 3.300000e+00
      vertex   3.620008e+01 -1.960680e+01 3.300000e+00
    endloop
  endfacet
  facet normal 0.000000e+00 0.000000e+00 1.000000e+00
    outer loop
      vertex   3.689946e+01 -1.811396e+01 3.300000e+00
      vertex   3.620008e+01 -1.960680e+01 3.300000e+00
      vertex   3.644563e+01 -1.942583e+01 3.300000e+00
    endloop
  endfacet
  facet normal 0.000000e+00 0.000000e+00 1.000000e+00
    outer loop
      vertex   3.130000e+01 -1.811427e+01 3.300000e+00
      vertex   3.310195e+01 -2.011171e+01 3.300000e+00
      vertex   3.409946e+01 -1.973054e+01 3.300000e+00
    endloop
  endfacet
  facet normal 0.000000e+00 0.000000e+00 1.000000e+00
    outer loop
      vertex   3.409946e+01 -1.973054e+01 3.300000e+00
      vertex   3.310195e+01 -2.011171e+01 3.300000e+00
      vertex   3.328440e+01 -2.016023e+01 3.300000e+00
    endloop
  endfacet
  facet normal 0.000000e+00 0.000000e+00 1.000000e+00
    outer loop
      vertex   3.409946e+01 -1.973054e+01 3.300000e+00
      vertex   3.328440e+01 -2.016023e+01 3.300000e+00
      vertex   3.358458e+01 -2.021441e+01 3.300000e+00
    endloop
  endfacet
  facet normal -1.295244e-15 2.243429e-15 1.000000e+00
    outer loop
      vertex   5.900000e+00 -1.973316e+01 3.300000e+00
      vertex   7.010392e+00 -2.008183e+01 3.300000e+00
      vertex   8.700000e+00 -1.811658e+01 3.300000e+00
    endloop
  endfacet
  facet normal 3.318732e-16 8.445286e-16 1.000000e+00
    outer loop
      vertex   8.700000e+00 -1.811658e+01 3.300000e+00
      vertex   7.010392e+00 -2.008183e+01 3.300000e+00
      vertex   7.216524e+00 -2.016284e+01 3.300000e+00
    endloop
  endfacet
  facet normal 3.977792e-16 7.967486e-16 1.000000e+00
    outer loop
      vertex   8.700000e+00 -1.811658e+01 3.300000e+00
      vertex   7.216524e+00 -2.016284e+01 3.300000e+00
      vertex   7.414678e+00 -2.026176e+01 3.300000e+00
    endloop
  endfacet
  facet normal 1.168913e-15 2.024618e-15 1.000000e+00
    outer loop
      vertex   3.100000e+00 -1.811658e+01 3.300000e+00
      vertex   4.059382e+00 -1.976720e+01 3.300000e+00
      vertex   5.900000e+00 -1.973316e+01 3.300000e+00
    endloop
  endfacet
  facet normal 1.164216e-15 2.278586e-15 1.000000e+00
    outer loop
      vertex   5.900000e+00 -1.973316e+01 3.300000e+00
      vertex   4.059382e+00 -1.976720e+01 3.300000e+00
      vertex   4.331016e+00 -1.990599e+01 3.300000e+00
    endloop
  endfacet
  facet normal 1.116787e-15 2.709162e-15 1.000000e+00
    outer loop
      vertex   5.900000e+00 -1.973316e+01 3.300000e+00
      vertex   4.331016e+00 -1.990599e+01 3.300000e+00
      vertex   4.613031e+00 -2.002225e+01 3.300000e+00
    endloop
  endfacet
  facet normal 2.337312e-15 0.000000e+00 1.000000e+00
    outer loop
      vertex   3.100000e+00 -1.488342e+01 3.300000e+00
      vertex   2.150000e+00 -1.650000e+01 3.300000e+00
      vertex   3.100000e+00 -1.811658e+01 3.300000e+00
    endloop
  endfacet
  facet normal 2.511260e-15 1.022220e-16 1.000000e+00
    outer loop
      vertex   3.100000e+00 -1.811658e+01 3.300000e+00
      vertex   2.150000e+00 -1.650000e+01 3.300000e+00
      vertex   2.162406e+00 -1.680478e+01 3.300000e+00
    endloop
  endfacet
  facet normal 2.858851e-15 3.506589e-16 1.000000e+00
    outer loop
      vertex   3.100000e+00 -1.811658e+01 3.300000e+00
      vertex   2.162406e+00 -1.680478e+01 3.300000e+00
      vertex   2.199543e+00 -1.710755e+01 3.300000e+00
    endloop
  endfacet
  facet normal 1.168913e-15 -2.024616e-15 1.000000e+00
    outer loop
      vertex   5.900000e+00 -1.326684e+01 3.300000e+00
      vertex   4.059382e+00 -1.323280e+01 3.300000e+00
      vertex   3.100000e+00 -1.488342e+01 3.300000e+00
    endloop
  endfacet
  facet normal 1.298148e-15 -2.099731e-15 1.000000e+00
    outer loop
      vertex   3.100000e+00 -1.488342e+01 3.300000e+00
      vertex   4.059382e+00 -1.323280e+01 3.300000e+00
      vertex   3.799926e+00 -1.339320e+01 3.300000e+00
    endloop
  endfacet
  facet normal 1.679309e-15 -2.278755e-15 1.000000e+00
    outer loop
      vertex   3.100000e+00 -1.488342e+01 3.300000e+00
      vertex   3.799926e+00 -1.339320e+01 3.300000e+00
      vertex   3.554366e+00 -1.357417e+01 3.300000e+00
    endloop
  endfacet
  facet normal -1.295242e-15 -2.243424e-15 1.000000e+00
    outer loop
      vertex   8.700000e+00 -1.488342e+01 3.300000e+00
      vertex   7.010392e+00 -1.291817e+01 3.300000e+00
      vertex   5.900000e+00 -1.326684e+01 3.300000e+00
    endloop
  endfacet
  facet normal -9.169865e-16 -3.448028e-15 1.000000e+00
    outer loop
      vertex   5.900000e+00 -1.326684e+01 3.300000e+00
      vertex   7.010392e+00 -1.291817e+01 3.300000e+00
      vertex   6.715602e+00 -1.283977e+01 3.300000e+00
    endloop
  endfacet
  facet normal -6.978525e-16 -3.866522e-15 1.000000e+00
    outer loop
      vertex   5.900000e+00 -1.326684e+01 3.300000e+00
      vertex   6.715602e+00 -1.283977e+01 3.300000e+00
      vertex   6.415415e+00 -1.278559e+01 3.300000e+00
    endloop
  endfacet
  facet normal -7.656708e-16 4.206732e-31 1.000000e+00
    outer loop
      vertex   8.700000e+00 -1.811658e+01 3.300000e+00
      vertex   1.160000e+01 -7.549517e-14 3.300000e+00
      vertex   8.700000e+00 -1.488342e+01 3.300000e+00
    endloop
  endfacet
  facet normal 1.983401e-15 -5.356505e-16 1.000000e+00
    outer loop
      vertex   8.700000e+00 -1.488342e+01 3.300000e+00
      vertex   1.160000e+01 -7.549517e-14 3.300000e+00
      vertex   8.690190e+00 -1.077442e+01 3.300000e+00
    endloop
  endfacet
  facet normal 3.970342e-15 -5.309067e-16 1.000000e+00
    outer loop
      vertex   8.700000e+00 -1.488342e+01 3.300000e+00
      vertex   8.690190e+00 -1.077442e+01 3.300000e+00
      vertex   8.660835e+00 -1.099394e+01 3.300000e+00
    endloop
  endfacet
  facet normal -0.000000e+00 0.000000e+00 1.000000e+00
    outer loop
      vertex   3.358458e+01 -2.021441e+01 3.300000e+00
      vertex   3.388818e+01 -2.024401e+01 3.300000e+00
      vertex   3.409946e+01 -1.973054e+01 3.300000e+00
    endloop
  endfacet
  facet normal 0.000000e+00 0.000000e+00 1.000000e+00
    outer loop
      vertex   3.409946e+01 -1.973054e+01 3.300000e+00
      vertex   3.388818e+01 -2.024401e+01 3.300000e+00
      vertex   3.419318e+01 -2.024884e+01 3.300000e+00
    endloop
  endfacet
  facet normal 0.000000e+00 0.000000e+00 1.000000e+00
    outer loop
      vertex   3.409946e+01 -1.973054e+01 3.300000e+00
      vertex   3.419318e+01 -2.024884e+01 3.300000e+00
      vertex   3.449756e+01 -2.022887e+01 3.300000e+00
    endloop
  endfacet
  facet normal 0.000000e+00 -0.000000e+00 1.000000e+00
    outer loop
      vertex   3.449756e+01 -2.022887e+01 3.300000e+00
      vertex   3.479932e+01 -2.018422e+01 3.300000e+00
      vertex   3.409946e+01 -1.973054e+01 3.300000e+00
    endloop
  endfacet
  facet normal 0.000000e+00 0.000000e+00 1.000000e+00
    outer loop
      vertex   3.409946e+01 -1.973054e+01 3.300000e+00
      vertex   3.479932e+01 -2.018422e+01 3.300000e+00
      vertex   3.509644e+01 -2.011519e+01 3.300000e+00
    endloop
  endfacet
  facet normal 0.000000e+00 0.000000e+00 1.000000e+00
    outer loop
      vertex   3.409946e+01 -1.973054e+01 3.300000e+00
      vertex   3.509644e+01 -2.011519e+01 3.300000e+00
      vertex   3.538697e+01 -2.002225e+01 3.300000e+00
    endloop
  endfacet
  facet normal 0.000000e+00 -0.000000e+00 1.000000e+00
    outer loop
      vertex   3.538697e+01 -2.002225e+01 3.300000e+00
      vertex   3.566898e+01 -1.990599e+01 3.300000e+00
      vertex   3.409946e+01 -1.973054e+01 3.300000e+00
    endloop
  endfacet
  facet normal 0.000000e+00 0.000000e+00 1.000000e+00
    outer loop
      vertex   3.409946e+01 -1.973054e+01 3.300000e+00
      vertex   3.566898e+01 -1.990599e+01 3.300000e+00
      vertex   3.594062e+01 -1.976720e+01 3.300000e+00
    endloop
  endfacet
  facet normal 0.000000e+00 0.000000e+00 1.000000e+00
    outer loop
      vertex   3.644563e+01 -1.942583e+01 3.300000e+00
      vertex   3.667567e+01 -1.922551e+01 3.300000e+00
      vertex   3.689946e+01 -1.811396e+01 3.300000e+00
    endloop
  endfacet
  facet normal 0.000000e+00 0.000000e+00 1.000000e+00
    outer loop
      vertex   3.689946e+01 -1.811396e+01 3.300000e+00
      vertex   3.667567e+01 -1.922551e+01 3.300000e+00
      vertex   3.688867e+01 -1.900715e+01 3.300000e+00
    endloop
  endfacet
  facet normal 0.000000e+00 0.000000e+00 1.000000e+00
    outer loop
      vertex   3.689946e+01 -1.811396e+01 3.300000e+00
      vertex   3.688867e+01 -1.900715e+01 3.300000e+00
      vertex   3.708322e+01 -1.877221e+01 3.300000e+00
    endloop
  endfacet
  facet normal 0.000000e+00 -0.000000e+00 1.000000e+00
    outer loop
      vertex   3.708322e+01 -1.877221e+01 3.300000e+00
      vertex   3.725802e+01 -1.852223e+01 3.300000e+00
      vertex   3.689946e+01 -1.811396e+01 3.300000e+00
    endloop
  endfacet
  facet normal 0.000000e+00 0.000000e+00 1.000000e+00
    outer loop
      vertex   3.689946e+01 -1.811396e+01 3.300000e+00
      vertex   3.725802e+01 -1.852223e+01 3.300000e+00
      vertex   3.741193e+01 -1.825887e+01 3.300000e+00
    endloop
  endfacet
  facet normal -0.000000e+00 0.000000e+00 1.000000e+00
    outer loop
      vertex   3.689946e+01 -1.811396e+01 3.300000e+00
      vertex   3.741193e+01 -1.825887e+01 3.300000e+00
      vertex   3.754393e+01 -1.798387e+01 3.300000e+00
    endloop
  endfacet
  facet normal 0.000000e+00 -0.000000e+00 1.000000e+00
    outer loop
      vertex   3.754393e+01 -1.798387e+01 3.300000e+00
      vertex   3.765314e+01 -1.769905e+01 3.300000e+00
      vertex   3.689946e+01 -1.811396e+01 3.300000e+00
    endloop
  endfacet
  facet normal 0.000000e+00 0.000000e+00 1.000000e+00
    outer loop
      vertex   3.689946e+01 -1.811396e+01 3.300000e+00
      vertex   3.765314e+01 -1.769905e+01 3.300000e+00
      vertex   3.773883e+01 -1.740630e+01 3.300000e+00
    endloop
  endfacet
  facet normal 0.000000e+00 0.000000e+00 1.000000e+00
    outer loop
      vertex   3.689946e+01 -1.811396e+01 3.300000e+00
      vertex   3.773883e+01 -1.740630e+01 3.300000e+00
      vertex   3.780046e+01 -1.710755e+01 3.300000e+00
    endloop
  endfacet
  facet normal 0.000000e+00 -0.000000e+00 1.000000e+00
    outer loop
      vertex   3.780046e+01 -1.710755e+01 3.300000e+00
      vertex   3.783760e+01 -1.680478e+01 3.300000e+00
      vertex   3.689946e+01 -1.811396e+01 3.300000e+00
    endloop
  endfacet
  facet normal 0.000000e+00 0.000000e+00 1.000000e+00
    outer loop
      vertex   3.689946e+01 -1.811396e+01 3.300000e+00
      vertex   3.783760e+01 -1.680478e+01 3.300000e+00
      vertex   3.785000e+01 -1.650000e+01 3.300000e+00
    endloop
  endfacet
  facet normal 0.000000e+00 0.000000e+00 1.000000e+00
    outer loop
      vertex   3.780046e+01 -1.589245e+01 3.300000e+00
      vertex   3.773883e+01 -1.559370e+01 3.300000e+00
      vertex   3.689946e+01 -1.488079e+01 3.300000e+00
    endloop
  endfacet
  facet normal 0.000000e+00 0.000000e+00 1.000000e+00
    outer loop
      vertex   3.689946e+01 -1.488079e+01 3.300000e+00
      vertex   3.773883e+01 -1.559370e+01 3.300000e+00
      vertex   3.765314e+01 -1.530095e+01 3.300000e+00
    endloop
  endfacet
  facet normal 0.000000e+00 0.000000e+00 1.000000e+00
    outer loop
      vertex   3.689946e+01 -1.488079e+01 3.300000e+00
      vertex   3.765314e+01 -1.530095e+01 3.300000e+00
      vertex   3.754393e+01 -1.501613e+01 3.300000e+00
    endloop
  endfacet
  facet normal 0.000000e+00 0.000000e+00 1.000000e+00
    outer loop
      vertex   3.754393e+01 -1.501613e+01 3.300000e+00
      vertex   3.741193e+01 -1.474113e+01 3.300000e+00
      vertex   3.689946e+01 -1.488079e+01 3.300000e+00
    endloop
  endfacet
  facet normal 0.000000e+00 0.000000e+00 1.000000e+00
    outer loop
      vertex   3.689946e+01 -1.488079e+01 3.300000e+00
      vertex   3.741193e+01 -1.474113e+01 3.300000e+00
      vertex   3.725802e+01 -1.447777e+01 3.300000e+00
    endloop
  endfacet
  facet normal 0.000000e+00 0.000000e+00 1.000000e+00
    outer loop
      vertex   3.689946e+01 -1.488079e+01 3.300000e+00
      vertex   3.725802e+01 -1.447777e+01 3.300000e+00
      vertex   3.708322e+01 -1.422779e+01 3.300000e+00
    endloop
  endfacet
  facet normal 0.000000e+00 0.000000e+00 1.000000e+00
    outer loop
      vertex   3.708322e+01 -1.422779e+01 3.300000e+00
      vertex   3.688867e+01 -1.399285e+01 3.300000e+00
      vertex   3.689946e+01 -1.488079e+01 3.300000e+00
    endloop
  endfacet
  facet normal 0.000000e+00 0.000000e+00 1.000000e+00
    outer loop
      vertex   3.689946e+01 -1.488079e+01 3.300000e+00
      vertex   3.688867e+01 -1.399285e+01 3.300000e+00
      vertex   3.667567e+01 -1.377449e+01 3.300000e+00
    endloop
  endfacet
  facet normal 0.000000e+00 0.000000e+00 1.000000e+00
    outer loop
      vertex   3.689946e+01 -1.488079e+01 3.300000e+00
      vertex   3.667567e+01 -1.377449e+01 3.300000e+00
      vertex   3.644563e+01 -1.357417e+01 3.300000e+00
    endloop
  endfacet
  facet normal 0.000000e+00 0.000000e+00 1.000000e+00
    outer loop
      vertex   3.644563e+01 -1.357417e+01 3.300000e+00
      vertex   3.620008e+01 -1.339320e+01 3.300000e+00
      vertex   3.689946e+01 -1.488079e+01 3.300000e+00
    endloop
  endfacet
  facet normal 0.000000e+00 0.000000e+00 1.000000e+00
    outer loop
      vertex   3.689946e+01 -1.488079e+01 3.300000e+00
      vertex   3.620008e+01 -1.339320e+01 3.300000e+00
      vertex   3.594062e+01 -1.323280e+01 3.300000e+00
    endloop
  endfacet
  facet normal 0.000000e+00 0.000000e+00 1.000000e+00
    outer loop
      vertex   3.538697e+01 -1.297776e+01 3.300000e+00
      vertex   3.509644e+01 -1.288481e+01 3.300000e+00
      vertex   3.409946e+01 -1.326421e+01 3.300000e+00
    endloop
  endfacet
  facet normal 0.000000e+00 0.000000e+00 1.000000e+00
    outer loop
      vertex   3.409946e+01 -1.326421e+01 3.300000e+00
      vertex   3.509644e+01 -1.288481e+01 3.300000e+00
      vertex   3.479932e+01 -1.281578e+01 3.300000e+00
    endloop
  endfacet
  facet normal 0.000000e+00 0.000000e+00 1.000000e+00
    outer loop
      vertex   3.409946e+01 -1.326421e+01 3.300000e+00
      vertex   3.479932e+01 -1.281578e+01 3.300000e+00
      vertex   3.449756e+01 -1.277113e+01 3.300000e+00
    endloop
  endfacet
  facet normal 0.000000e+00 0.000000e+00 1.000000e+00
    outer loop
      vertex   3.449756e+01 -1.277113e+01 3.300000e+00
      vertex   3.419318e+01 -1.275116e+01 3.300000e+00
      vertex   3.409946e+01 -1.326421e+01 3.300000e+00
    endloop
  endfacet
  facet normal 0.000000e+00 -0.000000e+00 1.000000e+00
    outer loop
      vertex   3.409946e+01 -1.326421e+01 3.300000e+00
      vertex   3.419318e+01 -1.275116e+01 3.300000e+00
      vertex   3.388818e+01 -1.275599e+01 3.300000e+00
    endloop
  endfacet
  facet normal 0.000000e+00 0.000000e+00 1.000000e+00
    outer loop
      vertex   3.409946e+01 -1.326421e+01 3.300000e+00
      vertex   3.388818e+01 -1.275599e+01 3.300000e+00
      vertex   3.358458e+01 -1.278559e+01 3.300000e+00
    endloop
  endfacet
  facet normal 0.000000e+00 0.000000e+00 1.000000e+00
    outer loop
      vertex   3.358458e+01 -1.278559e+01 3.300000e+00
      vertex   3.328440e+01 -1.283977e+01 3.300000e+00
      vertex   3.409946e+01 -1.326421e+01 3.300000e+00
    endloop
  endfacet
  facet normal 0.000000e+00 0.000000e+00 1.000000e+00
    outer loop
      vertex   3.409946e+01 -1.326421e+01 3.300000e+00
      vertex   3.328440e+01 -1.283977e+01 3.300000e+00
      vertex   3.298961e+01 -1.291817e+01 3.300000e+00
    endloop
  endfacet
  facet normal 0.000000e+00 0.000000e+00 1.000000e+00
    outer loop
      vertex   3.409946e+01 -1.326421e+01 3.300000e+00
      vertex   3.298961e+01 -1.291817e+01 3.300000e+00
      vertex   3.295769e+01 -1.292599e+01 3.300000e+00
    endloop
  endfacet
  facet normal 0.000000e+00 0.000000e+00 1.000000e+00
    outer loop
      vertex   3.256006e+01 -1.274300e+01 3.300000e+00
      vertex   3.237479e+01 -1.262612e+01 3.300000e+00
      vertex   3.130000e+01 -1.488048e+01 3.300000e+00
    endloop
  endfacet
  facet normal 0.000000e+00 0.000000e+00 1.000000e+00
    outer loop
      vertex   3.130000e+01 -1.488048e+01 3.300000e+00
      vertex   3.237479e+01 -1.262612e+01 3.300000e+00
      vertex   3.220045e+01 -1.249347e+01 3.300000e+00
    endloop
  endfacet
  facet normal 0.000000e+00 0.000000e+00 1.000000e+00
    outer loop
      vertex   3.130000e+01 -1.488048e+01 3.300000e+00
      vertex   3.220045e+01 -1.249347e+01 3.300000e+00
      vertex   3.203840e+01 -1.234607e+01 3.300000e+00
    endloop
  endfacet
  facet normal 0.000000e+00 0.000000e+00 1.000000e+00
    outer loop
      vertex   3.203840e+01 -1.234607e+01 3.300000e+00
      vertex   3.188987e+01 -1.218505e+01 3.300000e+00
      vertex   3.130000e+01 -1.488048e+01 3.300000e+00
    endloop
  endfacet
  facet normal 0.000000e+00 0.000000e+00 1.000000e+00
    outer loop
      vertex   3.130000e+01 -1.488048e+01 3.300000e+00
      vertex   3.188987e+01 -1.218505e+01 3.300000e+00
      vertex   3.175601e+01 -1.201164e+01 3.300000e+00
    endloop
  endfacet
  facet normal 0.000000e+00 0.000000e+00 1.000000e+00
    outer loop
      vertex   3.130000e+01 -1.488048e+01 3.300000e+00
      vertex   3.175601e+01 -1.201164e+01 3.300000e+00
      vertex   3.163784e+01 -1.182718e+01 3.300000e+00
    endloop
  endfacet
  facet normal 0.000000e+00 0.000000e+00 1.000000e+00
    outer loop
      vertex   3.163784e+01 -1.182718e+01 3.300000e+00
      vertex   3.153628e+01 -1.163309e+01 3.300000e+00
      vertex   3.130000e+01 -1.488048e+01 3.300000e+00
    endloop
  endfacet
  facet normal 0.000000e+00 0.000000e+00 1.000000e+00
    outer loop
      vertex   3.130000e+01 -1.488048e+01 3.300000e+00
      vertex   3.153628e+01 -1.163309e+01 3.300000e+00
      vertex   3.145209e+01 -1.143084e+01 3.300000e+00
    endloop
  endfacet
  facet normal 0.000000e+00 0.000000e+00 1.000000e+00
    outer loop
      vertex   3.130000e+01 -1.488048e+01 3.300000e+00
      vertex   3.145209e+01 -1.143084e+01 3.300000e+00
      vertex   3.138594e+01 -1.122201e+01 3.300000e+00
    endloop
  endfacet
  facet normal 0.000000e+00 0.000000e+00 1.000000e+00
    outer loop
      vertex   3.138594e+01 -1.122201e+01 3.300000e+00
      vertex   3.133832e+01 -1.100818e+01 3.300000e+00
      vertex   3.130000e+01 -1.488048e+01 3.300000e+00
    endloop
  endfacet
  facet normal 0.000000e+00 0.000000e+00 1.000000e+00
    outer loop
      vertex   3.130000e+01 -1.488048e+01 3.300000e+00
      vertex   3.133832e+01 -1.100818e+01 3.300000e+00
      vertex   3.130960e+01 -1.079101e+01 3.300000e+00
    endloop
  endfacet
  facet normal 0.000000e+00 -0.000000e+00 1.000000e+00
    outer loop
      vertex   3.130000e+01 -1.488048e+01 3.300000e+00
      vertex   3.130960e+01 -1.079101e+01 3.300000e+00
      vertex   2.840000e+01 7.357078e-14 3.300000e+00
    endloop
  endfacet
  facet normal 0.000000e+00 0.000000e+00 1.000000e+00
    outer loop
      vertex   2.840000e+01 7.357078e-14 3.300000e+00
      vertex   3.130960e+01 -1.079101e+01 3.300000e+00
      vertex   3.130000e+01 -1.057216e+01 3.300000e+00
    endloop
  endfacet
  facet normal 0.000000e+00 0.000000e+00 1.000000e+00
    outer loop
      vertex   2.840000e+01 7.357078e-14 3.300000e+00
      vertex   3.130000e+01 -1.057216e+01 3.300000e+00
      vertex   3.130000e+01 -1.400001e+00 3.300000e+00
    endloop
  endfacet
  facet normal 0.000000e+00 0.000000e+00 1.000000e+00
    outer loop
      vertex   3.128802e+01 -1.217264e+00 3.300000e+00
      vertex   3.125230e+01 -1.037654e+00 3.300000e+00
      vertex   3.130000e+01 -1.400001e+00 3.300000e+00
    endloop
  endfacet
  facet normal 0.000000e+00 0.000000e+00 1.000000e+00
    outer loop
      vertex   3.130000e+01 -1.400001e+00 3.300000e+00
      vertex   3.125230e+01 -1.037654e+00 3.300000e+00
      vertex   3.119343e+01 -8.642443e-01 3.300000e+00
    endloop
  endfacet
  facet normal 0.000000e+00 0.000000e+00 1.000000e+00
    outer loop
      vertex   3.130000e+01 -1.400001e+00 3.300000e+00
      vertex   3.119343e+01 -8.642443e-01 3.300000e+00
      vertex   3.111244e+01 -7.000010e-01 3.300000e+00
    endloop
  endfacet
  facet normal 0.000000e+00 0.000000e+00 1.000000e+00
    outer loop
      vertex   3.111244e+01 -7.000010e-01 3.300000e+00
      vertex   3.101069e+01 -5.477351e-01 3.300000e+00
      vertex   3.130000e+01 -1.400001e+00 3.300000e+00
    endloop
  endfacet
  facet normal 0.000000e+00 0.000000e+00 1.000000e+00
    outer loop
      vertex   3.130000e+01 -1.400001e+00 3.300000e+00
      vertex   3.101069e+01 -5.477351e-01 3.300000e+00
      vertex   3.088995e+01 -4.100516e-01 3.300000e+00
    endloop
  endfacet
  facet normal 0.000000e+00 0.000000e+00 1.000000e+00
    outer loop
      vertex   3.130000e+01 -1.400001e+00 3.300000e+00
      vertex   3.088995e+01 -4.100516e-01 3.300000e+00
      vertex   3.075227e+01 -2.893064e-01 3.300000e+00
    endloop
  endfacet
  facet normal 0.000000e+00 0.000000e+00 1.000000e+00
    outer loop
      vertex   3.075227e+01 -2.893064e-01 3.300000e+00
      vertex   3.060000e+01 -1.875655e-01 3.300000e+00
      vertex   3.130000e+01 -1.400001e+00 3.300000e+00
    endloop
  endfacet
  facet normal 0.000000e+00 0.000000e+00 1.000000e+00
    outer loop
      vertex   3.130000e+01 -1.400001e+00 3.300000e+00
      vertex   3.060000e+01 -1.875655e-01 3.300000e+00
      vertex   3.043576e+01 -1.065697e-01 3.300000e+00
    endloop
  endfacet
  facet normal 0.000000e+00 0.000000e+00 1.000000e+00
    outer loop
      vertex   3.130000e+01 -1.400001e+00 3.300000e+00
      vertex   3.043576e+01 -1.065697e-01 3.300000e+00
      vertex   3.026235e+01 -4.770493e-02 3.300000e+00
    endloop
  endfacet
  facet normal 0.000000e+00 0.000000e+00 1.000000e+00
    outer loop
      vertex   3.026235e+01 -4.770493e-02 3.300000e+00
      vertex   3.008274e+01 -1.197827e-02 3.300000e+00
      vertex   3.130000e+01 -1.400001e+00 3.300000e+00
    endloop
  endfacet
  facet normal 0.000000e+00 0.000000e+00 1.000000e+00
    outer loop
      vertex   3.130000e+01 -1.400001e+00 3.300000e+00
      vertex   3.008274e+01 -1.197827e-02 3.300000e+00
      vertex   2.990000e+01 -1.080509e-06 3.300000e+00
    endloop
  endfacet
  facet normal 0.000000e+00 0.000000e+00 1.000000e+00
    outer loop
      vertex   3.130000e+01 -1.400001e+00 3.300000e+00
      vertex   2.990000e+01 -1.080509e-06 3.300000e+00
      vertex   2.840000e+01 7.357078e-14 3.300000e+00
    endloop
  endfacet
  facet normal 0.000000e+00 0.000000e+00 1.000000e+00
    outer loop
      vertex   2.837588e+01 -3.513681e+01 3.300000e+00
      vertex   2.834641e+01 -3.520000e+01 3.300000e+00
      vertex   3.130000e+01 -3.690000e+01 3.300000e+00
    endloop
  endfacet
  facet normal 0.000000e+00 0.000000e+00 1.000000e+00
    outer loop
      vertex   3.130000e+01 -3.690000e+01 3.300000e+00
      vertex   2.834641e+01 -3.520000e+01 3.300000e+00
      vertex   2.830642e+01 -3.525712e+01 3.300000e+00
    endloop
  endfacet
  facet normal 0.000000e+00 0.000000e+00 1.000000e+00
    outer loop
      vertex   3.130000e+01 -3.690000e+01 3.300000e+00
      vertex   2.830642e+01 -3.525712e+01 3.300000e+00
      vertex   2.990000e+01 -3.830000e+01 3.300000e+00
    endloop
  endfacet
  facet normal 0.000000e+00 0.000000e+00 1.000000e+00
    outer loop
      vertex   2.990000e+01 -3.830000e+01 3.300000e+00
      vertex   2.830642e+01 -3.525712e+01 3.300000e+00
      vertex   2.825711e+01 -3.530642e+01 3.300000e+00
    endloop
  endfacet
  facet normal 0.000000e+00 0.000000e+00 1.000000e+00
    outer loop
      vertex   2.990000e+01 -3.830000e+01 3.300000e+00
      vertex   2.825711e+01 -3.530642e+01 3.300000e+00
      vertex   2.820000e+01 -3.534641e+01 3.300000e+00
    endloop
  endfacet
  facet normal 0.000000e+00 0.000000e+00 1.000000e+00
    outer loop
      vertex   2.820000e+01 -3.534641e+01 3.300000e+00
      vertex   2.813681e+01 -3.537588e+01 3.300000e+00
      vertex   2.990000e+01 -3.830000e+01 3.300000e+00
    endloop
  endfacet
  facet normal 0.000000e+00 0.000000e+00 1.000000e+00
    outer loop
      vertex   2.990000e+01 -3.830000e+01 3.300000e+00
      vertex   2.813681e+01 -3.537588e+01 3.300000e+00
      vertex   2.806946e+01 -3.539392e+01 3.300000e+00
    endloop
  endfacet
  facet normal 0.000000e+00 0.000000e+00 1.000000e+00
    outer loop
      vertex   2.990000e+01 -3.830000e+01 3.300000e+00
      vertex   2.806946e+01 -3.539392e+01 3.300000e+00
      vertex   2.800000e+01 -3.540000e+01 3.300000e+00
    endloop
  endfacet
  facet normal 0.000000e+00 0.000000e+00 1.000000e+00
    outer loop
      vertex   2.990000e+01 -3.830000e+01 3.300000e+00
      vertex   2.800000e+01 -3.540000e+01 3.300000e+00
      vertex   1.010000e+01 -3.830000e+01 3.300000e+00
    endloop
  endfacet
  facet normal 0.000000e+00 0.000000e+00 1.000000e+00
    outer loop
      vertex   1.010000e+01 -3.830000e+01 3.300000e+00
      vertex   2.800000e+01 -3.540000e+01 3.300000e+00
      vertex   1.200000e+01 -3.540000e+01 3.300000e+00
    endloop
  endfacet
  facet normal 0.000000e+00 0.000000e+00 1.000000e+00
    outer loop
      vertex   1.010000e+01 -3.830000e+01 3.300000e+00
      vertex   1.200000e+01 -3.540000e+01 3.300000e+00
      vertex   1.193054e+01 -3.539392e+01 3.300000e+00
    endloop
  endfacet
  facet normal 0.000000e+00 0.000000e+00 1.000000e+00
    outer loop
      vertex   1.193054e+01 -3.539392e+01 3.300000e+00
      vertex   1.186319e+01 -3.537588e+01 3.300000e+00
      vertex   1.010000e+01 -3.830000e+01 3.300000e+00
    endloop
  endfacet
  facet normal 0.000000e+00 0.000000e+00 1.000000e+00
    outer loop
      vertex   1.010000e+01 -3.830000e+01 3.300000e+00
      vertex   1.186319e+01 -3.537588e+01 3.300000e+00
      vertex   1.180000e+01 -3.534641e+01 3.300000e+00
    endloop
  endfacet
  facet normal 0.000000e+00 0.000000e+00 1.000000e+00
    outer loop
      vertex   1.010000e+01 -3.830000e+01 3.300000e+00
      vertex   1.180000e+01 -3.534641e+01 3.300000e+00
      vertex   1.174289e+01 -3.530642e+01 3.300000e+00
    endloop
  endfacet
  facet normal 0.000000e+00 0.000000e+00 1.000000e+00
    outer loop
      vertex   1.174289e+01 -3.530642e+01 3.300000e+00
      vertex   1.169358e+01 -3.525712e+01 3.300000e+00
      vertex   1.010000e+01 -3.830000e+01 3.300000e+00
    endloop
  endfacet
  facet normal 0.000000e+00 -0.000000e+00 1.000000e+00
    outer loop
      vertex   1.010000e+01 -3.830000e+01 3.300000e+00
      vertex   1.169358e+01 -3.525712e+01 3.300000e+00
      vertex   8.700000e+00 -3.690000e+01 3.300000e+00
    endloop
  endfacet
  facet normal 0.000000e+00 0.000000e+00 1.000000e+00
    outer loop
      vertex   1.010000e+01 -3.830000e+01 3.300000e+00
      vertex   8.700000e+00 -3.690000e+01 3.300000e+00
      vertex   9.917263e+00 -3.828802e+01 3.300000e+00
    endloop
  endfacet
  facet normal 0.000000e+00 0.000000e+00 1.000000e+00
    outer loop
      vertex   9.917263e+00 -3.828802e+01 3.300000e+00
      vertex   8.700000e+00 -3.690000e+01 3.300000e+00
      vertex   9.737654e+00 -3.825230e+01 3.300000e+00
    endloop
  endfacet
  facet normal 0.000000e+00 0.000000e+00 1.000000e+00
    outer loop
      vertex   9.737654e+00 -3.825230e+01 3.300000e+00
      vertex   8.700000e+00 -3.690000e+01 3.300000e+00
      vertex   9.564244e+00 -3.819343e+01 3.300000e+00
    endloop
  endfacet
  facet normal 0.000000e+00 0.000000e+00 1.000000e+00
    outer loop
      vertex   9.564244e+00 -3.819343e+01 3.300000e+00
      vertex   8.700000e+00 -3.690000e+01 3.300000e+00
      vertex   9.400000e+00 -3.811244e+01 3.300000e+00
    endloop
  endfacet
  facet normal 0.000000e+00 0.000000e+00 1.000000e+00
    outer loop
      vertex   9.400000e+00 -3.811244e+01 3.300000e+00
      vertex   8.700000e+00 -3.690000e+01 3.300000e+00
      vertex   9.247734e+00 -3.801070e+01 3.300000e+00
    endloop
  endfacet
  facet normal 0.000000e+00 0.000000e+00 1.000000e+00
    outer loop
      vertex   9.247734e+00 -3.801070e+01 3.300000e+00
      vertex   8.700000e+00 -3.690000e+01 3.300000e+00
      vertex   9.110050e+00 -3.788995e+01 3.300000e+00
    endloop
  endfacet
  facet normal 0.000000e+00 0.000000e+00 1.000000e+00
    outer loop
      vertex   9.110050e+00 -3.788995e+01 3.300000e+00
      vertex   8.700000e+00 -3.690000e+01 3.300000e+00
      vertex   8.989305e+00 -3.775227e+01 3.300000e+00
    endloop
  endfacet
  facet normal 0.000000e+00 0.000000e+00 1.000000e+00
    outer loop
      vertex   8.989305e+00 -3.775227e+01 3.300000e+00
      vertex   8.700000e+00 -3.690000e+01 3.300000e+00
      vertex   8.887565e+00 -3.760000e+01 3.300000e+00
    endloop
  endfacet
  facet normal 0.000000e+00 0.000000e+00 1.000000e+00
    outer loop
      vertex   8.887565e+00 -3.760000e+01 3.300000e+00
      vertex   8.700000e+00 -3.690000e+01 3.300000e+00
      vertex   8.806569e+00 -3.743576e+01 3.300000e+00
    endloop
  endfacet
  facet normal 0.000000e+00 0.000000e+00 1.000000e+00
    outer loop
      vertex   8.806569e+00 -3.743576e+01 3.300000e+00
      vertex   8.700000e+00 -3.690000e+01 3.300000e+00
      vertex   8.747703e+00 -3.726235e+01 3.300000e+00
    endloop
  endfacet
  facet normal 0.000000e+00 0.000000e+00 1.000000e+00
    outer loop
      vertex   8.747703e+00 -3.726235e+01 3.300000e+00
      vertex   8.700000e+00 -3.690000e+01 3.300000e+00
      vertex   8.711977e+00 -3.708274e+01 3.300000e+00
    endloop
  endfacet
  facet normal 0.000000e+00 0.000000e+00 1.000000e+00
    outer loop
      vertex   1.169358e+01 -3.525712e+01 3.300000e+00
      vertex   1.165359e+01 -3.520000e+01 3.300000e+00
      vertex   8.700000e+00 -3.690000e+01 3.300000e+00
    endloop
  endfacet
  facet normal 0.000000e+00 0.000000e+00 1.000000e+00
    outer loop
      vertex   8.700000e+00 -3.690000e+01 3.300000e+00
      vertex   1.165359e+01 -3.520000e+01 3.300000e+00
      vertex   1.162412e+01 -3.513681e+01 3.300000e+00
    endloop
  endfacet
  facet normal 0.000000e+00 0.000000e+00 1.000000e+00
    outer loop
      vertex   8.700000e+00 -3.690000e+01 3.300000e+00
      vertex   1.162412e+01 -3.513681e+01 3.300000e+00
      vertex   1.160608e+01 -3.506946e+01 3.300000e+00
    endloop
  endfacet
  facet normal 0.000000e+00 0.000000e+00 1.000000e+00
    outer loop
      vertex   1.160608e+01 -3.506946e+01 3.300000e+00
      vertex   1.160000e+01 -3.500000e+01 3.300000e+00
      vertex   8.700000e+00 -3.690000e+01 3.300000e+00
    endloop
  endfacet
  facet normal 0.000000e+00 0.000000e+00 1.000000e+00
    outer loop
      vertex   8.700000e+00 -3.690000e+01 3.300000e+00
      vertex   1.160000e+01 -3.500000e+01 3.300000e+00
      vertex   8.700000e+00 -2.244684e+01 3.300000e+00
    endloop
  endfacet
  facet normal -0.000000e+00 -0.000000e+00 1.000000e+00
    outer loop
      vertex   8.700000e+00 -2.244684e+01 3.300000e+00
      vertex   1.160000e+01 -3.500000e+01 3.300000e+00
      vertex   8.690190e+00 -2.222558e+01 3.300000e+00
    endloop
  endfacet
  facet normal 2.347752e-15 5.347808e-16 1.000000e+00
    outer loop
      vertex   8.690190e+00 -2.222558e+01 3.300000e+00
      vertex   1.160000e+01 -3.500000e+01 3.300000e+00
      vertex   8.700000e+00 -1.811658e+01 3.300000e+00
    endloop
  endfacet
  facet normal 3.970344e-15 5.309069e-16 1.000000e+00
    outer loop
      vertex   8.690190e+00 -2.222558e+01 3.300000e+00
      vertex   8.700000e+00 -1.811658e+01 3.300000e+00
      vertex   8.660835e+00 -2.200606e+01 3.300000e+00
    endloop
  endfacet
  facet normal 2.426037e-15 5.464570e-16 1.000000e+00
    outer loop
      vertex   8.660835e+00 -2.200606e+01 3.300000e+00
      vertex   8.700000e+00 -1.811658e+01 3.300000e+00
      vertex   8.612168e+00 -2.178999e+01 3.300000e+00
    endloop
  endfacet
  facet normal 1.754999e-15 5.625016e-16 1.000000e+00
    outer loop
      vertex   8.612168e+00 -2.178999e+01 3.300000e+00
      vertex   8.700000e+00 -1.811658e+01 3.300000e+00
      vertex   8.544569e+00 -2.157909e+01 3.300000e+00
    endloop
  endfacet
  facet normal 1.375389e-15 5.795423e-16 1.000000e+00
    outer loop
      vertex   8.544569e+00 -2.157909e+01 3.300000e+00
      vertex   8.700000e+00 -1.811658e+01 3.300000e+00
      vertex   8.458569e+00 -2.137499e+01 3.300000e+00
    endloop
  endfacet
  facet normal 1.127935e-15 5.978773e-16 1.000000e+00
    outer loop
      vertex   8.458569e+00 -2.137499e+01 3.300000e+00
      vertex   8.700000e+00 -1.811658e+01 3.300000e+00
      vertex   8.354843e+00 -2.117930e+01 3.300000e+00
    endloop
  endfacet
  facet normal 9.511792e-16 6.177970e-16 1.000000e+00
    outer loop
      vertex   8.354843e+00 -2.117930e+01 3.300000e+00
      vertex   8.700000e+00 -1.811658e+01 3.300000e+00
      vertex   8.234205e+00 -2.099357e+01 3.300000e+00
    endloop
  endfacet
  facet normal 8.162985e-16 6.396347e-16 1.000000e+00
    outer loop
      vertex   8.234205e+00 -2.099357e+01 3.300000e+00
      vertex   8.700000e+00 -1.811658e+01 3.300000e+00
      vertex   8.097602e+00 -2.081923e+01 3.300000e+00
    endloop
  endfacet
  facet normal 7.078869e-16 6.637987e-16 1.000000e+00
    outer loop
      vertex   8.097602e+00 -2.081923e+01 3.300000e+00
      vertex   8.700000e+00 -1.811658e+01 3.300000e+00
      vertex   7.946106e+00 -2.065768e+01 3.300000e+00
    endloop
  endfacet
  facet normal 6.168578e-16 6.908052e-16 1.000000e+00
    outer loop
      vertex   7.946106e+00 -2.065768e+01 3.300000e+00
      vertex   8.700000e+00 -1.811658e+01 3.300000e+00
      vertex   7.780906e+00 -2.051016e+01 3.300000e+00
    endloop
  endfacet
  facet normal 5.373810e-16 7.213230e-16 1.000000e+00
    outer loop
      vertex   7.780906e+00 -2.051016e+01 3.300000e+00
      vertex   8.700000e+00 -1.811658e+01 3.300000e+00
      vertex   7.603299e+00 -2.037784e+01 3.300000e+00
    endloop
  endfacet
  facet normal 4.653920e-16 7.562373e-16 1.000000e+00
    outer loop
      vertex   7.603299e+00 -2.037784e+01 3.300000e+00
      vertex   8.700000e+00 -1.811658e+01 3.300000e+00
      vertex   7.414678e+00 -2.026176e+01 3.300000e+00
    endloop
  endfacet
  facet normal -7.656708e-16 0.000000e+00 1.000000e+00
    outer loop
      vertex   1.160000e+01 -3.500000e+01 3.300000e+00
      vertex   1.160000e+01 -7.549517e-14 3.300000e+00
      vertex   8.700000e+00 -1.811658e+01 3.300000e+00
    endloop
  endfacet
  facet normal -0.000000e+00 0.000000e+00 1.000000e+00
    outer loop
      vertex   1.010000e+01 -1.080510e-06 3.300000e+00
      vertex   8.700000e+00 -1.400001e+00 3.300000e+00
      vertex   1.160000e+01 -7.549517e-14 3.300000e+00
    endloop
  endfacet
  facet normal 0.000000e+00 0.000000e+00 1.000000e+00
    outer loop
      vertex   1.160000e+01 -7.549517e-14 3.300000e+00
      vertex   8.700000e+00 -1.400001e+00 3.300000e+00
      vertex   8.700000e+00 -1.055316e+01 3.300000e+00
    endloop
  endfacet
  facet normal 0.000000e+00 0.000000e+00 1.000000e+00
    outer loop
      vertex   1.160000e+01 -7.549517e-14 3.300000e+00
      vertex   8.700000e+00 -1.055316e+01 3.300000e+00
      vertex   8.690190e+00 -1.077442e+01 3.300000e+00
    endloop
  endfacet
  facet normal 0.000000e+00 0.000000e+00 1.000000e+00
    outer loop
      vertex   1.010000e+01 -1.080510e-06 3.300000e+00
      vertex   9.917263e+00 -1.197827e-02 3.300000e+00
      vertex   8.700000e+00 -1.400001e+00 3.300000e+00
    endloop
  endfacet
  facet normal 0.000000e+00 0.000000e+00 1.000000e+00
    outer loop
      vertex   8.700000e+00 -1.400001e+00 3.300000e+00
      vertex   9.917263e+00 -1.197827e-02 3.300000e+00
      vertex   9.737654e+00 -4.770493e-02 3.300000e+00
    endloop
  endfacet
  facet normal 0.000000e+00 0.000000e+00 1.000000e+00
    outer loop
      vertex   8.700000e+00 -1.400001e+00 3.300000e+00
      vertex   9.737654e+00 -4.770493e-02 3.300000e+00
      vertex   9.564244e+00 -1.065697e-01 3.300000e+00
    endloop
  endfacet
  facet normal 0.000000e+00 0.000000e+00 1.000000e+00
    outer loop
      vertex   9.564244e+00 -1.065697e-01 3.300000e+00
      vertex   9.400000e+00 -1.875655e-01 3.300000e+00
      vertex   8.700000e+00 -1.400001e+00 3.300000e+00
    endloop
  endfacet
  facet normal 0.000000e+00 0.000000e+00 1.000000e+00
    outer loop
      vertex   8.700000e+00 -1.400001e+00 3.300000e+00
      vertex   9.400000e+00 -1.875655e-01 3.300000e+00
      vertex   9.247734e+00 -2.893064e-01 3.300000e+00
    endloop
  endfacet
  facet normal 0.000000e+00 0.000000e+00 1.000000e+00
    outer loop
      vertex   8.700000e+00 -1.400001e+00 3.300000e+00
      vertex   9.247734e+00 -2.893064e-01 3.300000e+00
      vertex   9.110050e+00 -4.100516e-01 3.300000e+00
    endloop
  endfacet
  facet normal 0.000000e+00 0.000000e+00 1.000000e+00
    outer loop
      vertex   9.110050e+00 -4.100516e-01 3.300000e+00
      vertex   8.989305e+00 -5.477351e-01 3.300000e+00
      vertex   8.700000e+00 -1.400001e+00 3.300000e+00
    endloop
  endfacet
  facet normal 0.000000e+00 0.000000e+00 1.000000e+00
    outer loop
      vertex   8.700000e+00 -1.400001e+00 3.300000e+00
      vertex   8.989305e+00 -5.477351e-01 3.300000e+00
      vertex   8.887565e+00 -7.000010e-01 3.300000e+00
    endloop
  endfacet
  facet normal 0.000000e+00 0.000000e+00 1.000000e+00
    outer loop
      vertex   8.700000e+00 -1.400001e+00 3.300000e+00
      vertex   8.887565e+00 -7.000010e-01 3.300000e+00
      vertex   8.806569e+00 -8.642443e-01 3.300000e+00
    endloop
  endfacet
  facet normal 0.000000e+00 0.000000e+00 1.000000e+00
    outer loop
      vertex   8.806569e+00 -8.642443e-01 3.300000e+00
      vertex   8.747703e+00 -1.037654e+00 3.300000e+00
      vertex   8.700000e+00 -1.400001e+00 3.300000e+00
    endloop
  endfacet
  facet normal 0.000000e+00 0.000000e+00 1.000000e+00
    outer loop
      vertex   8.700000e+00 -1.400001e+00 3.300000e+00
      vertex   8.747703e+00 -1.037654e+00 3.300000e+00
      vertex   8.711977e+00 -1.217264e+00 3.300000e+00
    endloop
  endfacet
  facet normal 2.426036e-15 -5.464568e-16 1.000000e+00
    outer loop
      vertex   8.660835e+00 -1.099394e+01 3.300000e+00
      vertex   8.612168e+00 -1.121000e+01 3.300000e+00
      vertex   8.700000e+00 -1.488342e+01 3.300000e+00
    endloop
  endfacet
  facet normal 1.754999e-15 -5.625014e-16 1.000000e+00
    outer loop
      vertex   8.700000e+00 -1.488342e+01 3.300000e+00
      vertex   8.612168e+00 -1.121000e+01 3.300000e+00
      vertex   8.544569e+00 -1.142091e+01 3.300000e+00
    endloop
  endfacet
  facet normal 1.375388e-15 -5.795420e-16 1.000000e+00
    outer loop
      vertex   8.700000e+00 -1.488342e+01 3.300000e+00
      vertex   8.544569e+00 -1.142091e+01 3.300000e+00
      vertex   8.458569e+00 -1.162501e+01 3.300000e+00
    endloop
  endfacet
  facet normal 1.127934e-15 -5.978770e-16 1.000000e+00
    outer loop
      vertex   8.458569e+00 -1.162501e+01 3.300000e+00
      vertex   8.354843e+00 -1.182070e+01 3.300000e+00
      vertex   8.700000e+00 -1.488342e+01 3.300000e+00
    endloop
  endfacet
  facet normal 9.511787e-16 -6.177966e-16 1.000000e+00
    outer loop
      vertex   8.700000e+00 -1.488342e+01 3.300000e+00
      vertex   8.354843e+00 -1.182070e+01 3.300000e+00
      vertex   8.234205e+00 -1.200643e+01 3.300000e+00
    endloop
  endfacet
  facet normal 8.162980e-16 -6.396343e-16 1.000000e+00
    outer loop
      vertex   8.700000e+00 -1.488342e+01 3.300000e+00
      vertex   8.234205e+00 -1.200643e+01 3.300000e+00
      vertex   8.097602e+00 -1.218077e+01 3.300000e+00
    endloop
  endfacet
  facet normal 7.078865e-16 -6.637983e-16 1.000000e+00
    outer loop
      vertex   8.097602e+00 -1.218077e+01 3.300000e+00
      vertex   7.946106e+00 -1.234232e+01 3.300000e+00
      vertex   8.700000e+00 -1.488342e+01 3.300000e+00
    endloop
  endfacet
  facet normal 6.168574e-16 -6.908048e-16 1.000000e+00
    outer loop
      vertex   8.700000e+00 -1.488342e+01 3.300000e+00
      vertex   7.946106e+00 -1.234232e+01 3.300000e+00
      vertex   7.780906e+00 -1.248984e+01 3.300000e+00
    endloop
  endfacet
  facet normal 5.373807e-16 -7.213225e-16 1.000000e+00
    outer loop
      vertex   8.700000e+00 -1.488342e+01 3.300000e+00
      vertex   7.780906e+00 -1.248984e+01 3.300000e+00
      vertex   7.603299e+00 -1.262216e+01 3.300000e+00
    endloop
  endfacet
  facet normal 4.653917e-16 -7.562368e-16 1.000000e+00
    outer loop
      vertex   7.603299e+00 -1.262216e+01 3.300000e+00
      vertex   7.414678e+00 -1.273823e+01 3.300000e+00
      vertex   8.700000e+00 -1.488342e+01 3.300000e+00
    endloop
  endfacet
  facet normal 3.977789e-16 -7.967481e-16 1.000000e+00
    outer loop
      vertex   8.700000e+00 -1.488342e+01 3.300000e+00
      vertex   7.414678e+00 -1.273823e+01 3.300000e+00
      vertex   7.216524e+00 -1.283716e+01 3.300000e+00
    endloop
  endfacet
  facet normal 3.318730e-16 -8.445280e-16 1.000000e+00
    outer loop
      vertex   8.700000e+00 -1.488342e+01 3.300000e+00
      vertex   7.216524e+00 -1.283716e+01 3.300000e+00
      vertex   7.010392e+00 -1.291817e+01 3.300000e+00
    endloop
  endfacet
  facet normal -4.073403e-16 -4.177659e-15 1.000000e+00
    outer loop
      vertex   6.415415e+00 -1.278559e+01 3.300000e+00
      vertex   6.111819e+00 -1.275599e+01 3.300000e+00
      vertex   5.900000e+00 -1.326684e+01 3.300000e+00
    endloop
  endfacet
  facet normal -6.837200e-17 -4.318209e-15 1.000000e+00
    outer loop
      vertex   5.900000e+00 -1.326684e+01 3.300000e+00
      vertex   6.111819e+00 -1.275599e+01 3.300000e+00
      vertex   5.806820e+00 -1.275116e+01 3.300000e+00
    endloop
  endfacet
  facet normal 2.792553e-16 -4.255395e-15 1.000000e+00
    outer loop
      vertex   5.900000e+00 -1.326684e+01 3.300000e+00
      vertex   5.806820e+00 -1.275116e+01 3.300000e+00
      vertex   5.502438e+00 -1.277113e+01 3.300000e+00
    endloop
  endfacet
  facet normal 5.924935e-16 -4.004174e-15 1.000000e+00
    outer loop
      vertex   5.502438e+00 -1.277113e+01 3.300000e+00
      vertex   5.200687e+00 -1.281578e+01 3.300000e+00
      vertex   5.900000e+00 -1.326684e+01 3.300000e+00
    endloop
  endfacet
  facet normal 8.407903e-16 -3.619218e-15 1.000000e+00
    outer loop
      vertex   5.900000e+00 -1.326684e+01 3.300000e+00
      vertex   5.200687e+00 -1.281578e+01 3.300000e+00
      vertex   4.903562e+00 -1.288481e+01 3.300000e+00
    endloop
  endfacet
  facet normal 1.013631e-15 -3.168403e-15 1.000000e+00
    outer loop
      vertex   5.900000e+00 -1.326684e+01 3.300000e+00
      vertex   4.903562e+00 -1.288481e+01 3.300000e+00
      vertex   4.613031e+00 -1.297776e+01 3.300000e+00
    endloop
  endfacet
  facet normal 1.116779e-15 -2.709199e-15 1.000000e+00
    outer loop
      vertex   4.613031e+00 -1.297776e+01 3.300000e+00
      vertex   4.331016e+00 -1.309401e+01 3.300000e+00
      vertex   5.900000e+00 -1.326684e+01 3.300000e+00
    endloop
  endfacet
  facet normal 1.164216e-15 -2.278566e-15 1.000000e+00
    outer loop
      vertex   5.900000e+00 -1.326684e+01 3.300000e+00
      vertex   4.331016e+00 -1.309401e+01 3.300000e+00
      vertex   4.059382e+00 -1.323280e+01 3.300000e+00
    endloop
  endfacet
  facet normal 2.116514e-15 -2.430484e-15 1.000000e+00
    outer loop
      vertex   3.554366e+00 -1.357417e+01 3.300000e+00
      vertex   3.324327e+00 -1.377449e+01 3.300000e+00
      vertex   3.100000e+00 -1.488342e+01 3.300000e+00
    endloop
  endfacet
  facet normal 2.589796e-15 -2.526224e-15 1.000000e+00
    outer loop
      vertex   3.100000e+00 -1.488342e+01 3.300000e+00
      vertex   3.324327e+00 -1.377449e+01 3.300000e+00
      vertex   3.111330e+00 -1.399285e+01 3.300000e+00
    endloop
  endfacet
  facet normal 3.058037e-15 -2.532182e-15 1.000000e+00
    outer loop
      vertex   3.100000e+00 -1.488342e+01 3.300000e+00
      vertex   3.111330e+00 -1.399285e+01 3.300000e+00
      vertex   2.916785e+00 -1.422779e+01 3.300000e+00
    endloop
  endfacet
  facet normal 3.460362e-15 -2.419752e-15 1.000000e+00
    outer loop
      vertex   2.916785e+00 -1.422779e+01 3.300000e+00
      vertex   2.741979e+00 -1.447777e+01 3.300000e+00
      vertex   3.100000e+00 -1.488342e+01 3.300000e+00
    endloop
  endfacet
  facet normal 3.731312e-15 -2.180614e-15 1.000000e+00
    outer loop
      vertex   3.100000e+00 -1.488342e+01 3.300000e+00
      vertex   2.741979e+00 -1.447777e+01 3.300000e+00
      vertex   2.588069e+00 -1.474113e+01 3.300000e+00
    endloop
  endfacet
  facet normal 3.826859e-15 -1.836846e-15 1.000000e+00
    outer loop
      vertex   3.100000e+00 -1.488342e+01 3.300000e+00
      vertex   2.588069e+00 -1.474113e+01 3.300000e+00
      vertex   2.456073e+00 -1.501613e+01 3.300000e+00
    endloop
  endfacet
  facet normal 3.744172e-15 -1.435646e-15 1.000000e+00
    outer loop
      vertex   2.456073e+00 -1.501613e+01 3.300000e+00
      vertex   2.346864e+00 -1.530095e+01 3.300000e+00
      vertex   3.100000e+00 -1.488342e+01 3.300000e+00
    endloop
  endfacet
  facet normal 3.519436e-15 -1.030270e-15 1.000000e+00
    outer loop
      vertex   3.100000e+00 -1.488342e+01 3.300000e+00
      vertex   2.346864e+00 -1.530095e+01 3.300000e+00
      vertex   2.261165e+00 -1.559370e+01 3.300000e+00
    endloop
  endfacet
  facet normal 3.207217e-15 -6.615409e-16 1.000000e+00
    outer loop
      vertex   3.100000e+00 -1.488342e+01 3.300000e+00
      vertex   2.261165e+00 -1.559370e+01 3.300000e+00
      vertex   2.199543e+00 -1.589245e+01 3.300000e+00
    endloop
  endfacet
  facet normal 2.858852e-15 -3.506604e-16 1.000000e+00
    outer loop
      vertex   2.199543e+00 -1.589245e+01 3.300000e+00
      vertex   2.162406e+00 -1.619521e+01 3.300000e+00
      vertex   3.100000e+00 -1.488342e+01 3.300000e+00
    endloop
  endfacet
  facet normal 2.511260e-15 -1.022220e-16 1.000000e+00
    outer loop
      vertex   3.100000e+00 -1.488342e+01 3.300000e+00
      vertex   2.162406e+00 -1.619521e+01 3.300000e+00
      vertex   2.150000e+00 -1.650000e+01 3.300000e+00
    endloop
  endfacet
  facet normal 3.207217e-15 6.615411e-16 1.000000e+00
    outer loop
      vertex   2.199543e+00 -1.710755e+01 3.300000e+00
      vertex   2.261165e+00 -1.740630e+01 3.300000e+00
      vertex   3.100000e+00 -1.811658e+01 3.300000e+00
    endloop
  endfacet
  facet normal 3.519438e-15 1.030270e-15 1.000000e+00
    outer loop
      vertex   3.100000e+00 -1.811658e+01 3.300000e+00
      vertex   2.261165e+00 -1.740630e+01 3.300000e+00
      vertex   2.346864e+00 -1.769905e+01 3.300000e+00
    endloop
  endfacet
  facet normal 3.744174e-15 1.435646e-15 1.000000e+00
    outer loop
      vertex   3.100000e+00 -1.811658e+01 3.300000e+00
      vertex   2.346864e+00 -1.769905e+01 3.300000e+00
      vertex   2.456073e+00 -1.798387e+01 3.300000e+00
    endloop
  endfacet
  facet normal 3.826861e-15 1.836847e-15 1.000000e+00
    outer loop
      vertex   2.456073e+00 -1.798387e+01 3.300000e+00
      vertex   2.588069e+00 -1.825887e+01 3.300000e+00
      vertex   3.100000e+00 -1.811658e+01 3.300000e+00
    endloop
  endfacet
  facet normal 3.731315e-15 2.180616e-15 1.000000e+00
    outer loop
      vertex   3.100000e+00 -1.811658e+01 3.300000e+00
      vertex   2.588069e+00 -1.825887e+01 3.300000e+00
      vertex   2.741979e+00 -1.852223e+01 3.300000e+00
    endloop
  endfacet
  facet normal 3.460357e-15 2.419761e-15 1.000000e+00
    outer loop
      vertex   3.100000e+00 -1.811658e+01 3.300000e+00
      vertex   2.741979e+00 -1.852223e+01 3.300000e+00
      vertex   2.916785e+00 -1.877221e+01 3.300000e+00
    endloop
  endfacet
  facet normal 3.058055e-15 2.532184e-15 1.000000e+00
    outer loop
      vertex   2.916785e+00 -1.877221e+01 3.300000e+00
      vertex   3.111330e+00 -1.900715e+01 3.300000e+00
      vertex   3.100000e+00 -1.811658e+01 3.300000e+00
    endloop
  endfacet
  facet normal 2.589798e-15 2.526226e-15 1.000000e+00
    outer loop
      vertex   3.100000e+00 -1.811658e+01 3.300000e+00
      vertex   3.111330e+00 -1.900715e+01 3.300000e+00
      vertex   3.324327e+00 -1.922551e+01 3.300000e+00
    endloop
  endfacet
  facet normal 2.116515e-15 2.430485e-15 1.000000e+00
    outer loop
      vertex   3.100000e+00 -1.811658e+01 3.300000e+00
      vertex   3.324327e+00 -1.922551e+01 3.300000e+00
      vertex   3.554366e+00 -1.942583e+01 3.300000e+00
    endloop
  endfacet
  facet normal 1.679325e-15 2.278762e-15 1.000000e+00
    outer loop
      vertex   3.554366e+00 -1.942583e+01 3.300000e+00
      vertex   3.799926e+00 -1.960680e+01 3.300000e+00
      vertex   3.100000e+00 -1.811658e+01 3.300000e+00
    endloop
  endfacet
  facet normal 1.298134e-15 2.099723e-15 1.000000e+00
    outer loop
      vertex   3.100000e+00 -1.811658e+01 3.300000e+00
      vertex   3.799926e+00 -1.960680e+01 3.300000e+00
      vertex   4.059382e+00 -1.976720e+01 3.300000e+00
    endloop
  endfacet
  facet normal 1.013625e-15 3.168425e-15 1.000000e+00
    outer loop
      vertex   4.613031e+00 -2.002225e+01 3.300000e+00
      vertex   4.903562e+00 -2.011519e+01 3.300000e+00
      vertex   5.900000e+00 -1.973316e+01 3.300000e+00
    endloop
  endfacet
  facet normal 8.408003e-16 3.619198e-15 1.000000e+00
    outer loop
      vertex   5.900000e+00 -1.973316e+01 3.300000e+00
      vertex   4.903562e+00 -2.011519e+01 3.300000e+00
      vertex   5.200687e+00 -2.018422e+01 3.300000e+00
    endloop
  endfacet
  facet normal 5.924801e-16 4.004191e-15 1.000000e+00
    outer loop
      vertex   5.900000e+00 -1.973316e+01 3.300000e+00
      vertex   5.200687e+00 -2.018422e+01 3.300000e+00
      vertex   5.502438e+00 -2.022887e+01 3.300000e+00
    endloop
  endfacet
  facet normal 2.792557e-16 4.255401e-15 1.000000e+00
    outer loop
      vertex   5.502438e+00 -2.022887e+01 3.300000e+00
      vertex   5.806820e+00 -2.024884e+01 3.300000e+00
      vertex   5.900000e+00 -1.973316e+01 3.300000e+00
    endloop
  endfacet
  facet normal -6.835516e-17 4.318211e-15 1.000000e+00
    outer loop
      vertex   5.900000e+00 -1.973316e+01 3.300000e+00
      vertex   5.806820e+00 -2.024884e+01 3.300000e+00
      vertex   6.111819e+00 -2.024401e+01 3.300000e+00
    endloop
  endfacet
  facet normal -4.073399e-16 4.177655e-15 1.000000e+00
    outer loop
      vertex   5.900000e+00 -1.973316e+01 3.300000e+00
      vertex   6.111819e+00 -2.024401e+01 3.300000e+00
      vertex   6.415415e+00 -2.021441e+01 3.300000e+00
    endloop
  endfacet
  facet normal -6.978647e-16 3.866505e-15 1.000000e+00
    outer loop
      vertex   6.415415e+00 -2.021441e+01 3.300000e+00
      vertex   6.715602e+00 -2.016023e+01 3.300000e+00
      vertex   5.900000e+00 -1.973316e+01 3.300000e+00
    endloop
  endfacet
  facet normal -9.169967e-16 3.448014e-15 1.000000e+00
    outer loop
      vertex   5.900000e+00 -1.973316e+01 3.300000e+00
      vertex   6.715602e+00 -2.016023e+01 3.300000e+00
      vertex   7.010392e+00 -2.008183e+01 3.300000e+00
    endloop
  endfacet
  facet normal 0.000000e+00 0.000000e+00 1.000000e+00
    outer loop
      vertex   2.990000e+01 -3.830000e+01 3.300000e+00
      vertex   3.008274e+01 -3.828802e+01 3.300000e+00
      vertex   3.130000e+01 -3.690000e+01 3.300000e+00
    endloop
  endfacet
  facet normal 0.000000e+00 0.000000e+00 1.000000e+00
    outer loop
      vertex   3.130000e+01 -3.690000e+01 3.300000e+00
      vertex   3.008274e+01 -3.828802e+01 3.300000e+00
      vertex   3.026235e+01 -3.825230e+01 3.300000e+00
    endloop
  endfacet
  facet normal 0.000000e+00 0.000000e+00 1.000000e+00
    outer loop
      vertex   3.130000e+01 -3.690000e+01 3.300000e+00
      vertex   3.026235e+01 -3.825230e+01 3.300000e+00
      vertex   3.043576e+01 -3.819343e+01 3.300000e+00
    endloop
  endfacet
  facet normal 0.000000e+00 0.000000e+00 1.000000e+00
    outer loop
      vertex   3.043576e+01 -3.819343e+01 3.300000e+00
      vertex   3.060000e+01 -3.811244e+01 3.300000e+00
      vertex   3.130000e+01 -3.690000e+01 3.300000e+00
    endloop
  endfacet
  facet normal 0.000000e+00 0.000000e+00 1.000000e+00
    outer loop
      vertex   3.130000e+01 -3.690000e+01 3.300000e+00
      vertex   3.060000e+01 -3.811244e+01 3.300000e+00
      vertex   3.075227e+01 -3.801070e+01 3.300000e+00
    endloop
  endfacet
  facet normal 0.000000e+00 0.000000e+00 1.000000e+00
    outer loop
      vertex   3.130000e+01 -3.690000e+01 3.300000e+00
      vertex   3.075227e+01 -3.801070e+01 3.300000e+00
      vertex   3.088995e+01 -3.788995e+01 3.300000e+00
    endloop
  endfacet
  facet normal 0.000000e+00 0.000000e+00 1.000000e+00
    outer loop
      vertex   3.088995e+01 -3.788995e+01 3.300000e+00
      vertex   3.101069e+01 -3.775227e+01 3.300000e+00
      vertex   3.130000e+01 -3.690000e+01 3.300000e+00
    endloop
  endfacet
  facet normal 0.000000e+00 0.000000e+00 1.000000e+00
    outer loop
      vertex   3.130000e+01 -3.690000e+01 3.300000e+00
      vertex   3.101069e+01 -3.775227e+01 3.300000e+00
      vertex   3.111244e+01 -3.760000e+01 3.300000e+00
    endloop
  endfacet
  facet normal 0.000000e+00 0.000000e+00 1.000000e+00
    outer loop
      vertex   3.130000e+01 -3.690000e+01 3.300000e+00
      vertex   3.111244e+01 -3.760000e+01 3.300000e+00
      vertex   3.119343e+01 -3.743576e+01 3.300000e+00
    endloop
  endfacet
  facet normal 0.000000e+00 0.000000e+00 1.000000e+00
    outer loop
      vertex   3.119343e+01 -3.743576e+01 3.300000e+00
      vertex   3.125230e+01 -3.726235e+01 3.300000e+00
      vertex   3.130000e+01 -3.690000e+01 3.300000e+00
    endloop
  endfacet
  facet normal 0.000000e+00 0.000000e+00 1.000000e+00
    outer loop
      vertex   3.130000e+01 -3.690000e+01 3.300000e+00
      vertex   3.125230e+01 -3.726235e+01 3.300000e+00
      vertex   3.128802e+01 -3.708274e+01 3.300000e+00
    endloop
  endfacet
  facet normal 0.000000e+00 -0.000000e+00 1.000000e+00
    outer loop
      vertex   3.131057e+01 -2.228263e+01 3.300000e+00
      vertex   3.134219e+01 -2.205493e+01 3.300000e+00
      vertex   3.130000e+01 -1.811427e+01 3.300000e+00
    endloop
  endfacet
  facet normal 0.000000e+00 0.000000e+00 1.000000e+00
    outer loop
      vertex   3.130000e+01 -1.811427e+01 3.300000e+00
      vertex   3.134219e+01 -2.205493e+01 3.300000e+00
      vertex   3.139459e+01 -2.183110e+01 3.300000e+00
    endloop
  endfacet
  facet normal 0.000000e+00 0.000000e+00 1.000000e+00
    outer loop
      vertex   3.130000e+01 -1.811427e+01 3.300000e+00
      vertex   3.139459e+01 -2.183110e+01 3.300000e+00
      vertex   3.146733e+01 -2.161303e+01 3.300000e+00
    endloop
  endfacet
  facet normal 0.000000e+00 -0.000000e+00 1.000000e+00
    outer loop
      vertex   3.146733e+01 -2.161303e+01 3.300000e+00
      vertex   3.155979e+01 -2.140255e+01 3.300000e+00
      vertex   3.130000e+01 -1.811427e+01 3.300000e+00
    endloop
  endfacet
  facet normal 0.000000e+00 0.000000e+00 1.000000e+00
    outer loop
      vertex   3.130000e+01 -1.811427e+01 3.300000e+00
      vertex   3.155979e+01 -2.140255e+01 3.300000e+00
      vertex   3.167120e+01 -2.120147e+01 3.300000e+00
    endloop
  endfacet
  facet normal 0.000000e+00 0.000000e+00 1.000000e+00
    outer loop
      vertex   3.130000e+01 -1.811427e+01 3.300000e+00
      vertex   3.167120e+01 -2.120147e+01 3.300000e+00
      vertex   3.180061e+01 -2.101146e+01 3.300000e+00
    endloop
  endfacet
  facet normal 0.000000e+00 -0.000000e+00 1.000000e+00
    outer loop
      vertex   3.180061e+01 -2.101146e+01 3.300000e+00
      vertex   3.194692e+01 -2.083415e+01 3.300000e+00
      vertex   3.130000e+01 -1.811427e+01 3.300000e+00
    endloop
  endfacet
  facet normal 0.000000e+00 0.000000e+00 1.000000e+00
    outer loop
      vertex   3.130000e+01 -1.811427e+01 3.300000e+00
      vertex   3.194692e+01 -2.083415e+01 3.300000e+00
      vertex   3.210890e+01 -2.067103e+01 3.300000e+00
    endloop
  endfacet
  facet normal 0.000000e+00 0.000000e+00 1.000000e+00
    outer loop
      vertex   3.130000e+01 -1.811427e+01 3.300000e+00
      vertex   3.210890e+01 -2.067103e+01 3.300000e+00
      vertex   3.228518e+01 -2.052347e+01 3.300000e+00
    endloop
  endfacet
  facet normal 0.000000e+00 -0.000000e+00 1.000000e+00
    outer loop
      vertex   3.228518e+01 -2.052347e+01 3.300000e+00
      vertex   3.247427e+01 -2.039274e+01 3.300000e+00
      vertex   3.130000e+01 -1.811427e+01 3.300000e+00
    endloop
  endfacet
  facet normal 0.000000e+00 0.000000e+00 1.000000e+00
    outer loop
      vertex   3.130000e+01 -1.811427e+01 3.300000e+00
      vertex   3.247427e+01 -2.039274e+01 3.300000e+00
      vertex   3.267457e+01 -2.027992e+01 3.300000e+00
    endloop
  endfacet
  facet normal 0.000000e+00 0.000000e+00 1.000000e+00
    outer loop
      vertex   3.130000e+01 -1.811427e+01 3.300000e+00
      vertex   3.267457e+01 -2.027992e+01 3.300000e+00
      vertex   3.288439e+01 -2.018598e+01 3.300000e+00
    endloop
  endfacet
  facet normal 0.000000e+00 -0.000000e+00 1.000000e+00
    outer loop
      vertex   3.288439e+01 -2.018598e+01 3.300000e+00
      vertex   3.310195e+01 -2.011171e+01 3.300000e+00
      vertex   3.130000e+01 -1.811427e+01 3.300000e+00
    endloop
  endfacet
endsolid
